holder_did,issuer_did,credential_category,credential_type,num_fields,approx_size_kb,issue_date,expiry_date,status,revocation_registry,zkp_used
did:example:b1230df02b0ae3ed,did:example:employer1,professional,EmployeeID,10,1.65,11/10/2024,01/10/2027,revoked,eth-registry:eb62afa7,True
did:example:57b21a42d6ea4aa6,did:example:employer1,professional,EmployeeID,13,1.88,07/09/2025,09/04/2027,active,eth-registry:72982063,False
did:example:65c89ce394efd654,did:example:university1,academic,StudentID,14,2.16,12/06/2024,17/12/2026,revoked,eth-registry:00460785,False
did:example:d3f823d19d481135,did:example:employer1,professional,EmployeeID,11,1.74,27/05/2025,20/06/2027,revoked,eth-registry:6a882720,False
did:example:2c5965981a23aecf,did:example:university1,academic,StudentID,15,2.04,03/11/2024,05/09/2027,active,eth-registry:ef9c4432,False
did:example:79b7b80c7204cd2f,did:example:employer1,professional,EmployeeID,10,1.7,07/05/2024,09/07/2026,revoked,eth-registry:5af87ebb,True
did:example:8236e79c8b174c36,did:example:gov_issuer,government,ProofOfAge,17,2.68,12/06/2024,20/01/2027,revoked,eth-registry:b826eef3,False
did:example:cd9f3134f16c4e11,did:example:university1,academic,StudentID,15,2.24,12/05/2025,06/09/2026,revoked,eth-registry:b1cc8930,True
did:example:ef76d4dff2c9cf8a,did:example:gov_issuer,government,ProofOfAge,16,2.52,01/08/2025,03/02/2027,revoked,eth-registry:79ce86f9,False
did:example:e09746ab44fc6ef5,did:example:university1,academic,StudentID,12,2.06,28/08/2024,15/07/2026,active,eth-registry:7ed046d9,True
did:example:f84d9ab71fa5d6c0,did:example:employer1,professional,EmployeeID,12,1.89,01/11/2025,22/08/2028,active,eth-registry:802ad2c4,True
did:example:48b7210353b7f4f1,did:example:university1,academic,StudentID,14,2.11,11/02/2024,21/05/2026,revoked,eth-registry:ba71c7d5,False
did:example:172bdd9741add9f4,did:example:university1,academic,StudentID,14,2.29,24/02/2025,28/07/2026,active,eth-registry:d9af16a4,False
did:example:0d3013ad74a1bb95,did:example:gov_issuer,government,ProofOfResidence,15,2.32,16/06/2024,25/03/2027,revoked,eth-registry:4a14483e,False
did:example:f42157934d560400,did:example:employer1,professional,EmployeeID,13,1.61,14/10/2025,09/01/2028,active,eth-registry:87e7ce8a,True
did:example:7f81c56ccb92e2df,did:example:employer1,professional,EmployeeID,11,1.83,06/07/2025,08/05/2027,active,eth-registry:064c2d0a,True
did:example:24bc17b7c10d0e85,did:example:employer1,professional,EmployeeID,12,1.68,12/02/2024,18/11/2025,revoked,eth-registry:b111e2e8,True
did:example:f567f2340ec2ed16,did:example:employer1,professional,EmployeeID,12,1.84,12/10/2024,07/03/2027,revoked,eth-registry:3185e064,False
did:example:b1d8adbe32e89341,did:example:gov_issuer,government,ProofOfResidence,17,2.61,29/06/2025,03/04/2028,active,eth-registry:67910b97,True
did:example:4e6eca9d08e6cbb4,did:example:university1,academic,StudentID,15,1.96,02/02/2025,03/02/2027,revoked,eth-registry:6c27ec1e,True
did:example:9344cea1802f7ee5,did:example:employer1,professional,EmployeeID,14,1.78,24/12/2024,01/09/2027,revoked,eth-registry:5b5d9038,True
did:example:14bc57650e170b59,did:example:university1,academic,StudentID,15,2.18,09/04/2024,07/09/2026,revoked,eth-registry:37574155,True
did:example:ef5d1308cf243f3a,did:example:university1,academic,StudentID,15,2.23,21/02/2025,16/04/2026,active,eth-registry:42369ed5,True
did:example:03fe9520895f3c34,did:example:employer1,professional,EmployeeID,14,1.8,08/03/2024,05/10/2026,revoked,eth-registry:e3d9ff1c,False
did:example:a71c145bf939567e,did:example:gov_issuer,government,ProofOfAge,15,2.38,21/08/2024,04/10/2026,active,eth-registry:0ea86fbf,False
did:example:b95133b61e5e394e,did:example:employer1,professional,EmployeeID,11,1.83,23/06/2024,15/07/2026,active,eth-registry:82465f17,True
did:example:8935620e2c6eed67,did:example:university1,academic,StudentID,14,2.08,25/04/2025,16/07/2027,active,eth-registry:61b4113e,True
did:example:c1d1a589c8e1b79b,did:example:university1,academic,StudentID,13,2.21,11/12/2024,24/01/2026,revoked,eth-registry:fa8afd3c,False
did:example:b78c04b0a806f1a5,did:example:university1,academic,StudentID,14,2.12,06/11/2024,31/08/2027,revoked,eth-registry:09ab9711,True
did:example:9fb3530bcac034c7,did:example:employer1,professional,EmployeeID,10,1.71,11/09/2025,11/06/2028,active,eth-registry:9bdc594a,False
did:example:6638531f4c314fe6,did:example:gov_issuer,government,ProofOfResidence,14,2.6,11/10/2024,10/10/2027,active,eth-registry:169dc779,True
did:example:4caad8d2501a3ca0,did:example:gov_issuer,government,ProofOfAge,17,2.51,12/07/2025,24/09/2027,active,eth-registry:2d7bc8ff,True
did:example:27c31c791edf627e,did:example:gov_issuer,government,ProofOfAge,18,2.37,11/10/2025,04/04/2027,revoked,eth-registry:885d4e17,True
did:example:b9f27c15b7d3d414,did:example:employer1,professional,EmployeeID,11,1.83,27/04/2024,10/07/2026,revoked,eth-registry:d3608e03,True
did:example:34f22c35f605b8e0,did:example:gov_issuer,government,ProofOfAge,15,2.68,28/06/2025,20/01/2027,revoked,eth-registry:ba856503,True
did:example:b27745b1775ed430,did:example:employer1,professional,EmployeeID,12,1.88,22/02/2024,28/02/2026,active,eth-registry:14cc6d65,True
did:example:65de6718f69bc067,did:example:employer1,professional,EmployeeID,12,1.72,13/04/2025,19/11/2027,active,eth-registry:1a0c4b5d,True
did:example:55359bc10c8a2be0,did:example:gov_issuer,government,ProofOfResidence,14,2.58,13/06/2024,18/10/2025,revoked,eth-registry:2c75c9b6,False
did:example:4395cbf52cf481e4,did:example:employer1,professional,EmployeeID,12,1.71,06/07/2024,03/06/2026,active,eth-registry:f4e915df,True
did:example:2889b53b6c1566a5,did:example:university1,academic,StudentID,15,2.12,15/09/2025,05/09/2027,active,eth-registry:56dc57f1,True
did:example:2206e0e6c61ddafc,did:example:employer1,professional,EmployeeID,13,1.81,16/05/2024,26/03/2027,active,eth-registry:56a6c23b,True
did:example:bf0a8e682ccccdff,did:example:university1,academic,StudentID,15,2.0,12/01/2025,08/02/2027,active,eth-registry:56cb787b,True
did:example:20f2cb82dd0d718f,did:example:employer1,professional,EmployeeID,13,1.74,24/07/2025,30/03/2027,revoked,eth-registry:80f3278a,True
did:example:db5b236878b3eef0,did:example:gov_issuer,government,ProofOfResidence,18,2.68,12/08/2025,19/05/2027,active,eth-registry:5d515eec,True
did:example:0c0ad2a0d4c219eb,did:example:university1,academic,StudentID,12,2.0,29/05/2024,05/01/2026,revoked,eth-registry:8bcdc0d1,False
did:example:3c9873a3ede8ca4c,did:example:employer1,professional,EmployeeID,10,1.92,27/09/2024,13/01/2026,revoked,eth-registry:89b62519,True
did:example:635f804619ef43bb,did:example:university1,academic,StudentID,12,2.17,14/02/2025,18/07/2027,revoked,eth-registry:427b7327,True
did:example:0359c74aecc039ab,did:example:gov_issuer,government,ProofOfAge,18,2.51,07/03/2025,15/09/2027,revoked,eth-registry:6ce3b693,False
did:example:13578cff3cb90597,did:example:employer1,professional,EmployeeID,13,1.66,29/04/2024,21/09/2025,active,eth-registry:ea00309f,True
did:example:3dcbd5a4773f373b,did:example:university1,academic,StudentID,12,1.98,10/03/2025,06/02/2027,revoked,eth-registry:905bf279,False
did:example:a4ca4ac05d403b10,did:example:university1,academic,StudentID,15,1.97,02/01/2024,05/07/2026,revoked,eth-registry:802f16ad,False
did:example:ca9d225ebcf6aeab,did:example:employer1,professional,EmployeeID,11,1.83,03/04/2025,28/08/2027,revoked,eth-registry:84dc80ed,True
did:example:781283b64b73beff,did:example:gov_issuer,government,ProofOfResidence,16,2.69,21/06/2025,18/08/2026,active,eth-registry:ac63b688,True
did:example:3f56db3aebeb5949,did:example:gov_issuer,government,ProofOfResidence,15,2.65,09/12/2024,12/01/2026,active,eth-registry:9d9b201c,False
did:example:b09e8ed76fd212e1,did:example:gov_issuer,government,ProofOfResidence,14,2.31,28/06/2024,19/08/2025,revoked,eth-registry:b022608e,False
did:example:eb29168b06423423,did:example:university1,academic,StudentID,13,2.01,23/06/2024,26/06/2026,revoked,eth-registry:603c6027,False
did:example:ca40a0546202dfcd,did:example:employer1,professional,EmployeeID,11,1.66,19/05/2025,17/03/2028,active,eth-registry:20d3d942,False
did:example:79470702f76b0083,did:example:employer1,professional,EmployeeID,12,1.99,09/11/2024,01/01/2026,active,eth-registry:2d3b5a05,True
did:example:76373a0305e548b5,did:example:employer1,professional,EmployeeID,10,1.69,10/11/2025,05/04/2028,active,eth-registry:75ee79c8,False
did:example:f075ccb78469b4df,did:example:university1,academic,StudentID,12,1.98,13/12/2025,01/06/2028,revoked,eth-registry:8f33ac66,True
did:example:9b575eb44fe17306,did:example:university1,academic,StudentID,14,2.15,13/11/2024,18/10/2027,revoked,eth-registry:13d12017,True
did:example:a82c2099642a3915,did:example:university1,academic,StudentID,13,2.12,17/07/2024,14/09/2026,revoked,eth-registry:540b5b4a,False
did:example:3d8e56f044a9862a,did:example:employer1,professional,EmployeeID,13,1.69,16/08/2025,14/07/2028,active,eth-registry:57c2b92e,False
did:example:22856a381966c7af,did:example:gov_issuer,government,ProofOfResidence,17,2.57,13/06/2025,08/05/2027,active,eth-registry:ca2fce57,True
did:example:59cb6134cf12c102,did:example:university1,academic,StudentID,15,1.94,30/04/2024,09/11/2025,active,eth-registry:d0e45c6a,True
did:example:105a58e6a96cbdca,did:example:employer1,professional,EmployeeID,14,1.61,21/11/2025,01/11/2028,active,eth-registry:42b7883c,True
did:example:1a50ebefdb08d965,did:example:gov_issuer,government,ProofOfAge,15,2.33,26/05/2024,11/06/2026,revoked,eth-registry:bb365c1e,False
did:example:be5ae79987284a62,did:example:employer1,professional,EmployeeID,13,1.75,17/02/2025,13/10/2026,revoked,eth-registry:c0afd784,False
did:example:da1f9d36b6f96cf4,did:example:university1,academic,StudentID,14,2.29,16/05/2024,29/08/2026,active,eth-registry:a87712e1,False
did:example:a6a54e242a7b41b6,did:example:gov_issuer,government,ProofOfAge,16,2.52,23/12/2024,28/10/2026,active,eth-registry:99eabec6,False
did:example:b564c084bf2d490d,did:example:employer1,professional,EmployeeID,13,1.9,01/04/2025,29/09/2027,active,eth-registry:5ec68f48,False
did:example:c71a8c8b16a07937,did:example:employer1,professional,EmployeeID,10,1.73,29/03/2024,19/09/2026,active,eth-registry:66b21e37,True
did:example:95fce6d66470cf56,did:example:employer1,professional,EmployeeID,11,1.89,08/07/2024,21/07/2025,active,eth-registry:e8e243b6,True
did:example:a1caec321605e482,did:example:gov_issuer,government,ProofOfAge,18,2.69,04/07/2025,22/07/2027,revoked,eth-registry:f096da2e,True
did:example:a906daf9bd3fe8e3,did:example:university1,academic,StudentID,15,2.04,29/11/2025,14/08/2028,active,eth-registry:5b242229,True
did:example:582f3ebef8d0ada2,did:example:employer1,professional,EmployeeID,10,2.0,28/10/2025,21/02/2028,revoked,eth-registry:42fb1d4b,True
did:example:0e0f68d0f2f441dc,did:example:university1,academic,StudentID,13,2.16,03/07/2025,11/12/2027,active,eth-registry:aafaafab,False
did:example:9c0affb0ebcb1351,did:example:university1,academic,StudentID,13,2.2,17/12/2025,29/11/2028,active,eth-registry:1be2b806,True
did:example:4558bcfc0cd7ce50,did:example:university1,academic,StudentID,12,2.0,30/04/2024,06/01/2026,active,eth-registry:5eb3a0c0,True
did:example:7cb31e5bca65ed18,did:example:university1,academic,StudentID,12,2.16,27/05/2024,17/10/2026,revoked,eth-registry:4ffb7b9d,False
did:example:4bd74de95477c03f,did:example:gov_issuer,government,ProofOfAge,16,2.5,23/10/2024,13/11/2025,revoked,eth-registry:a0923d5e,False
did:example:1af3c853d307b3ae,did:example:university1,academic,StudentID,14,2.28,03/11/2025,21/02/2027,revoked,eth-registry:a0b1b0b9,True
did:example:980590ad4a829f9f,did:example:university1,academic,StudentID,14,2.26,06/08/2025,29/12/2027,revoked,eth-registry:041015e1,True
did:example:4a1408dee2c14b68,did:example:university1,academic,StudentID,13,2.06,27/09/2024,27/02/2026,active,eth-registry:4e62a1a9,False
did:example:362c9473c6bd9fbe,did:example:university1,academic,StudentID,15,2.28,12/01/2024,09/08/2026,revoked,eth-registry:9eea0e0a,True
did:example:f834831a67f34efa,did:example:university1,academic,StudentID,14,2.25,28/03/2025,23/12/2027,active,eth-registry:6da90917,True
did:example:87813ee28d01c72f,did:example:gov_issuer,government,ProofOfAge,18,2.54,13/08/2024,28/05/2027,revoked,eth-registry:afa5393e,False
did:example:9ea1a8dd1fd567d9,did:example:university1,academic,StudentID,13,1.93,12/06/2024,17/07/2025,active,eth-registry:65dad595,True
did:example:db9d409992aec3b7,did:example:university1,academic,StudentID,12,1.96,05/06/2024,28/01/2026,active,eth-registry:d4fcca30,False
did:example:57c88a64c20584e0,did:example:employer1,professional,EmployeeID,12,1.63,30/06/2024,07/07/2026,revoked,eth-registry:66a9e0ba,True
did:example:6d90e47f7e2311ac,did:example:gov_issuer,government,ProofOfAge,16,2.34,21/08/2024,01/09/2025,active,eth-registry:ac998252,False
did:example:9eab8c76ae121f33,did:example:employer1,professional,EmployeeID,12,1.99,28/03/2025,19/01/2028,revoked,eth-registry:7478d5d3,False
did:example:777f51c41be53b99,did:example:gov_issuer,government,ProofOfResidence,18,2.38,29/04/2024,04/04/2027,revoked,eth-registry:3fe68f33,True
did:example:e78c5b0867e17279,did:example:employer1,professional,EmployeeID,10,1.88,20/12/2024,10/07/2027,active,eth-registry:d3c2e9d8,True
did:example:008c030eb0e4d2d2,did:example:employer1,professional,EmployeeID,12,1.85,04/11/2025,26/05/2027,revoked,eth-registry:935034c7,True
did:example:b03cf5982c99dbfc,did:example:university1,academic,StudentID,13,2.15,05/12/2025,27/02/2027,revoked,eth-registry:c448f1ed,False
did:example:31cce3e7821bceab,did:example:employer1,professional,EmployeeID,11,1.68,29/08/2025,24/04/2028,active,eth-registry:d008e81a,True
did:example:9b38c1f6194369e1,did:example:university1,academic,StudentID,14,2.13,12/07/2024,04/01/2027,revoked,eth-registry:41a2e7a7,False
did:example:3625f4e7ecaf7507,did:example:university1,academic,StudentID,15,2.15,16/04/2024,08/03/2027,active,eth-registry:0bbd56ff,False
did:example:d164a69da3dca2ac,did:example:university1,academic,StudentID,14,2.13,03/10/2025,09/07/2027,revoked,eth-registry:b74813b8,True
did:example:0cd1935ec1b3eaeb,did:example:university1,academic,StudentID,12,1.97,22/10/2024,22/02/2026,revoked,eth-registry:105b9c5b,True
did:example:b52a3996fcdfe70a,did:example:employer1,professional,EmployeeID,10,1.89,02/12/2024,21/09/2027,active,eth-registry:6c327dc3,True
did:example:5128ad9da6954617,did:example:university1,academic,StudentID,13,1.93,07/11/2024,24/01/2026,active,eth-registry:2dfd40ad,True
did:example:f10381be40492b35,did:example:gov_issuer,government,ProofOfAge,17,2.54,08/04/2024,31/05/2026,revoked,eth-registry:f38db8ce,False
did:example:cc3b01d3df7e8d65,did:example:gov_issuer,government,ProofOfAge,15,2.47,11/06/2025,21/05/2027,revoked,eth-registry:9d96c900,True
did:example:3567ccb9c110bd76,did:example:employer1,professional,EmployeeID,11,1.7,23/06/2024,29/07/2026,active,eth-registry:4f55c305,False
did:example:1a62661923da7258,did:example:employer1,professional,EmployeeID,14,1.92,19/06/2024,09/04/2026,revoked,eth-registry:917e6a3f,True
did:example:0b7ea3a8042ff1c0,did:example:gov_issuer,government,ProofOfAge,14,2.37,06/07/2025,12/07/2026,revoked,eth-registry:173283d9,True
did:example:a8fc3eb4762d8f87,did:example:gov_issuer,government,ProofOfAge,14,2.67,05/06/2025,02/09/2027,revoked,eth-registry:a9d3f7bf,True
did:example:d073b0b3f10b1c31,did:example:gov_issuer,government,ProofOfResidence,14,2.65,27/08/2025,25/02/2027,active,eth-registry:27807884,False
did:example:3abc0e10251909aa,did:example:employer1,professional,EmployeeID,14,1.74,31/05/2025,24/08/2026,revoked,eth-registry:68ba4c8d,False
did:example:b442bcded712a38a,did:example:gov_issuer,government,ProofOfResidence,16,2.42,29/01/2024,25/11/2025,revoked,eth-registry:4625aafd,True
did:example:4651c8700ba44ffa,did:example:employer1,professional,EmployeeID,10,1.65,31/10/2024,31/05/2026,revoked,eth-registry:a029eb88,False
did:example:906dcb9705f4d94e,did:example:university1,academic,StudentID,13,2.27,26/10/2024,08/04/2027,active,eth-registry:cc1963f7,True
did:example:0879dc1933fdfab7,did:example:gov_issuer,government,ProofOfAge,18,2.55,23/08/2024,14/05/2026,active,eth-registry:0ad25cec,True
did:example:0d5b16269115718b,did:example:gov_issuer,government,ProofOfResidence,17,2.31,27/12/2024,11/01/2027,active,eth-registry:8792c745,True
did:example:edf69e7c341c03e0,did:example:gov_issuer,government,ProofOfResidence,15,2.5,29/12/2024,18/12/2026,revoked,eth-registry:986760ec,True
did:example:d9a1d4a4061cc5d3,did:example:gov_issuer,government,ProofOfResidence,15,2.33,25/03/2025,08/12/2027,revoked,eth-registry:f375f5e6,False
did:example:516be0b9cc8a7721,did:example:university1,academic,StudentID,12,2.13,02/12/2025,15/02/2027,revoked,eth-registry:eb99ff73,True
did:example:fa3af3f9fbbd411f,did:example:university1,academic,StudentID,15,2.1,20/04/2025,15/05/2026,active,eth-registry:95f3c0c6,False
did:example:8c0ae6cabcdf0adb,did:example:employer1,professional,EmployeeID,10,1.63,12/11/2025,06/08/2028,revoked,eth-registry:b6cbf2a1,False
did:example:31d6440684981ab0,did:example:employer1,professional,EmployeeID,11,1.93,30/08/2025,23/04/2027,revoked,eth-registry:07afff93,True
did:example:32d5010852ce5c11,did:example:university1,academic,StudentID,13,2.0,20/06/2025,26/11/2027,revoked,eth-registry:636bf0c4,False
did:example:b4faadec6046315e,did:example:employer1,professional,EmployeeID,13,1.82,18/07/2024,27/09/2026,active,eth-registry:5cb715eb,False
did:example:4688706ba6df448b,did:example:university1,academic,StudentID,14,2.16,26/02/2025,07/09/2027,active,eth-registry:8959dd58,True
did:example:b0bf45806707098c,did:example:university1,academic,StudentID,15,2.28,22/03/2024,16/07/2026,revoked,eth-registry:6010eba1,True
did:example:d9053ffe9635273d,did:example:gov_issuer,government,ProofOfAge,15,2.5,06/11/2025,03/05/2027,active,eth-registry:09d2e069,True
did:example:77b311b26e55616f,did:example:gov_issuer,government,ProofOfResidence,15,2.67,16/05/2024,18/05/2026,active,eth-registry:1dc09005,True
did:example:ec6cea8b158da6ab,did:example:employer1,professional,EmployeeID,11,1.74,23/06/2024,01/02/2026,active,eth-registry:a14dea78,False
did:example:b7bede4e42478bae,did:example:gov_issuer,government,ProofOfResidence,14,2.64,15/11/2025,02/09/2027,revoked,eth-registry:655bca4d,True
did:example:dbb16aa9d8ba43de,did:example:gov_issuer,government,ProofOfResidence,17,2.39,30/03/2024,02/05/2026,active,eth-registry:b6b8947f,True
did:example:4b4e455dd5e33b3c,did:example:gov_issuer,government,ProofOfAge,16,2.58,03/02/2025,27/03/2026,active,eth-registry:e83a0042,True
did:example:7ecab7af0fc933e6,did:example:gov_issuer,government,ProofOfResidence,16,2.34,24/02/2025,18/03/2026,revoked,eth-registry:e5c26a4a,True
did:example:396f7d3c192e09ab,did:example:employer1,professional,EmployeeID,14,1.99,09/06/2024,30/10/2026,revoked,eth-registry:4b214b5d,False
did:example:2078b1ae4622e6e2,did:example:employer1,professional,EmployeeID,10,1.98,11/10/2024,14/12/2025,active,eth-registry:bbc7c0bf,False
did:example:8e1b8cbfd117d7b8,did:example:university1,academic,StudentID,15,2.08,28/07/2025,18/05/2028,revoked,eth-registry:f58ae70f,False
did:example:ab04090ac1b95f0e,did:example:gov_issuer,government,ProofOfAge,17,2.51,04/06/2025,16/09/2027,active,eth-registry:23d6c08b,True
did:example:aa7407c0abfd6913,did:example:university1,academic,StudentID,12,2.14,05/03/2025,17/10/2027,active,eth-registry:0e4a05f0,False
did:example:f903f0a6b0303d32,did:example:employer1,professional,EmployeeID,13,1.71,01/02/2025,11/01/2027,revoked,eth-registry:1aaae202,False
did:example:5eea9de1d6204b05,did:example:employer1,professional,EmployeeID,13,1.87,25/09/2024,19/02/2027,active,eth-registry:c09d6fb7,False
did:example:f958deaa244565eb,did:example:employer1,professional,EmployeeID,11,1.88,31/03/2025,13/08/2026,active,eth-registry:97e4834d,False
did:example:4bb8a6f2010a7c29,did:example:gov_issuer,government,ProofOfAge,15,2.51,14/01/2024,21/04/2026,revoked,eth-registry:98e4d48d,False
did:example:d61184877dc9a8a2,did:example:employer1,professional,EmployeeID,14,1.66,21/02/2024,05/10/2025,active,eth-registry:ad9194ad,False
did:example:6919e9465551a8f6,did:example:employer1,professional,EmployeeID,10,1.97,26/07/2025,10/02/2028,active,eth-registry:bd4825cf,True
did:example:551459d4ae1e147a,did:example:employer1,professional,EmployeeID,10,1.65,07/05/2024,30/01/2026,revoked,eth-registry:8cb21b12,True
did:example:2eb93e3521f38d64,did:example:university1,academic,StudentID,14,2.15,08/06/2025,27/12/2027,active,eth-registry:c6543f2e,False
did:example:38aa07a0659c3f2b,did:example:employer1,professional,EmployeeID,14,1.64,12/01/2024,26/10/2026,revoked,eth-registry:34d5ea4d,True
did:example:80dee9e4b824492f,did:example:university1,academic,StudentID,14,1.96,10/07/2024,15/07/2025,active,eth-registry:634fe429,False
did:example:9dd6fe11c0a08c9f,did:example:university1,academic,StudentID,12,1.91,16/11/2025,31/12/2026,active,eth-registry:e340286e,False
did:example:2113560e72c44219,did:example:gov_issuer,government,ProofOfResidence,16,2.45,13/07/2024,31/03/2026,revoked,eth-registry:bb19aa39,False
did:example:a079bae35618984d,did:example:university1,academic,StudentID,13,2.16,19/12/2025,22/01/2028,active,eth-registry:52fafc84,True
did:example:6c4077e7695475bf,did:example:gov_issuer,government,ProofOfResidence,18,2.51,17/07/2024,12/04/2027,active,eth-registry:b0681970,False
did:example:7bdf04ec0c5b6ceb,did:example:gov_issuer,government,ProofOfAge,17,2.57,09/04/2025,24/02/2027,revoked,eth-registry:bb2df5fd,True
did:example:746a00b329239914,did:example:employer1,professional,EmployeeID,11,1.87,05/05/2025,16/01/2028,active,eth-registry:e0a5072c,False
did:example:720ddaded86ff76f,did:example:employer1,professional,EmployeeID,13,1.66,08/04/2025,23/09/2027,active,eth-registry:ea503343,True
did:example:8df7eb272454dc2b,did:example:employer1,professional,EmployeeID,13,1.62,03/08/2024,03/01/2027,active,eth-registry:20fc98d8,False
did:example:684ce9b4dc9cc66e,did:example:employer1,professional,EmployeeID,13,1.85,08/07/2025,03/05/2028,revoked,eth-registry:32d87c2f,False
did:example:c3970503414a4921,did:example:gov_issuer,government,ProofOfResidence,15,2.56,14/08/2024,27/03/2026,active,eth-registry:64ea60fa,False
did:example:3c816c801868bdc8,did:example:university1,academic,StudentID,14,2.12,18/08/2025,20/12/2027,active,eth-registry:9026f0dc,True
did:example:851505a9e4de293d,did:example:employer1,professional,EmployeeID,10,1.7,02/10/2024,08/05/2027,active,eth-registry:fa072072,False
did:example:6b0d9fe40aff2b36,did:example:gov_issuer,government,ProofOfResidence,16,2.62,03/09/2025,10/08/2028,revoked,eth-registry:9c989812,True
did:example:eaaf2e23e6b97d8d,did:example:university1,academic,StudentID,13,1.93,17/12/2025,04/06/2027,revoked,eth-registry:bf1b9ce7,True
did:example:996db8dd241883a0,did:example:gov_issuer,government,ProofOfResidence,16,2.55,05/07/2025,31/01/2028,revoked,eth-registry:06bd64ec,True
did:example:8157dd38ecfe860c,did:example:gov_issuer,government,ProofOfAge,18,2.35,02/12/2024,14/05/2026,active,eth-registry:753e0809,False
did:example:95005ed3cbd3caa7,did:example:gov_issuer,government,ProofOfAge,18,2.56,05/11/2024,09/10/2027,active,eth-registry:d550c703,False
did:example:95f540ab663a671a,did:example:employer1,professional,EmployeeID,12,1.77,02/10/2024,28/10/2026,active,eth-registry:89415036,False
did:example:730f501e4205b5d2,did:example:university1,academic,StudentID,14,2.19,13/09/2024,14/06/2027,active,eth-registry:8477dfd8,True
did:example:35b2d5918376d842,did:example:gov_issuer,government,ProofOfResidence,14,2.32,09/12/2024,30/01/2027,active,eth-registry:cdaaabb1,True
did:example:adcd1be2351b2679,did:example:employer1,professional,EmployeeID,12,1.82,21/12/2024,14/02/2026,active,eth-registry:a636fd30,True
did:example:2174068e521fdf14,did:example:university1,academic,StudentID,14,1.96,09/06/2025,20/02/2027,active,eth-registry:1e21bd22,True
did:example:25f5f64b64c7ae78,did:example:employer1,professional,EmployeeID,13,1.87,12/10/2025,31/12/2027,active,eth-registry:94f2d5a0,False
did:example:24f353bb51623397,did:example:employer1,professional,EmployeeID,14,1.65,07/10/2025,22/12/2027,active,eth-registry:f99d37c1,True
did:example:4086fe6e9ad383c3,did:example:employer1,professional,EmployeeID,12,1.63,17/03/2025,23/04/2027,active,eth-registry:5125f71d,False
did:example:f243160e3322ceeb,did:example:university1,academic,StudentID,15,2.19,25/12/2025,26/05/2028,active,eth-registry:2125ea71,True
did:example:2ad22119998b77db,did:example:university1,academic,StudentID,15,1.93,15/10/2025,10/12/2027,revoked,eth-registry:cc7993d8,True
did:example:4454ed7b53e726d7,did:example:university1,academic,StudentID,14,1.99,21/12/2024,01/05/2026,active,eth-registry:d3e89f49,True
did:example:a9a9698323ac1b06,did:example:university1,academic,StudentID,12,2.23,28/10/2024,24/12/2025,active,eth-registry:d442ba49,True
did:example:3eab0566a878f6d0,did:example:gov_issuer,government,ProofOfResidence,15,2.62,02/12/2024,30/06/2026,active,eth-registry:a7d70ea8,False
did:example:17d35010bc1122b0,did:example:university1,academic,StudentID,15,2.24,18/01/2024,27/04/2025,active,eth-registry:6ec4343e,False
did:example:34944ad34983acdc,did:example:gov_issuer,government,ProofOfResidence,16,2.43,29/08/2024,22/01/2027,revoked,eth-registry:25d0f300,False
did:example:aaa58abb9ca840cc,did:example:university1,academic,StudentID,15,2.11,06/10/2024,20/09/2027,active,eth-registry:56c2c173,True
did:example:c253347d76da0a9e,did:example:employer1,professional,EmployeeID,14,1.91,23/07/2025,30/05/2028,revoked,eth-registry:a739305b,True
did:example:cbd05bbbc92600f7,did:example:university1,academic,StudentID,12,1.95,10/07/2024,28/08/2026,active,eth-registry:77081115,True
did:example:e1812d5624857cfb,did:example:gov_issuer,government,ProofOfResidence,18,2.59,24/04/2025,30/01/2028,revoked,eth-registry:bb42c34c,False
did:example:49a99aea6eea56a1,did:example:gov_issuer,government,ProofOfResidence,15,2.34,23/08/2024,16/12/2026,active,eth-registry:4ae91ab8,False
did:example:6eb8ce428d5e660d,did:example:gov_issuer,government,ProofOfResidence,18,2.67,22/09/2024,25/12/2025,revoked,eth-registry:352fd4eb,False
did:example:b3344836f6d43a76,did:example:university1,academic,StudentID,14,2.15,20/02/2024,23/04/2026,revoked,eth-registry:7ec01482,True
did:example:6437c78a4b9d6be0,did:example:employer1,professional,EmployeeID,12,1.8,14/01/2025,06/03/2027,revoked,eth-registry:7316fe7e,False
did:example:0e07f009c6cf9233,did:example:employer1,professional,EmployeeID,10,1.79,12/03/2024,18/04/2026,active,eth-registry:1bdae262,False
did:example:3eaf39ad44ab477f,did:example:university1,academic,StudentID,12,1.97,30/05/2024,04/01/2027,active,eth-registry:421d8ee9,True
did:example:9deeb65198472810,did:example:university1,academic,StudentID,14,2.04,01/01/2025,22/12/2027,revoked,eth-registry:1a371652,True
did:example:46d030d09dc9ada6,did:example:employer1,professional,EmployeeID,12,1.89,22/05/2025,11/11/2026,active,eth-registry:28191cb1,True
did:example:76b21d1f5a7dfd8c,did:example:university1,academic,StudentID,14,2.12,22/10/2024,03/11/2025,revoked,eth-registry:59f66f88,True
did:example:d31511cd60d6be07,did:example:university1,academic,StudentID,12,2.11,03/07/2024,16/10/2026,active,eth-registry:48ba208c,True
did:example:9f02548e1770d3a1,did:example:university1,academic,StudentID,14,1.98,17/10/2025,05/01/2027,revoked,eth-registry:e8138cc1,False
did:example:4c4a679f48901ef4,did:example:employer1,professional,EmployeeID,10,1.88,12/09/2024,21/07/2026,revoked,eth-registry:851c1512,True
did:example:87d04de65c492744,did:example:university1,academic,StudentID,12,2.06,22/08/2024,04/07/2027,revoked,eth-registry:29343cb8,False
did:example:059d5382ad62fcbd,did:example:gov_issuer,government,ProofOfAge,16,2.37,19/02/2024,17/06/2026,active,eth-registry:8957561b,True
did:example:527e44ba6c676e68,did:example:employer1,professional,EmployeeID,13,1.98,14/09/2024,31/07/2027,revoked,eth-registry:15f63669,True
did:example:ae1a4f018068d909,did:example:university1,academic,StudentID,14,2.1,09/06/2024,02/07/2025,active,eth-registry:4139401b,False
did:example:125f153e7f9d0a1c,did:example:employer1,professional,EmployeeID,14,1.81,15/09/2024,13/02/2027,active,eth-registry:d349f43b,True
did:example:7f1ef2f58704d00c,did:example:university1,academic,StudentID,15,2.29,22/05/2024,05/01/2026,revoked,eth-registry:65a478e9,True
did:example:cd826e4116b7d272,did:example:gov_issuer,government,ProofOfResidence,15,2.45,23/05/2024,16/07/2025,active,eth-registry:dbb4c6a4,False
did:example:d72e02acd0cc0548,did:example:employer1,professional,EmployeeID,13,1.98,21/06/2025,31/01/2027,active,eth-registry:4891ed53,True
did:example:d2dc4cee9b12095e,did:example:employer1,professional,EmployeeID,10,1.88,12/12/2024,25/10/2027,active,eth-registry:0cc1a99b,True
did:example:41e865500ecbed6f,did:example:employer1,professional,EmployeeID,14,1.85,22/05/2025,24/03/2027,active,eth-registry:fa836fe1,True
did:example:ab0df8f45f878d19,did:example:university1,academic,StudentID,13,1.99,25/02/2025,27/12/2027,revoked,eth-registry:462d6fb2,False
did:example:a1fa6ed2f44c096c,did:example:gov_issuer,government,ProofOfAge,17,2.32,28/01/2025,21/04/2026,active,eth-registry:4ce2c49f,False
did:example:03a8cb59202a8980,did:example:employer1,professional,EmployeeID,14,1.78,06/12/2024,30/03/2027,active,eth-registry:e1e9bc66,True
did:example:a15a5e45ea6c2d80,did:example:university1,academic,StudentID,14,1.9,09/10/2024,24/08/2026,active,eth-registry:e3ffeaa2,False
did:example:32f8318bdab005b7,did:example:gov_issuer,government,ProofOfResidence,18,2.33,10/07/2024,13/02/2026,revoked,eth-registry:94333848,False
did:example:c90ab8827ca4c4f3,did:example:university1,academic,StudentID,12,2.14,12/10/2025,11/11/2027,revoked,eth-registry:f634032c,False
did:example:fdac50da38cc0772,did:example:employer1,professional,EmployeeID,10,1.89,26/10/2024,17/01/2027,active,eth-registry:ce2f0f05,True
did:example:25db3b51314eba5a,did:example:gov_issuer,government,ProofOfAge,17,2.37,08/10/2025,27/10/2026,active,eth-registry:b4ab60c8,False
did:example:f5128abcf8ba677d,did:example:gov_issuer,government,ProofOfResidence,16,2.59,15/07/2025,04/11/2027,active,eth-registry:53601929,True
did:example:6f6416dc870c0d7f,did:example:university1,academic,StudentID,12,2.28,16/03/2025,21/10/2026,active,eth-registry:cbd19ab1,True
did:example:f03f1461486f16ef,did:example:employer1,professional,EmployeeID,13,1.9,08/09/2025,17/04/2028,active,eth-registry:ce8f4d6f,False
did:example:b3e3078f964e6a32,did:example:gov_issuer,government,ProofOfAge,14,2.61,25/04/2025,01/09/2026,active,eth-registry:58116c6b,True
did:example:bb60a7faf02e057d,did:example:employer1,professional,EmployeeID,14,1.88,19/08/2025,15/03/2027,active,eth-registry:9ab831d5,True
did:example:d07f722ae85abdfc,did:example:employer1,professional,EmployeeID,10,1.69,05/08/2025,15/07/2028,active,eth-registry:8fd0d15c,False
did:example:83febcf5230cbd7f,did:example:gov_issuer,government,ProofOfAge,16,2.44,17/04/2025,14/10/2026,active,eth-registry:8a34e247,True
did:example:23c0ce8ddf6ddfaa,did:example:employer1,professional,EmployeeID,14,1.98,12/06/2025,15/09/2026,active,eth-registry:a6eb470b,False
did:example:575f082ddaff88da,did:example:university1,academic,StudentID,14,2.16,20/08/2025,26/09/2027,revoked,eth-registry:7d95c3db,False
did:example:45ddce4aac64e1ac,did:example:employer1,professional,EmployeeID,13,1.92,13/06/2024,14/09/2026,active,eth-registry:45e13f09,True
did:example:0b02eb9800d0f1bd,did:example:employer1,professional,EmployeeID,13,1.99,02/10/2025,20/11/2027,active,eth-registry:abdb386b,False
did:example:973f8dae683f09a7,did:example:employer1,professional,EmployeeID,14,1.69,02/01/2025,22/10/2026,revoked,eth-registry:d2b68131,False
did:example:75d0409520bfbb07,did:example:university1,academic,StudentID,13,2.03,30/03/2024,16/06/2025,revoked,eth-registry:744a66ae,False
did:example:17f8633ab4fb1d93,did:example:employer1,professional,EmployeeID,14,1.86,21/04/2024,17/11/2025,active,eth-registry:21fa8259,True
did:example:29bcfbef5ace7113,did:example:employer1,professional,EmployeeID,12,1.61,02/07/2025,12/08/2026,revoked,eth-registry:fdcef8e9,False
did:example:c83c6f580bbeb847,did:example:gov_issuer,government,ProofOfAge,18,2.53,14/08/2025,29/04/2028,active,eth-registry:03ea4a1f,False
did:example:e245ea40127316f2,did:example:gov_issuer,government,ProofOfAge,17,2.62,23/04/2025,29/10/2026,active,eth-registry:0ade3341,False
did:example:865d73cca726dd48,did:example:university1,academic,StudentID,12,2.14,22/04/2025,20/08/2027,active,eth-registry:94290849,False
did:example:088603f9e033afb7,did:example:university1,academic,StudentID,14,2.02,24/09/2025,02/04/2027,active,eth-registry:91e6417e,True
did:example:8d17fb0c590d8580,did:example:gov_issuer,government,ProofOfResidence,18,2.59,16/12/2025,13/03/2028,revoked,eth-registry:b9fd6722,False
did:example:adc0025b2cd37992,did:example:university1,academic,StudentID,12,1.96,31/08/2025,05/11/2026,active,eth-registry:b7bea61e,True
did:example:e2e132dea1727375,did:example:university1,academic,StudentID,15,2.26,09/04/2024,16/06/2025,revoked,eth-registry:2a86df30,False
did:example:b2825ddc593400c4,did:example:employer1,professional,EmployeeID,10,1.64,09/08/2025,28/03/2027,revoked,eth-registry:f619369e,True
did:example:668aaab7a1f55f20,did:example:university1,academic,StudentID,15,2.25,07/01/2025,15/07/2026,active,eth-registry:b5c4d7b8,True
did:example:9faf0672bd6e5043,did:example:university1,academic,StudentID,15,2.1,06/08/2025,29/03/2027,active,eth-registry:0ee171a7,False
did:example:68ebe1dceb55b4f7,did:example:employer1,professional,EmployeeID,10,1.77,13/06/2025,01/01/2027,active,eth-registry:aabe1b9e,True
did:example:f67023dcecca4875,did:example:gov_issuer,government,ProofOfAge,17,2.5,10/05/2025,29/09/2027,active,eth-registry:6c7d2aa4,False
did:example:342a5968ee7d7041,did:example:university1,academic,StudentID,12,1.98,26/09/2025,09/08/2027,revoked,eth-registry:90c4a9da,True
did:example:d8f1cba44615bac0,did:example:employer1,professional,EmployeeID,12,1.78,20/04/2024,10/08/2025,revoked,eth-registry:10fcecae,False
did:example:f67c5fdd8c975d37,did:example:university1,academic,StudentID,15,2.24,15/09/2025,19/07/2028,revoked,eth-registry:c792cefb,False
did:example:056cf7411c88cb42,did:example:gov_issuer,government,ProofOfResidence,15,2.62,10/09/2024,18/12/2026,active,eth-registry:7a3f915d,True
did:example:256821f6aaff3051,did:example:employer1,professional,EmployeeID,10,1.67,27/05/2024,18/03/2026,revoked,eth-registry:8662ad0a,False
did:example:95fdafd6d94953e9,did:example:gov_issuer,government,ProofOfResidence,16,2.57,10/06/2025,17/06/2027,active,eth-registry:ebaea590,True
did:example:bb8b4daf9edb5b2b,did:example:university1,academic,StudentID,13,2.24,19/12/2025,15/08/2027,active,eth-registry:568ae37a,False
did:example:77010305fe861103,did:example:university1,academic,StudentID,12,2.23,05/03/2024,17/12/2025,active,eth-registry:d351a2e1,False
did:example:b8af491ba7a08f57,did:example:university1,academic,StudentID,13,2.07,18/12/2025,07/02/2027,active,eth-registry:e2eeccf4,False
did:example:ac52e7cfe206d70d,did:example:employer1,professional,EmployeeID,11,1.62,07/09/2024,07/05/2027,revoked,eth-registry:eaffc083,False
did:example:c1113655c197eb64,did:example:gov_issuer,government,ProofOfResidence,14,2.67,09/12/2025,16/09/2027,revoked,eth-registry:e76eebcb,False
did:example:f4ba3d851bc2cfbc,did:example:employer1,professional,EmployeeID,11,1.76,06/02/2024,28/06/2026,revoked,eth-registry:51b98205,False
did:example:6a10c15949157fcf,did:example:gov_issuer,government,ProofOfAge,14,2.44,24/03/2025,01/05/2026,revoked,eth-registry:c7988d03,False
did:example:161a90aa700b0ae7,did:example:gov_issuer,government,ProofOfAge,18,2.6,25/01/2025,02/04/2026,revoked,eth-registry:93c4b60b,False
did:example:df5602e436feff77,did:example:university1,academic,StudentID,15,2.01,31/08/2025,24/05/2027,active,eth-registry:afc57682,False
did:example:fb114091fc46eb70,did:example:employer1,professional,EmployeeID,11,1.93,10/12/2024,06/01/2026,revoked,eth-registry:09744437,True
did:example:81d3f92c04ae8cfd,did:example:university1,academic,StudentID,15,1.93,25/02/2024,01/02/2027,revoked,eth-registry:a516f9b4,True
did:example:75e647984dce68e5,did:example:gov_issuer,government,ProofOfAge,16,2.6,14/05/2024,11/06/2025,revoked,eth-registry:8d7decc2,False
did:example:cbf0191f777fec35,did:example:university1,academic,StudentID,15,2.29,05/07/2024,15/08/2026,revoked,eth-registry:7e9485f8,False
did:example:32241e5acb04820e,did:example:university1,academic,StudentID,12,2.3,28/09/2025,11/06/2027,revoked,eth-registry:e65401d2,True
did:example:ffb99c5345df6d03,did:example:university1,academic,StudentID,13,2.27,08/03/2024,07/08/2025,active,eth-registry:2f3a773d,True
did:example:90ce5261688d4a8b,did:example:university1,academic,StudentID,14,2.25,05/09/2025,16/12/2026,active,eth-registry:2abcba88,False
did:example:748ca9b1ad22c611,did:example:gov_issuer,government,ProofOfAge,15,2.41,04/01/2025,10/08/2026,active,eth-registry:20e6e43b,True
did:example:bec8dfd424cc7a18,did:example:employer1,professional,EmployeeID,14,1.99,17/02/2025,26/03/2026,active,eth-registry:141e55d1,False
did:example:84328b4f2f105470,did:example:university1,academic,StudentID,13,2.27,06/12/2025,27/01/2028,active,eth-registry:e6626349,True
did:example:3d30b23663dd1c0f,did:example:gov_issuer,government,ProofOfAge,16,2.51,14/07/2025,01/01/2027,active,eth-registry:1d4d9bff,True
did:example:55d0a167931a3639,did:example:university1,academic,StudentID,13,2.06,19/04/2025,03/05/2026,active,eth-registry:eb119db1,False
did:example:0fbaf6c665b987e8,did:example:university1,academic,StudentID,15,1.94,25/08/2025,17/11/2026,active,eth-registry:df420ec3,True
did:example:972e4a023c34ee92,did:example:employer1,professional,EmployeeID,10,1.84,03/12/2024,21/09/2027,active,eth-registry:f427da7f,False
did:example:98cb836e23b70f80,did:example:university1,academic,StudentID,15,2.18,11/11/2025,05/05/2027,revoked,eth-registry:85a843bc,False
did:example:b25e185409f64662,did:example:university1,academic,StudentID,15,2.06,02/08/2025,28/09/2027,active,eth-registry:87c6e467,False
did:example:d1d9ade6790cc413,did:example:university1,academic,StudentID,15,2.06,15/12/2025,10/10/2027,revoked,eth-registry:de29c894,False
did:example:7c537ed2cedf606e,did:example:gov_issuer,government,ProofOfResidence,18,2.53,06/02/2025,31/01/2027,revoked,eth-registry:f1fd294f,True
did:example:d0e026a83b125ab6,did:example:university1,academic,StudentID,15,1.91,14/04/2025,29/12/2027,active,eth-registry:cc2a70f3,True
did:example:a179493c7720314c,did:example:gov_issuer,government,ProofOfAge,16,2.68,30/11/2024,07/05/2027,active,eth-registry:f4a095c4,False
did:example:15ba2c91a23bbc4f,did:example:employer1,professional,EmployeeID,12,1.72,07/11/2025,14/12/2027,active,eth-registry:c81396ff,False
did:example:dc59ecceee3110d6,did:example:gov_issuer,government,ProofOfAge,15,2.36,05/04/2025,29/08/2026,revoked,eth-registry:0483172b,True
did:example:e2e385d0c3b7872c,did:example:employer1,professional,EmployeeID,14,1.6,25/04/2024,06/01/2027,revoked,eth-registry:1577f95f,False
did:example:6ed008feb4338196,did:example:university1,academic,StudentID,13,2.24,09/01/2025,24/01/2026,revoked,eth-registry:3aa0ded6,True
did:example:7f5ecf7f66dea5f8,did:example:gov_issuer,government,ProofOfAge,16,2.65,07/04/2024,19/05/2026,active,eth-registry:7d0166c2,True
did:example:ed7b4850be36c18e,did:example:university1,academic,StudentID,12,1.94,13/04/2025,06/07/2027,active,eth-registry:75617c15,True
did:example:96eb7a5b4614092f,did:example:gov_issuer,government,ProofOfAge,15,2.36,26/05/2025,16/04/2028,active,eth-registry:0f5c72ba,False
did:example:2dea2f808745bcc7,did:example:gov_issuer,government,ProofOfAge,15,2.48,09/08/2025,03/12/2026,revoked,eth-registry:4042c08c,True
did:example:b6c6ccebdeec41c0,did:example:employer1,professional,EmployeeID,12,1.67,22/04/2024,19/11/2025,active,eth-registry:b2150e3c,False
did:example:44e546f8b061262c,did:example:gov_issuer,government,ProofOfAge,16,2.59,04/12/2024,12/12/2025,revoked,eth-registry:ba4d3cd7,True
did:example:df93891bfed88b5a,did:example:gov_issuer,government,ProofOfResidence,17,2.32,16/09/2024,15/03/2026,active,eth-registry:e7cbb289,True
did:example:eb0f7f772ffbc003,did:example:employer1,professional,EmployeeID,12,1.82,30/10/2024,09/09/2027,revoked,eth-registry:b70fc117,True
did:example:9b2401a80e69e111,did:example:employer1,professional,EmployeeID,10,1.75,17/11/2025,23/11/2026,active,eth-registry:4deedacb,False
did:example:55b900abc11d621a,did:example:gov_issuer,government,ProofOfResidence,16,2.49,12/02/2025,11/09/2027,revoked,eth-registry:0720195b,True
did:example:5dc09b721d27cb3f,did:example:university1,academic,StudentID,12,2.07,20/11/2024,04/10/2027,active,eth-registry:9fd226e8,False
did:example:b5238dc9980debce,did:example:university1,academic,StudentID,15,1.96,23/10/2025,14/01/2027,active,eth-registry:cf97759f,True
did:example:fb90db61c859d0f6,did:example:university1,academic,StudentID,15,1.99,23/01/2025,13/10/2026,revoked,eth-registry:ab693401,False
did:example:05e8aa307328d179,did:example:gov_issuer,government,ProofOfResidence,15,2.33,05/11/2024,22/08/2027,active,eth-registry:9eb39bfd,True
did:example:b5223dba00d71b0d,did:example:university1,academic,StudentID,13,1.95,29/01/2025,09/07/2027,revoked,eth-registry:5894f6b6,False
did:example:19654020becaa39c,did:example:employer1,professional,EmployeeID,10,1.99,11/09/2025,30/10/2026,active,eth-registry:cb9d5321,True
did:example:370d4b7190b0d160,did:example:university1,academic,StudentID,13,2.01,26/11/2024,20/08/2027,revoked,eth-registry:dc9cc518,True
did:example:fa0b4c022e476447,did:example:employer1,professional,EmployeeID,10,1.72,27/03/2025,03/11/2027,active,eth-registry:8797b815,False
did:example:cebe90afff7c6695,did:example:university1,academic,StudentID,15,1.95,10/05/2024,23/12/2025,revoked,eth-registry:8d67d895,True
did:example:64806789d3ad1858,did:example:gov_issuer,government,ProofOfResidence,14,2.6,10/01/2024,07/11/2025,revoked,eth-registry:747ccb88,False
did:example:7b0c326664959146,did:example:employer1,professional,EmployeeID,13,1.97,19/02/2024,28/09/2025,revoked,eth-registry:cd5405f0,False
did:example:1beeca48b28a8978,did:example:gov_issuer,government,ProofOfResidence,16,2.62,14/12/2024,27/12/2026,revoked,eth-registry:35229cd5,False
did:example:39fd802adf83acdc,did:example:university1,academic,StudentID,12,2.15,09/06/2025,30/12/2027,active,eth-registry:460d1692,True
did:example:d7b9eb483a2966af,did:example:employer1,professional,EmployeeID,14,1.93,02/06/2024,03/10/2026,active,eth-registry:c1dbeb06,False
did:example:4698082ca3f6f67b,did:example:employer1,professional,EmployeeID,10,1.76,20/11/2025,27/10/2028,active,eth-registry:6181116d,False
did:example:3705b73590d87efd,did:example:employer1,professional,EmployeeID,14,1.94,19/04/2024,30/06/2025,active,eth-registry:caca1e5d,False
did:example:b8df876b7f5b25e5,did:example:employer1,professional,EmployeeID,13,1.92,24/05/2025,29/03/2028,revoked,eth-registry:19ed777c,True
did:example:dc9bda64f0953599,did:example:employer1,professional,EmployeeID,13,1.6,20/06/2024,14/04/2027,revoked,eth-registry:c90583e7,True
did:example:a385f0a2086f0b9c,did:example:university1,academic,StudentID,15,2.1,13/02/2024,18/11/2025,revoked,eth-registry:86a00ac7,False
did:example:9eb32ce13c506a4f,did:example:gov_issuer,government,ProofOfAge,16,2.41,04/06/2025,17/09/2026,active,eth-registry:4664073c,False
did:example:3451ebc44be6117d,did:example:gov_issuer,government,ProofOfAge,15,2.33,13/01/2025,26/06/2026,revoked,eth-registry:68349cfe,True
did:example:426ffb77a17b3c42,did:example:university1,academic,StudentID,12,2.24,03/04/2025,20/02/2028,revoked,eth-registry:88235a64,True
did:example:1875e35d01360d96,did:example:gov_issuer,government,ProofOfAge,18,2.3,19/11/2025,25/11/2026,active,eth-registry:30ee204f,True
did:example:60eeb2a658720e50,did:example:employer1,professional,EmployeeID,12,1.89,27/01/2025,03/04/2026,revoked,eth-registry:a27016a7,False
did:example:f96eea24671b2a54,did:example:university1,academic,StudentID,15,2.3,07/09/2025,29/10/2026,active,eth-registry:2799ddcf,True
did:example:850bf92633ec69a6,did:example:gov_issuer,government,ProofOfAge,15,2.49,28/12/2024,02/05/2026,active,eth-registry:c94359a4,True
did:example:a07737bcdc6bd6bd,did:example:employer1,professional,EmployeeID,14,1.75,12/09/2024,12/04/2027,revoked,eth-registry:0b334bf4,True
did:example:b0f27e0f5aa15237,did:example:university1,academic,StudentID,15,2.14,11/10/2024,22/11/2025,active,eth-registry:09f197e3,True
did:example:60d5609af7a3e4d7,did:example:gov_issuer,government,ProofOfAge,15,2.62,09/09/2024,15/08/2027,revoked,eth-registry:ac7ceb98,True
did:example:c18cf0b7de05c46f,did:example:gov_issuer,government,ProofOfAge,16,2.4,10/10/2025,27/07/2027,revoked,eth-registry:7889c230,True
did:example:92ade1fb858f6001,did:example:employer1,professional,EmployeeID,13,1.7,08/01/2025,31/01/2027,active,eth-registry:8b81de22,False
did:example:b5fe89dc54dd5334,did:example:employer1,professional,EmployeeID,11,1.84,12/11/2025,17/01/2028,active,eth-registry:4a537704,False
did:example:085a786c0f584229,did:example:employer1,professional,EmployeeID,10,1.98,02/07/2024,14/02/2027,active,eth-registry:52644b2a,True
did:example:f66b5e31ec7d3c4a,did:example:gov_issuer,government,ProofOfAge,15,2.42,12/07/2025,11/10/2027,active,eth-registry:e5e8996f,False
did:example:3142374d18f9633b,did:example:gov_issuer,government,ProofOfResidence,16,2.45,25/03/2024,08/05/2025,revoked,eth-registry:9e8708f4,False
did:example:02fbc8e4b3bf2a6c,did:example:university1,academic,StudentID,12,2.3,29/07/2024,26/03/2027,revoked,eth-registry:69dbad5a,False
did:example:99558d8429a2b337,did:example:university1,academic,StudentID,13,1.97,25/01/2024,29/03/2025,revoked,eth-registry:b740c86d,True
did:example:f26ec35ad76fc847,did:example:university1,academic,StudentID,15,1.93,30/10/2025,20/11/2027,active,eth-registry:f2b13016,False
did:example:4411d7925857d7e8,did:example:university1,academic,StudentID,12,2.14,06/08/2024,01/05/2027,active,eth-registry:3ff8eb7e,False
did:example:2a5bf93df18fee33,did:example:gov_issuer,government,ProofOfResidence,14,2.31,21/08/2025,28/08/2027,active,eth-registry:ea118bc9,False
did:example:4a17abc96a1ce86f,did:example:university1,academic,StudentID,13,1.97,07/11/2024,09/09/2026,active,eth-registry:2bd279ae,True
did:example:909efc4fcd938025,did:example:employer1,professional,EmployeeID,10,1.85,31/03/2024,24/11/2025,active,eth-registry:c37de685,True
did:example:cfca09d118b7fa14,did:example:university1,academic,StudentID,12,2.16,08/09/2024,04/04/2027,revoked,eth-registry:fa313834,False
did:example:6e65837156f3716f,did:example:employer1,professional,EmployeeID,10,1.8,06/09/2024,25/12/2026,active,eth-registry:b618d368,True
did:example:6cb98f79eaf7eba1,did:example:gov_issuer,government,ProofOfResidence,14,2.45,07/01/2025,22/08/2027,revoked,eth-registry:e164119d,False
did:example:a552d2f2d2692cba,did:example:gov_issuer,government,ProofOfAge,18,2.53,27/08/2024,22/06/2027,revoked,eth-registry:093c51c3,True
did:example:9df3c33bd1d03253,did:example:employer1,professional,EmployeeID,10,1.86,09/05/2025,15/07/2027,revoked,eth-registry:b2a503e6,True
did:example:6e944c034b24dfc8,did:example:university1,academic,StudentID,14,2.22,17/06/2025,03/03/2027,active,eth-registry:9b9256b2,True
did:example:28dda3f728d8b735,did:example:employer1,professional,EmployeeID,13,1.92,23/04/2024,30/06/2026,active,eth-registry:749d82ff,False
did:example:24083bf0bdd85d44,did:example:university1,academic,StudentID,14,2.17,17/01/2025,04/10/2026,revoked,eth-registry:e047184c,False
did:example:db80667e6d5311ae,did:example:employer1,professional,EmployeeID,13,1.96,27/02/2025,27/07/2026,revoked,eth-registry:4f0e5a67,False
did:example:def2ab6875d7146c,did:example:employer1,professional,EmployeeID,11,1.94,14/07/2024,21/03/2026,revoked,eth-registry:9bd7515f,False
did:example:acf076ecd99f8217,did:example:employer1,professional,EmployeeID,14,1.65,18/07/2025,03/07/2027,active,eth-registry:2cdf68e7,False
did:example:ca2e3c3cf49d7e43,did:example:employer1,professional,EmployeeID,10,1.98,17/06/2024,30/11/2025,active,eth-registry:8815829d,False
did:example:646a63631af3f1bf,did:example:university1,academic,StudentID,12,2.26,29/09/2025,17/05/2027,active,eth-registry:9bf2146f,True
did:example:06e269b4c1d8463b,did:example:gov_issuer,government,ProofOfAge,18,2.43,30/11/2024,18/01/2027,revoked,eth-registry:a4bc09d9,False
did:example:25f2f683ee4a783f,did:example:employer1,professional,EmployeeID,10,1.61,24/09/2024,31/12/2025,revoked,eth-registry:c1aef57c,False
did:example:3f076e0a588f33bb,did:example:university1,academic,StudentID,12,2.14,01/05/2025,17/07/2026,active,eth-registry:0dfae8be,False
did:example:87226ab5a26a54cb,did:example:university1,academic,StudentID,12,2.08,28/03/2025,15/10/2027,revoked,eth-registry:408ff43c,True
did:example:f7fcaab0ef999f52,did:example:employer1,professional,EmployeeID,10,1.9,06/01/2025,08/09/2027,active,eth-registry:3e65227a,True
did:example:db8acfd662012b70,did:example:employer1,professional,EmployeeID,10,1.81,16/05/2025,31/12/2026,active,eth-registry:14ac9162,False
did:example:4a1fe884a05b5e05,did:example:university1,academic,StudentID,14,1.93,09/07/2024,17/10/2025,revoked,eth-registry:73661ab2,False
did:example:89bb1219249e87db,did:example:gov_issuer,government,ProofOfResidence,17,2.4,14/08/2025,17/07/2027,revoked,eth-registry:707d0ec5,True
did:example:aa409879e3a19b3f,did:example:employer1,professional,EmployeeID,10,1.95,29/03/2025,03/08/2026,active,eth-registry:b64b5d7c,False
did:example:dc92c477b5deec1e,did:example:employer1,professional,EmployeeID,14,1.62,04/06/2024,07/03/2027,active,eth-registry:e944920f,True
did:example:c717f4aad344f6b0,did:example:employer1,professional,EmployeeID,10,1.89,31/12/2025,19/02/2027,revoked,eth-registry:c97474f9,True
did:example:ba4fba07f02b1e3d,did:example:university1,academic,StudentID,14,2.02,24/09/2025,27/09/2027,revoked,eth-registry:a40276e0,False
did:example:8072eed67c807b90,did:example:employer1,professional,EmployeeID,14,1.78,09/05/2024,11/02/2026,revoked,eth-registry:51632ec4,False
did:example:102f8ec18ef9b742,did:example:university1,academic,StudentID,14,2.11,27/07/2025,03/07/2027,active,eth-registry:f40d0e19,False
did:example:aa97b284d75795c3,did:example:employer1,professional,EmployeeID,12,1.7,21/01/2025,28/07/2027,revoked,eth-registry:3ccfd37a,True
did:example:fc2f2bd57f6a8952,did:example:employer1,professional,EmployeeID,10,1.86,16/07/2025,23/01/2027,revoked,eth-registry:de5b11e7,True
did:example:9e6b25ee7cd571eb,did:example:university1,academic,StudentID,12,2.18,01/10/2024,28/07/2027,revoked,eth-registry:2777c133,False
did:example:fb0361be7f49e70a,did:example:university1,academic,StudentID,15,1.93,27/06/2024,11/06/2027,revoked,eth-registry:22866e4e,True
did:example:eb1881acb02376e8,did:example:employer1,professional,EmployeeID,11,1.75,08/06/2024,21/04/2026,revoked,eth-registry:482b1fbc,True
did:example:64caf5ec157e0a82,did:example:university1,academic,StudentID,12,2.2,18/02/2024,25/11/2025,revoked,eth-registry:4676076c,False
did:example:0817bbfa6f892209,did:example:employer1,professional,EmployeeID,13,1.89,01/10/2025,21/03/2027,active,eth-registry:6773e4c1,False
did:example:6d634322ed6166a0,did:example:university1,academic,StudentID,14,2.12,16/08/2024,02/04/2027,revoked,eth-registry:9697196c,False
did:example:c428be44a67006f6,did:example:university1,academic,StudentID,12,2.21,01/12/2025,14/05/2028,revoked,eth-registry:3b243f8a,False
did:example:d2c624b63dce00ec,did:example:university1,academic,StudentID,12,1.94,14/06/2024,08/05/2026,revoked,eth-registry:a4b075fe,True
did:example:e336afffc05ed428,did:example:gov_issuer,government,ProofOfAge,14,2.35,12/09/2024,28/01/2027,active,eth-registry:27d34a98,False
did:example:0a341ddc3698862e,did:example:university1,academic,StudentID,12,2.16,04/10/2025,29/06/2027,revoked,eth-registry:6179d81c,True
did:example:9156d9cbed75426d,did:example:university1,academic,StudentID,14,2.18,10/09/2024,21/01/2027,revoked,eth-registry:cdc4e7fb,True
did:example:fb121dd2ab80938b,did:example:university1,academic,StudentID,12,2.23,08/07/2025,27/02/2028,revoked,eth-registry:fbb3c695,True
did:example:d42dde29c9d59be2,did:example:university1,academic,StudentID,14,1.97,08/03/2024,26/01/2026,revoked,eth-registry:f31948d0,True
did:example:7d8db55ce07ea9e0,did:example:gov_issuer,government,ProofOfAge,14,2.51,28/11/2025,29/03/2028,revoked,eth-registry:fd7bb373,True
did:example:9d33e5fb7564fdbe,did:example:employer1,professional,EmployeeID,14,1.86,27/03/2025,14/05/2027,active,eth-registry:f6d8382b,False
did:example:862e41dafcbbef23,did:example:gov_issuer,government,ProofOfAge,17,2.39,02/07/2025,23/08/2026,active,eth-registry:08f5a036,False
did:example:405d625d7f4f5776,did:example:university1,academic,StudentID,13,2.11,20/01/2024,05/03/2025,active,eth-registry:9535bbfd,True
did:example:1478bf734a897e60,did:example:university1,academic,StudentID,13,2.16,06/12/2025,16/06/2027,revoked,eth-registry:9aff7e0b,True
did:example:34de1aa8cd801f6f,did:example:gov_issuer,government,ProofOfAge,14,2.39,28/12/2024,28/06/2026,active,eth-registry:bdda7a02,True
did:example:ecaa3d487ca3ad62,did:example:gov_issuer,government,ProofOfResidence,14,2.45,03/06/2024,19/10/2025,active,eth-registry:4cb0f15f,False
did:example:937454b18d4d72d9,did:example:employer1,professional,EmployeeID,12,1.69,21/04/2024,27/02/2027,active,eth-registry:8985436c,False
did:example:7b2baa73fe6b2eee,did:example:employer1,professional,EmployeeID,10,1.96,04/03/2024,20/05/2026,active,eth-registry:29a60c1b,False
did:example:2b4ae17a0175deea,did:example:employer1,professional,EmployeeID,13,1.69,06/05/2025,05/06/2026,active,eth-registry:c1c5b575,True
did:example:1cfd9b3b934fc56c,did:example:employer1,professional,EmployeeID,11,1.65,04/06/2024,26/03/2027,revoked,eth-registry:afda6ff3,False
did:example:dc851df7cd87fc86,did:example:university1,academic,StudentID,12,1.91,10/11/2025,18/06/2027,active,eth-registry:8a226aac,False
did:example:b6a67388ce2c097f,did:example:employer1,professional,EmployeeID,12,1.62,15/06/2024,07/06/2027,active,eth-registry:6a336ce4,False
did:example:a6294a840f009871,did:example:employer1,professional,EmployeeID,12,1.68,05/03/2024,17/08/2025,revoked,eth-registry:c3cb3443,True
did:example:f6c2c49e0b5e0e6b,did:example:employer1,professional,EmployeeID,13,1.84,15/09/2025,15/11/2026,revoked,eth-registry:df5f8224,False
did:example:e4c353fbece146da,did:example:employer1,professional,EmployeeID,10,1.61,22/07/2025,25/10/2026,revoked,eth-registry:044a9954,True
did:example:e11a6630b752e773,did:example:employer1,professional,EmployeeID,12,1.71,14/01/2025,23/10/2026,revoked,eth-registry:3a8f06ef,True
did:example:4efd4e5d95c01584,did:example:university1,academic,StudentID,15,1.92,30/08/2025,05/07/2028,active,eth-registry:8d3310df,False
did:example:5604d6b237d326e7,did:example:university1,academic,StudentID,13,2.06,14/06/2025,22/07/2027,revoked,eth-registry:a254e693,True
did:example:37e9bfd34d0a7454,did:example:gov_issuer,government,ProofOfResidence,18,2.32,08/05/2024,08/08/2025,active,eth-registry:065cc474,False
did:example:78a489e4ca8cd41f,did:example:university1,academic,StudentID,14,2.14,30/10/2024,19/06/2026,active,eth-registry:51e09347,False
did:example:ed91d69680f8f2d8,did:example:university1,academic,StudentID,13,2.18,05/11/2025,28/10/2027,revoked,eth-registry:2b3645bf,True
did:example:f5b5ce870c798bfe,did:example:gov_issuer,government,ProofOfAge,18,2.59,10/05/2025,11/06/2027,active,eth-registry:a7beedcd,True
did:example:ff77fe1f4998176e,did:example:employer1,professional,EmployeeID,14,1.69,29/03/2025,02/12/2027,revoked,eth-registry:3baf18f8,False
did:example:4c4fd8c1978c5671,did:example:employer1,professional,EmployeeID,11,1.95,09/05/2024,11/06/2025,active,eth-registry:98e29232,True
did:example:35db7744bd4190bb,did:example:employer1,professional,EmployeeID,14,1.88,26/01/2025,28/01/2026,revoked,eth-registry:572136c4,True
did:example:3ce507456e86bd5d,did:example:employer1,professional,EmployeeID,10,1.62,01/05/2024,09/10/2026,revoked,eth-registry:814c3c8c,True
did:example:c3cac2fe3ae811e8,did:example:employer1,professional,EmployeeID,10,1.78,05/05/2025,23/07/2026,revoked,eth-registry:516b0ed1,True
did:example:3aa1c6c4e14dfc57,did:example:gov_issuer,government,ProofOfAge,14,2.61,11/06/2024,23/10/2026,active,eth-registry:80bd2cac,True
did:example:19f612b9249c2e31,did:example:employer1,professional,EmployeeID,11,1.72,29/07/2024,04/04/2026,revoked,eth-registry:d1ea1a9c,False
did:example:e0079bdc7b2cb60d,did:example:employer1,professional,EmployeeID,14,1.75,23/02/2025,03/12/2026,revoked,eth-registry:a2e77dc5,False
did:example:37ab1619cb33c0d9,did:example:employer1,professional,EmployeeID,13,1.85,19/01/2024,05/05/2025,active,eth-registry:be8eed40,True
did:example:4246a62c3fa5564c,did:example:employer1,professional,EmployeeID,13,1.62,26/05/2025,12/12/2027,revoked,eth-registry:a2263bd0,True
did:example:dac349486e631325,did:example:university1,academic,StudentID,12,2.29,19/11/2024,01/04/2026,active,eth-registry:218c4f94,False
did:example:d55c4b755d1914cc,did:example:gov_issuer,government,ProofOfResidence,16,2.37,09/01/2025,14/01/2026,active,eth-registry:c63921fa,False
did:example:0657f013251d4c01,did:example:university1,academic,StudentID,13,1.91,27/06/2025,02/09/2027,active,eth-registry:f2de068d,True
did:example:95bd3070f255f56c,did:example:gov_issuer,government,ProofOfResidence,16,2.3,17/07/2025,04/11/2026,active,eth-registry:b66fa237,False
did:example:674f596e13ea0f68,did:example:employer1,professional,EmployeeID,11,1.76,02/11/2025,06/03/2027,revoked,eth-registry:07e9fa19,False
did:example:7f2f04883b806755,did:example:gov_issuer,government,ProofOfResidence,15,2.65,11/05/2024,17/10/2025,revoked,eth-registry:5dd8e1d9,False
did:example:739b6bc0f227ed72,did:example:gov_issuer,government,ProofOfAge,18,2.63,10/11/2024,19/02/2027,active,eth-registry:9fb45d64,True
did:example:8771ba45e00c4aad,did:example:employer1,professional,EmployeeID,12,1.96,10/03/2024,10/09/2026,active,eth-registry:5dc8103e,False
did:example:2d83027ff50c81cf,did:example:employer1,professional,EmployeeID,12,1.81,11/07/2024,11/05/2027,active,eth-registry:02d6b527,False
did:example:eddc37a3a0791493,did:example:university1,academic,StudentID,12,2.08,07/02/2025,25/01/2028,active,eth-registry:fa77d78b,False
did:example:522e259d8e203eae,did:example:employer1,professional,EmployeeID,13,1.75,05/04/2024,19/09/2025,active,eth-registry:9539f8dd,False
did:example:d8196138cfa71c87,did:example:employer1,professional,EmployeeID,12,1.62,21/11/2024,27/04/2026,revoked,eth-registry:10330a11,True
did:example:24607d01619f44bf,did:example:gov_issuer,government,ProofOfResidence,15,2.66,14/11/2025,18/04/2027,revoked,eth-registry:1948cbc1,True
did:example:8b3503bd5eee377e,did:example:university1,academic,StudentID,14,2.1,21/02/2024,06/07/2025,active,eth-registry:be6da754,False
did:example:820d4a070aab87cf,did:example:university1,academic,StudentID,12,2.08,17/06/2024,25/06/2025,revoked,eth-registry:1a803b35,False
did:example:97ae02a0204b9abb,did:example:employer1,professional,EmployeeID,12,1.81,25/07/2024,27/09/2026,revoked,eth-registry:b789259f,False
did:example:a97b0efe1752fe05,did:example:gov_issuer,government,ProofOfResidence,18,2.62,27/10/2025,06/11/2026,active,eth-registry:f8630317,True
did:example:0b8cf5790195b5f0,did:example:gov_issuer,government,ProofOfResidence,16,2.39,20/06/2025,18/07/2026,active,eth-registry:a1842535,False
did:example:1c725ed718ad0aff,did:example:university1,academic,StudentID,12,2.18,14/05/2024,27/02/2026,active,eth-registry:39f67c4c,True
did:example:bc2ad86d2a7a2738,did:example:employer1,professional,EmployeeID,11,1.88,27/05/2025,09/01/2028,revoked,eth-registry:cbc3def4,False
did:example:b654364554adcd3f,did:example:university1,academic,StudentID,12,2.24,14/01/2024,05/01/2026,revoked,eth-registry:7c4c6e50,False
did:example:0ecc4f09d7865e5e,did:example:employer1,professional,EmployeeID,12,1.6,06/08/2025,23/05/2027,active,eth-registry:035acdf2,True
did:example:91fe34991f3bd9dd,did:example:university1,academic,StudentID,13,1.97,12/06/2024,23/10/2025,revoked,eth-registry:5b18aac6,True
did:example:b812c5a8076e2876,did:example:employer1,professional,EmployeeID,10,1.79,04/06/2025,14/10/2027,active,eth-registry:4b7943fb,True
did:example:b6b78d8f29391d3e,did:example:university1,academic,StudentID,14,2.24,26/12/2024,19/08/2026,revoked,eth-registry:9eb9d2e5,True
did:example:186741f6d01a2135,did:example:gov_issuer,government,ProofOfAge,14,2.69,20/06/2025,17/06/2028,active,eth-registry:4112a711,True
did:example:ef36172028c371a5,did:example:university1,academic,StudentID,13,2.14,11/09/2024,22/12/2025,active,eth-registry:246dc57e,False
did:example:0df8ae2b68631997,did:example:gov_issuer,government,ProofOfResidence,18,2.38,23/01/2025,20/08/2027,active,eth-registry:849a12ac,True
did:example:05859313dc5f6b9e,did:example:university1,academic,StudentID,12,1.97,25/10/2025,05/03/2028,active,eth-registry:45acb024,False
did:example:2d857ca9bbaa83cf,did:example:employer1,professional,EmployeeID,11,1.86,09/08/2025,03/05/2027,revoked,eth-registry:2b4c191f,True
did:example:38afbf2e415fa7b4,did:example:university1,academic,StudentID,13,1.98,02/02/2025,16/11/2026,active,eth-registry:2c65f2ec,False
did:example:a823da53660bddf8,did:example:gov_issuer,government,ProofOfAge,16,2.52,05/11/2025,08/10/2028,active,eth-registry:44030dd7,False
did:example:a2e4ce128bf24702,did:example:employer1,professional,EmployeeID,11,1.93,27/03/2024,14/09/2026,active,eth-registry:a57b6885,True
did:example:09228071ac608c72,did:example:employer1,professional,EmployeeID,14,1.76,26/05/2025,26/06/2026,revoked,eth-registry:3cf032f2,True
did:example:0640d950cb0e1107,did:example:employer1,professional,EmployeeID,10,1.75,02/04/2025,09/05/2027,revoked,eth-registry:27f90b9c,False
did:example:c4d1301bfa988768,did:example:university1,academic,StudentID,15,1.91,06/07/2024,29/12/2026,revoked,eth-registry:6d621e96,True
did:example:8436255ac4ba15d1,did:example:university1,academic,StudentID,14,2.0,11/10/2024,13/07/2026,revoked,eth-registry:5c3cd38b,True
did:example:8137cfc651e343bd,did:example:gov_issuer,government,ProofOfAge,14,2.58,23/10/2024,11/03/2027,active,eth-registry:cd9f7f22,False
did:example:03aa3aac2844dd00,did:example:gov_issuer,government,ProofOfResidence,14,2.44,11/05/2025,11/08/2027,active,eth-registry:291354b2,True
did:example:684e32c7dde0735b,did:example:university1,academic,StudentID,12,1.96,01/04/2025,26/11/2026,active,eth-registry:23b6babe,True
did:example:09ed5a62ccd8a6b5,did:example:employer1,professional,EmployeeID,11,1.64,28/07/2025,02/08/2026,revoked,eth-registry:91843d31,True
did:example:36ebc95e6f7cc7c0,did:example:university1,academic,StudentID,13,1.94,25/04/2025,20/05/2026,revoked,eth-registry:769f198f,False
did:example:41be0ed529f4a55f,did:example:university1,academic,StudentID,14,2.16,21/12/2025,08/05/2028,active,eth-registry:74ba52b8,False
did:example:9297b345235a28db,did:example:employer1,professional,EmployeeID,11,1.85,29/08/2025,17/03/2028,revoked,eth-registry:e2b7e7ed,True
did:example:4fcb32d7358fff1b,did:example:university1,academic,StudentID,14,2.11,25/02/2025,23/11/2026,active,eth-registry:6cf8b1e2,False
did:example:d6b22637e5f4089f,did:example:university1,academic,StudentID,13,2.1,14/01/2024,26/12/2025,revoked,eth-registry:f8f1d737,True
did:example:aef5d2ad0bc75862,did:example:gov_issuer,government,ProofOfResidence,15,2.36,25/09/2024,05/10/2026,revoked,eth-registry:4adeb29e,False
did:example:a034b8eb4037875c,did:example:university1,academic,StudentID,13,2.1,03/04/2024,08/01/2027,active,eth-registry:67a3c7a9,False
did:example:1e3170ff67c6dcc9,did:example:employer1,professional,EmployeeID,11,1.62,12/11/2024,29/11/2026,active,eth-registry:423b612d,True
did:example:d0a307a5f98d016e,did:example:gov_issuer,government,ProofOfAge,18,2.67,27/12/2025,17/02/2028,revoked,eth-registry:d2e75313,True
did:example:6842d9a7e8697c84,did:example:employer1,professional,EmployeeID,11,1.62,21/10/2024,03/12/2026,active,eth-registry:af6d7449,False
did:example:6436c5ace47773bf,did:example:employer1,professional,EmployeeID,11,1.77,20/08/2025,23/11/2026,active,eth-registry:e533dd3e,False
did:example:46bb7dfcb654a698,did:example:gov_issuer,government,ProofOfAge,18,2.3,25/11/2024,22/04/2027,active,eth-registry:ecdfa119,False
did:example:6d02a7ad68bb28ec,did:example:university1,academic,StudentID,14,2.21,25/02/2025,20/12/2027,revoked,eth-registry:e308c324,True
did:example:bd225797e3fddf3f,did:example:employer1,professional,EmployeeID,10,1.67,22/01/2024,11/04/2025,active,eth-registry:648ccf05,True
did:example:3b25c0396184da62,did:example:employer1,professional,EmployeeID,14,1.97,17/05/2025,08/07/2026,active,eth-registry:a07f97ba,True
did:example:a1ec8326620d30cd,did:example:university1,academic,StudentID,12,1.92,29/06/2024,21/06/2026,active,eth-registry:b8d2d57e,False
did:example:d3b433066c6e5cf6,did:example:university1,academic,StudentID,12,2.23,02/12/2024,14/06/2027,revoked,eth-registry:b7ef8c96,False
did:example:09140d992fb80dea,did:example:university1,academic,StudentID,13,2.16,23/12/2025,21/02/2027,active,eth-registry:2e8194ec,True
did:example:bb9c51657e209e1e,did:example:university1,academic,StudentID,14,2.0,12/06/2024,07/12/2026,revoked,eth-registry:e823c3b6,False
did:example:52d12636cb06eb0b,did:example:university1,academic,StudentID,12,1.98,09/11/2025,29/04/2027,active,eth-registry:8a68f3c7,False
did:example:548eae31ef0bd433,did:example:university1,academic,StudentID,15,2.04,28/08/2025,09/01/2027,active,eth-registry:e4f0b933,False
did:example:a5a30fd152018530,did:example:gov_issuer,government,ProofOfAge,14,2.63,05/02/2024,22/06/2025,revoked,eth-registry:b964d3b0,False
did:example:30ff8d92cef35b16,did:example:university1,academic,StudentID,15,2.24,26/09/2024,15/10/2026,revoked,eth-registry:0989c507,False
did:example:18d0d19bb60bdd88,did:example:university1,academic,StudentID,12,1.97,17/12/2025,27/02/2028,revoked,eth-registry:65c4df9a,False
did:example:801458f39dc73033,did:example:university1,academic,StudentID,13,2.04,27/11/2024,30/10/2026,active,eth-registry:d1ddbf08,True
did:example:08b3327ff4ea1e45,did:example:university1,academic,StudentID,14,1.99,01/08/2025,18/10/2027,revoked,eth-registry:a09ad7b6,False
did:example:f33be7a8fc1d9b6d,did:example:university1,academic,StudentID,13,1.95,02/11/2025,12/06/2028,revoked,eth-registry:93860de5,False
did:example:74be36d4b65ba23f,did:example:employer1,professional,EmployeeID,13,1.86,03/01/2024,01/09/2026,revoked,eth-registry:ee32d9d2,False
did:example:d6e7c92407b55a68,did:example:employer1,professional,EmployeeID,13,1.74,18/06/2025,03/12/2027,active,eth-registry:ebb74465,False
did:example:b9d441f205d4247c,did:example:employer1,professional,EmployeeID,13,1.69,29/10/2025,14/11/2027,active,eth-registry:ea06377d,True
did:example:b902d9e45356111b,did:example:gov_issuer,government,ProofOfAge,15,2.65,26/02/2025,04/08/2026,revoked,eth-registry:5c91dc62,False
did:example:d9c40e196669066f,did:example:employer1,professional,EmployeeID,13,1.9,03/12/2025,30/05/2028,active,eth-registry:e466e9c4,True
did:example:ca81eba048d4da79,did:example:gov_issuer,government,ProofOfResidence,17,2.61,26/05/2025,30/09/2027,revoked,eth-registry:c5cdcc28,False
did:example:e435121cd96aa281,did:example:university1,academic,StudentID,13,1.92,04/04/2025,13/01/2028,revoked,eth-registry:55c768a8,False
did:example:eefc4c59e83b5e1a,did:example:employer1,professional,EmployeeID,13,1.97,31/03/2024,02/09/2026,active,eth-registry:2b89316a,False
did:example:ac02ff5e9aaa441f,did:example:employer1,professional,EmployeeID,14,1.83,30/07/2025,04/11/2026,active,eth-registry:1f9439f8,True
did:example:51469cd6af49642f,did:example:gov_issuer,government,ProofOfAge,18,2.5,17/09/2025,07/11/2027,revoked,eth-registry:716bd2ed,True
did:example:c105c4f5d4dfff1e,did:example:gov_issuer,government,ProofOfResidence,17,2.3,31/08/2024,09/02/2027,revoked,eth-registry:4585f080,False
did:example:36762a2f7e699ae1,did:example:university1,academic,StudentID,15,2.26,25/04/2024,23/04/2027,revoked,eth-registry:edbb9561,True
did:example:4ce891bb9e389152,did:example:university1,academic,StudentID,15,2.12,22/02/2025,19/10/2026,revoked,eth-registry:3972b551,False
did:example:1006c9bf1ab675bc,did:example:employer1,professional,EmployeeID,11,1.93,17/11/2025,06/08/2028,revoked,eth-registry:79e33d72,True
did:example:3c5d2d0cade7568c,did:example:gov_issuer,government,ProofOfAge,17,2.56,18/06/2025,07/01/2027,revoked,eth-registry:7e18d5ac,False
did:example:4732a9cd6037ed53,did:example:employer1,professional,EmployeeID,10,1.92,15/08/2025,17/05/2027,active,eth-registry:b9777326,True
did:example:3d27d3acf89ccd0d,did:example:university1,academic,StudentID,13,2.18,14/02/2025,18/01/2028,active,eth-registry:c05637d3,False
did:example:3d5895f8740eb236,did:example:gov_issuer,government,ProofOfResidence,18,2.67,01/11/2024,01/03/2026,revoked,eth-registry:a32523c0,True
did:example:c7f971091ba97758,did:example:gov_issuer,government,ProofOfResidence,15,2.39,10/08/2024,07/01/2026,active,eth-registry:965516fc,False
did:example:c058c05b9749c21b,did:example:employer1,professional,EmployeeID,14,1.68,13/08/2025,14/04/2028,active,eth-registry:c89d8a96,False
did:example:88640e553930e065,did:example:university1,academic,StudentID,13,2.19,19/04/2025,16/02/2028,active,eth-registry:f74a00cb,False
did:example:501ce90405ac09ee,did:example:gov_issuer,government,ProofOfResidence,15,2.5,30/06/2025,14/09/2026,active,eth-registry:848aa4be,True
did:example:db86244652824af3,did:example:employer1,professional,EmployeeID,10,1.84,04/09/2025,28/04/2028,active,eth-registry:b99317d0,False
did:example:a2a20f9e802f2c84,did:example:university1,academic,StudentID,14,2.18,16/12/2025,19/02/2028,active,eth-registry:09026bdd,True
did:example:1065585f970548ac,did:example:university1,academic,StudentID,13,2.12,03/09/2025,06/06/2028,revoked,eth-registry:146eac1c,True
did:example:ba299fb721a9f8f2,did:example:university1,academic,StudentID,14,2.22,22/11/2024,20/11/2026,active,eth-registry:b8c11484,True
did:example:82dad4e5c2f7dc11,did:example:university1,academic,StudentID,12,2.03,06/04/2024,08/06/2026,revoked,eth-registry:daf35488,False
did:example:49efe09675cb28af,did:example:gov_issuer,government,ProofOfResidence,15,2.64,12/02/2025,31/07/2026,active,eth-registry:2ec212f0,False
did:example:7127b709f1075141,did:example:university1,academic,StudentID,12,1.94,21/11/2024,22/01/2027,revoked,eth-registry:c6170605,True
did:example:bca6f69c7916b2ec,did:example:employer1,professional,EmployeeID,11,1.85,14/11/2025,15/09/2027,active,eth-registry:85cf3cf1,False
did:example:3b77a568acd8911a,did:example:employer1,professional,EmployeeID,14,1.96,29/01/2024,18/11/2025,revoked,eth-registry:9ff847d4,True
did:example:1fe5647ed236455e,did:example:gov_issuer,government,ProofOfResidence,14,2.4,17/09/2025,09/04/2027,revoked,eth-registry:47aff29f,False
did:example:3f50974c91de22e9,did:example:employer1,professional,EmployeeID,13,1.73,07/04/2025,25/01/2027,revoked,eth-registry:190fa929,False
did:example:8fb0bce38f109932,did:example:university1,academic,StudentID,12,2.02,21/02/2024,22/06/2025,active,eth-registry:2ea940f7,False
did:example:f40d80c5d00a4859,did:example:gov_issuer,government,ProofOfResidence,16,2.53,26/06/2024,09/03/2027,active,eth-registry:52096551,True
did:example:5f851554241bd808,did:example:university1,academic,StudentID,15,2.07,15/02/2024,07/12/2025,revoked,eth-registry:93c1ecae,False
did:example:f86c4cf4979b154b,did:example:employer1,professional,EmployeeID,11,1.64,11/11/2025,21/08/2027,active,eth-registry:c3c583e1,False
did:example:cc6f709b11f03ba3,did:example:employer1,professional,EmployeeID,10,1.96,16/04/2025,01/04/2028,active,eth-registry:8c757f9f,False
did:example:b10b827ff387924a,did:example:employer1,professional,EmployeeID,12,1.68,27/03/2025,17/03/2027,revoked,eth-registry:c9378d20,False
did:example:3466c20ecbd7f882,did:example:employer1,professional,EmployeeID,11,1.81,15/01/2025,12/06/2027,active,eth-registry:e6d92aec,True
did:example:4647cbf85c7a2d55,did:example:gov_issuer,government,ProofOfResidence,18,2.54,19/10/2024,17/10/2027,revoked,eth-registry:16f40eaa,False
did:example:6470fa9bd2c9d465,did:example:employer1,professional,EmployeeID,14,1.62,05/05/2024,25/01/2027,active,eth-registry:9df7877d,False
did:example:8728ed409ac9a27e,did:example:university1,academic,StudentID,14,1.94,18/06/2025,04/03/2027,revoked,eth-registry:494a3d75,True
did:example:2ac560b5d6152ba3,did:example:university1,academic,StudentID,14,2.29,06/04/2024,30/04/2026,active,eth-registry:f28b3fd4,False
did:example:4403cf910f9b1555,did:example:employer1,professional,EmployeeID,13,1.87,31/05/2024,22/01/2027,active,eth-registry:20e18ab0,True
did:example:0ab5b4d51c898e33,did:example:gov_issuer,government,ProofOfAge,17,2.31,15/12/2025,15/12/2027,active,eth-registry:197fbfc5,True
did:example:cc9133f4201fb49f,did:example:gov_issuer,government,ProofOfResidence,16,2.62,07/03/2024,25/09/2025,active,eth-registry:0a6e470b,True
did:example:942e8ff1e5a1039f,did:example:gov_issuer,government,ProofOfResidence,18,2.5,26/11/2025,17/12/2027,revoked,eth-registry:918ddddf,True
did:example:bf02bfe545df2bb5,did:example:employer1,professional,EmployeeID,11,1.63,04/03/2024,22/03/2025,revoked,eth-registry:fd153af5,False
did:example:1e57e493b6de4828,did:example:employer1,professional,EmployeeID,10,1.87,21/12/2024,25/09/2027,active,eth-registry:8f3b8a0c,False
did:example:d3ebed356e031927,did:example:gov_issuer,government,ProofOfAge,17,2.5,02/03/2025,09/05/2027,active,eth-registry:8746d7b7,True
did:example:ba4e2aab6f658570,did:example:gov_issuer,government,ProofOfResidence,17,2.38,24/03/2024,27/09/2025,active,eth-registry:989845ab,True
did:example:0f0a5f5711fdc67c,did:example:university1,academic,StudentID,15,2.25,11/10/2025,26/09/2027,revoked,eth-registry:fe90804a,True
did:example:1c21e9ad75c40b3b,did:example:university1,academic,StudentID,13,2.02,30/11/2025,23/12/2026,revoked,eth-registry:57abb2a6,False
did:example:d7806a38f3caa28f,did:example:employer1,professional,EmployeeID,12,1.71,11/06/2024,07/01/2027,revoked,eth-registry:6d562058,True
did:example:a98f961d80bb7663,did:example:employer1,professional,EmployeeID,12,1.71,11/06/2024,04/07/2026,revoked,eth-registry:f32717ec,False
did:example:f11ab672743b4dc6,did:example:employer1,professional,EmployeeID,11,1.91,09/07/2025,12/07/2026,revoked,eth-registry:267fb37a,True
did:example:785e1353c2d68a70,did:example:employer1,professional,EmployeeID,13,1.88,28/09/2024,30/08/2026,revoked,eth-registry:5ef0bb54,False
did:example:b8c710a6c7fb6e1f,did:example:employer1,professional,EmployeeID,12,1.96,28/01/2024,19/03/2025,revoked,eth-registry:af7b7f6d,False
did:example:6598df0cac0fd413,did:example:university1,academic,StudentID,15,1.99,02/07/2025,11/04/2027,active,eth-registry:13ac4cf6,False
did:example:b2521c65919f7659,did:example:gov_issuer,government,ProofOfAge,16,2.61,15/09/2024,05/06/2027,active,eth-registry:c1f830c7,False
did:example:6fd855f973fef70e,did:example:university1,academic,StudentID,12,2.13,24/10/2024,14/02/2027,active,eth-registry:36251c02,False
did:example:f0c5ec36114d4e99,did:example:university1,academic,StudentID,15,2.02,22/04/2025,08/04/2027,active,eth-registry:08392fdd,True
did:example:dbb2e47755db2771,did:example:university1,academic,StudentID,14,1.91,25/02/2025,06/03/2027,active,eth-registry:e6cc26b6,False
did:example:67ced66761ba380e,did:example:university1,academic,StudentID,14,2.23,26/08/2025,31/08/2027,active,eth-registry:12732a81,True
did:example:de20a969eeedffca,did:example:employer1,professional,EmployeeID,12,1.7,06/08/2025,16/10/2026,active,eth-registry:b88eb3e8,False
did:example:61f1287b146a54a7,did:example:gov_issuer,government,ProofOfResidence,15,2.55,20/11/2025,03/05/2027,active,eth-registry:061d6aed,False
did:example:e1f11b1071405214,did:example:university1,academic,StudentID,15,2.12,02/11/2025,20/06/2028,revoked,eth-registry:85f0bfa8,False
did:example:ff3196929e3e68dd,did:example:employer1,professional,EmployeeID,11,1.6,07/04/2025,12/02/2028,active,eth-registry:8d0897be,False
did:example:094e68c82c067c05,did:example:gov_issuer,government,ProofOfResidence,18,2.7,10/02/2025,27/05/2026,revoked,eth-registry:b6f4c84c,True
did:example:76d90f9fd6d3979b,did:example:gov_issuer,government,ProofOfResidence,16,2.63,04/12/2024,03/10/2027,active,eth-registry:2a2bb24b,True
did:example:338f52a826472f80,did:example:university1,academic,StudentID,12,2.09,30/04/2025,22/05/2026,active,eth-registry:cce7a42d,True
did:example:b2c5e00a9793fd8a,did:example:employer1,professional,EmployeeID,10,1.87,14/02/2024,25/02/2026,revoked,eth-registry:82016359,True
did:example:af9680daefba311d,did:example:university1,academic,StudentID,15,2.09,21/10/2024,17/06/2027,active,eth-registry:b5294df3,False
did:example:3d819676b2a178a9,did:example:employer1,professional,EmployeeID,12,1.9,20/07/2024,26/12/2025,active,eth-registry:7ae31bc4,True
did:example:a29a1182f8476c0e,did:example:gov_issuer,government,ProofOfResidence,15,2.35,10/02/2025,04/01/2028,active,eth-registry:4b88b4f8,True
did:example:a81523fb16013535,did:example:gov_issuer,government,ProofOfAge,18,2.48,05/11/2025,23/10/2028,active,eth-registry:08eaa41d,True
did:example:61484214b6a5d23b,did:example:gov_issuer,government,ProofOfAge,17,2.43,17/12/2024,23/10/2026,revoked,eth-registry:9b48fbbc,True
did:example:1084cca04b53638c,did:example:university1,academic,StudentID,14,2.08,02/03/2025,14/12/2027,active,eth-registry:f02bad53,True
did:example:d7c10244ce2f4645,did:example:gov_issuer,government,ProofOfResidence,17,2.48,21/10/2024,17/12/2025,active,eth-registry:b16f91f1,False
did:example:aa858826e1940410,did:example:employer1,professional,EmployeeID,10,1.66,07/09/2024,23/09/2026,active,eth-registry:d4d52849,True
did:example:ba63b2b3fe5f7044,did:example:university1,academic,StudentID,12,2.29,12/05/2025,11/12/2026,revoked,eth-registry:fa97cacb,False
did:example:9aa7a4f6d0b6db73,did:example:university1,academic,StudentID,14,1.91,30/06/2024,30/09/2026,active,eth-registry:12c5c2d1,True
did:example:5fe27bdfb9965485,did:example:employer1,professional,EmployeeID,10,1.6,04/10/2025,05/04/2027,active,eth-registry:dcd387db,True
did:example:97d80df23153ab2d,did:example:university1,academic,StudentID,14,2.05,24/03/2024,08/02/2026,revoked,eth-registry:583c4406,True
did:example:942087b1d9f963ca,did:example:university1,academic,StudentID,12,2.15,11/06/2024,27/11/2026,revoked,eth-registry:162bcbc5,True
did:example:2e5eaf3f313a77ab,did:example:university1,academic,StudentID,13,1.97,03/07/2025,30/11/2026,active,eth-registry:9ab9f858,False
did:example:4834789799fcc69f,did:example:employer1,professional,EmployeeID,13,1.81,01/03/2024,06/11/2026,active,eth-registry:6e838f86,False
did:example:0f6a9eeee2230742,did:example:university1,academic,StudentID,14,2.19,28/10/2024,10/03/2027,revoked,eth-registry:ee46a372,True
did:example:f8e338abe7d9b30f,did:example:gov_issuer,government,ProofOfAge,17,2.34,03/10/2024,04/04/2026,revoked,eth-registry:ce022e74,False
did:example:9d815be2ccc9a323,did:example:university1,academic,StudentID,14,2.29,15/11/2025,18/03/2028,revoked,eth-registry:628aa928,False
did:example:c1ff7e9fa79406af,did:example:employer1,professional,EmployeeID,10,1.73,26/04/2024,14/12/2025,active,eth-registry:60faaf90,False
did:example:35d5f84470face83,did:example:gov_issuer,government,ProofOfResidence,18,2.56,28/11/2024,02/01/2027,active,eth-registry:c5865e82,True
did:example:b7c5973d56eb0620,did:example:university1,academic,StudentID,12,1.94,01/12/2024,20/02/2027,revoked,eth-registry:eaa4dc00,True
did:example:e52c384c1272f9df,did:example:university1,academic,StudentID,12,2.18,21/08/2025,07/04/2028,revoked,eth-registry:3932d24f,True
did:example:4fc965aeb8e60f5b,did:example:university1,academic,StudentID,15,2.24,30/01/2025,11/10/2026,revoked,eth-registry:41f80ace,True
did:example:4f321dc692997ee6,did:example:university1,academic,StudentID,12,1.94,05/04/2024,01/03/2026,active,eth-registry:387ddd43,False
did:example:1a85de42537ecff1,did:example:university1,academic,StudentID,14,1.95,28/09/2025,17/08/2027,active,eth-registry:f24691ab,True
did:example:bfbd35c18dd52cf9,did:example:university1,academic,StudentID,13,2.01,20/04/2024,09/01/2027,active,eth-registry:be4d8bed,True
did:example:5fe17f73cbc40d6e,did:example:university1,academic,StudentID,15,1.9,23/05/2025,28/01/2028,revoked,eth-registry:abfc3e05,False
did:example:e2a8821016eee588,did:example:employer1,professional,EmployeeID,10,1.99,18/07/2024,23/12/2025,active,eth-registry:92e2bb95,False
did:example:0d1b2c45298847da,did:example:gov_issuer,government,ProofOfAge,14,2.54,30/03/2024,14/06/2025,revoked,eth-registry:941dda4a,False
did:example:49ae0943eeec2410,did:example:employer1,professional,EmployeeID,12,1.84,19/05/2024,22/04/2027,active,eth-registry:57622111,True
did:example:4ff5ea82b6fefde2,did:example:gov_issuer,government,ProofOfResidence,16,2.68,21/11/2025,23/03/2027,revoked,eth-registry:1bd8aeec,True
did:example:19a31f78db10f025,did:example:gov_issuer,government,ProofOfResidence,17,2.63,14/12/2025,12/05/2027,revoked,eth-registry:c5d055e4,True
did:example:eec78660f0d3daad,did:example:university1,academic,StudentID,14,2.23,14/03/2025,08/06/2026,active,eth-registry:8bb6905e,False
did:example:16cfa3dc1d5296fc,did:example:gov_issuer,government,ProofOfResidence,14,2.44,13/08/2025,08/12/2026,active,eth-registry:62c3f5d4,True
did:example:ff00810e81c3ee3a,did:example:gov_issuer,government,ProofOfResidence,18,2.43,21/10/2025,06/12/2026,revoked,eth-registry:c84f40f0,False
did:example:90f17ebf0fd99b14,did:example:university1,academic,StudentID,13,2.02,11/09/2024,26/11/2026,active,eth-registry:f762d020,True
did:example:b75fa6a01bc57828,did:example:university1,academic,StudentID,15,2.04,07/07/2025,14/07/2027,revoked,eth-registry:fa9b17d8,False
did:example:6b3c301eefcabebd,did:example:university1,academic,StudentID,15,2.05,14/01/2025,23/03/2026,revoked,eth-registry:350b086b,False
did:example:92a67a20fe27addd,did:example:employer1,professional,EmployeeID,10,1.66,06/05/2024,25/08/2026,active,eth-registry:84ca3b7c,False
did:example:7c82a02324446f81,did:example:university1,academic,StudentID,14,2.04,24/01/2025,26/05/2026,active,eth-registry:626f659f,False
did:example:699d1ff6522a1b1b,did:example:university1,academic,StudentID,13,2.08,03/02/2024,02/03/2026,active,eth-registry:cb1329ba,True
did:example:34ca16db6a01fbad,did:example:university1,academic,StudentID,13,2.02,19/03/2025,02/09/2027,active,eth-registry:aaacae97,True
did:example:a16ffe76e0158589,did:example:university1,academic,StudentID,13,1.97,09/07/2024,16/05/2026,revoked,eth-registry:0d76856b,False
did:example:907fcfb583da8f41,did:example:university1,academic,StudentID,14,2.05,16/03/2024,27/10/2025,active,eth-registry:36e6f7ca,True
did:example:a1100267de957462,did:example:university1,academic,StudentID,13,2.09,30/05/2025,15/03/2028,revoked,eth-registry:f19f1e6d,False
did:example:5176be06d5b6c66e,did:example:gov_issuer,government,ProofOfAge,14,2.59,12/09/2024,19/04/2027,active,eth-registry:d967d775,True
did:example:2a8387dbb7382de6,did:example:employer1,professional,EmployeeID,11,1.88,22/11/2024,01/08/2027,active,eth-registry:008b9797,True
did:example:791fe633baaa1bf1,did:example:employer1,professional,EmployeeID,10,1.68,03/03/2024,24/06/2025,active,eth-registry:3869b029,True
did:example:97779d7c692350e9,did:example:employer1,professional,EmployeeID,14,1.61,28/02/2024,14/09/2025,active,eth-registry:f047f647,False
did:example:d1e2c249c3130251,did:example:university1,academic,StudentID,14,2.02,02/11/2025,10/08/2027,active,eth-registry:595b77f8,False
did:example:eb143fee72841d73,did:example:university1,academic,StudentID,13,1.96,14/03/2025,15/07/2026,revoked,eth-registry:270bd995,False
did:example:a5d969c16be59e9d,did:example:university1,academic,StudentID,13,2.06,21/10/2024,30/07/2026,revoked,eth-registry:135c82a6,False
did:example:a9e2dbd917bacec9,did:example:gov_issuer,government,ProofOfAge,14,2.69,01/05/2025,29/10/2026,revoked,eth-registry:e3caa33f,False
did:example:c4c504352bb3286d,did:example:employer1,professional,EmployeeID,11,1.67,15/06/2025,01/06/2027,revoked,eth-registry:305cc285,True
did:example:8799262cee1ac90b,did:example:gov_issuer,government,ProofOfAge,18,2.43,24/03/2024,23/08/2026,active,eth-registry:45648868,False
did:example:13d5a4e1eb5f26b4,did:example:employer1,professional,EmployeeID,10,1.89,04/11/2025,30/08/2027,active,eth-registry:4a36e903,True
did:example:89f30e176bf4228a,did:example:university1,academic,StudentID,12,2.1,24/04/2025,03/10/2027,revoked,eth-registry:8f88671e,False
did:example:08e6b5e7d11ebde0,did:example:employer1,professional,EmployeeID,14,1.62,14/08/2024,23/05/2026,active,eth-registry:068a45e5,False
did:example:76cc04f9f30f6a8b,did:example:university1,academic,StudentID,14,1.96,15/07/2024,11/07/2026,active,eth-registry:8b3df2fc,False
did:example:03b302c5125ad4ad,did:example:employer1,professional,EmployeeID,10,1.97,05/03/2024,31/10/2025,revoked,eth-registry:c9d2c509,False
did:example:588e47cecbada6d5,did:example:university1,academic,StudentID,13,1.94,06/07/2024,05/09/2025,active,eth-registry:761c6d20,False
did:example:1676d0c00ecf11d0,did:example:university1,academic,StudentID,14,2.15,02/09/2024,13/09/2025,active,eth-registry:4e4762f8,True
did:example:5a222addb608cd05,did:example:university1,academic,StudentID,13,2.22,04/06/2024,15/10/2025,revoked,eth-registry:8f942fe2,True
did:example:a8e72bd0a17ae29a,did:example:university1,academic,StudentID,13,2.01,05/05/2025,29/07/2027,active,eth-registry:ae362ea0,False
did:example:6cf44627edf2211a,did:example:employer1,professional,EmployeeID,13,1.89,03/07/2024,13/09/2025,revoked,eth-registry:f2224f1d,False
did:example:12769aca2ed2ae57,did:example:university1,academic,StudentID,14,1.97,31/12/2024,12/12/2026,active,eth-registry:3d2abf56,True
did:example:9ec626201953245d,did:example:university1,academic,StudentID,15,2.01,12/02/2025,20/05/2026,revoked,eth-registry:0542b97c,True
did:example:dd8d4ad2e9abd7bc,did:example:university1,academic,StudentID,12,2.02,24/02/2024,22/11/2025,revoked,eth-registry:be82bc1e,False
did:example:1716bea5259e7cf8,did:example:employer1,professional,EmployeeID,11,2.0,03/05/2024,16/11/2025,active,eth-registry:e3b89e47,True
did:example:5f72cae20edeb50c,did:example:employer1,professional,EmployeeID,10,1.69,21/02/2024,24/07/2025,active,eth-registry:1e9caafa,True
did:example:b7b760ce81509fd8,did:example:university1,academic,StudentID,14,1.95,20/05/2025,31/05/2027,revoked,eth-registry:5fd9dc2d,False
did:example:f97d7577d89b6cff,did:example:university1,academic,StudentID,14,2.27,26/05/2025,07/03/2028,revoked,eth-registry:a067da63,True
did:example:aba297edb7b6c518,did:example:employer1,professional,EmployeeID,11,1.66,04/04/2024,25/07/2026,revoked,eth-registry:41a770ff,False
did:example:da410ce3d1422c36,did:example:university1,academic,StudentID,14,2.25,22/06/2025,12/12/2026,revoked,eth-registry:0ee4b136,False
did:example:6448c4f7e492edbc,did:example:employer1,professional,EmployeeID,11,1.86,16/08/2025,27/04/2028,revoked,eth-registry:451294b1,True
did:example:c9615f4461099060,did:example:gov_issuer,government,ProofOfResidence,14,2.53,21/03/2024,23/01/2027,active,eth-registry:0ea837da,True
did:example:aef86fd583ac9e28,did:example:employer1,professional,EmployeeID,12,1.9,26/03/2024,30/09/2026,active,eth-registry:2b6edf1c,True
did:example:e0cdcdc2e32091a7,did:example:gov_issuer,government,ProofOfResidence,16,2.59,03/08/2025,08/01/2027,revoked,eth-registry:7133e350,False
did:example:9e2b8c933e9e84db,did:example:employer1,professional,EmployeeID,12,1.64,13/08/2024,13/12/2025,active,eth-registry:6ce8971c,True
did:example:c819f29a67415f23,did:example:gov_issuer,government,ProofOfResidence,16,2.7,09/09/2024,20/08/2027,active,eth-registry:e1c9b84f,False
did:example:67134842c4d5d9e6,did:example:university1,academic,StudentID,15,2.28,06/03/2025,15/12/2027,revoked,eth-registry:3ac58b99,False
did:example:10f0bf8a1864cd76,did:example:gov_issuer,government,ProofOfAge,15,2.66,19/02/2024,21/12/2025,active,eth-registry:b81cefc0,True
did:example:653e7b1ba008c7bf,did:example:employer1,professional,EmployeeID,11,1.85,16/11/2024,16/10/2026,revoked,eth-registry:202ec98b,True
did:example:84616dd5a5d10077,did:example:university1,academic,StudentID,14,2.11,01/09/2024,25/09/2026,revoked,eth-registry:5c7e2a65,True
did:example:4d3a907dd4d353be,did:example:university1,academic,StudentID,12,2.11,24/08/2025,03/06/2028,active,eth-registry:7a39615c,False
did:example:ea5c6fe38c4e29a9,did:example:university1,academic,StudentID,12,1.91,17/06/2025,21/01/2027,revoked,eth-registry:6e32775d,False
did:example:23902b6eac9c91b0,did:example:gov_issuer,government,ProofOfResidence,16,2.5,28/07/2024,05/12/2026,revoked,eth-registry:d098f694,False
did:example:751a0bde11c02956,did:example:university1,academic,StudentID,14,2.15,24/04/2025,10/03/2028,revoked,eth-registry:78be00bc,True
did:example:ed0c688fbee23509,did:example:gov_issuer,government,ProofOfAge,17,2.56,21/10/2024,27/05/2026,revoked,eth-registry:358857a0,False
did:example:f01922d11d8a76f5,did:example:employer1,professional,EmployeeID,10,1.73,17/12/2024,11/07/2026,revoked,eth-registry:bcfeeec4,False
did:example:6c8ba792dec84282,did:example:university1,academic,StudentID,15,2.09,21/06/2025,27/09/2026,active,eth-registry:1cab5179,False
did:example:a237f069a31ede62,did:example:gov_issuer,government,ProofOfAge,16,2.55,23/07/2024,07/01/2027,active,eth-registry:eadbea30,False
did:example:ebdfeddad264f4a2,did:example:university1,academic,StudentID,12,2.07,26/02/2025,12/09/2026,active,eth-registry:87d65d04,True
did:example:8b6213e31c9dea86,did:example:employer1,professional,EmployeeID,11,1.98,01/11/2024,15/11/2025,revoked,eth-registry:23fb10f0,True
did:example:2b76d9ddf8887b05,did:example:employer1,professional,EmployeeID,11,1.88,20/04/2025,22/04/2027,active,eth-registry:68ad240f,False
did:example:d0097a04e39f1451,did:example:university1,academic,StudentID,13,1.9,05/10/2024,17/11/2026,revoked,eth-registry:69b98f05,False
did:example:ff8438d4c7304496,did:example:employer1,professional,EmployeeID,12,1.61,14/11/2025,26/11/2026,active,eth-registry:ca1aee39,True
did:example:85a630d71b09067f,did:example:employer1,professional,EmployeeID,12,1.88,12/10/2024,07/04/2027,active,eth-registry:b94d64b4,False
did:example:4850995696e01585,did:example:university1,academic,StudentID,13,2.07,21/03/2024,03/05/2026,active,eth-registry:8fd996ac,False
did:example:ec2638974c9b9825,did:example:gov_issuer,government,ProofOfAge,18,2.64,23/12/2024,02/12/2026,active,eth-registry:2aef2c2e,True
did:example:0fae84e14a055fae,did:example:employer1,professional,EmployeeID,14,1.67,23/06/2024,01/03/2026,revoked,eth-registry:ebb32784,True
did:example:7b22bd1468b6fbd9,did:example:university1,academic,StudentID,13,1.91,28/11/2024,13/03/2027,revoked,eth-registry:a9af7ee1,True
did:example:69243ebde33b2bcc,did:example:university1,academic,StudentID,15,2.06,04/11/2025,05/05/2028,active,eth-registry:a0cac377,False
did:example:b546846428ef2f6b,did:example:gov_issuer,government,ProofOfResidence,18,2.59,15/03/2024,27/09/2026,active,eth-registry:39e92d64,False
did:example:96ed917e0c42fd62,did:example:university1,academic,StudentID,15,2.29,01/02/2024,10/11/2025,revoked,eth-registry:085dbadc,False
did:example:8ffcc6afd4a7aac5,did:example:university1,academic,StudentID,12,2.25,31/07/2024,31/07/2026,revoked,eth-registry:79ecae98,True
did:example:bb80ebb740a705e8,did:example:university1,academic,StudentID,13,2.09,14/11/2024,18/05/2026,active,eth-registry:d5c586b6,True
did:example:7842c2ffcb5e0995,did:example:employer1,professional,EmployeeID,11,1.93,04/04/2024,10/09/2025,active,eth-registry:394f10c8,True
did:example:72262e698d237c70,did:example:university1,academic,StudentID,12,1.93,23/05/2025,12/02/2028,revoked,eth-registry:69383ee0,True
did:example:6a89593136b3548f,did:example:university1,academic,StudentID,12,2.13,16/03/2025,31/12/2026,active,eth-registry:bc7a8be0,False
did:example:53f1811af2b782b0,did:example:gov_issuer,government,ProofOfAge,17,2.67,28/05/2025,13/12/2026,revoked,eth-registry:9caa3399,False
did:example:9e6bb82bb8ce7602,did:example:university1,academic,StudentID,13,2.06,05/11/2024,23/04/2027,active,eth-registry:bac8d582,False
did:example:dd5135677fc19e25,did:example:university1,academic,StudentID,15,2.28,11/11/2025,03/04/2028,revoked,eth-registry:723eef08,False
did:example:74660aa88d07cdae,did:example:employer1,professional,EmployeeID,13,1.69,06/05/2025,20/11/2026,active,eth-registry:3fd947af,True
did:example:47c75106ebb9caf6,did:example:university1,academic,StudentID,12,1.94,03/11/2025,10/03/2027,revoked,eth-registry:00ed4e9f,True
did:example:cd0e343234b72db9,did:example:gov_issuer,government,ProofOfResidence,18,2.51,05/03/2024,10/06/2026,revoked,eth-registry:846c4389,False
did:example:326b34d68695770b,did:example:gov_issuer,government,ProofOfResidence,16,2.66,02/05/2025,03/03/2028,active,eth-registry:615720c4,False
did:example:cd0df9c822286215,did:example:gov_issuer,government,ProofOfResidence,16,2.42,09/09/2024,26/12/2025,active,eth-registry:bad8e937,True
did:example:992cfbb2d37f8eac,did:example:university1,academic,StudentID,15,2.22,20/05/2024,11/11/2025,revoked,eth-registry:82059cbf,False
did:example:c246ef733c6c4670,did:example:employer1,professional,EmployeeID,13,1.67,11/05/2024,22/03/2027,active,eth-registry:14510ae7,False
did:example:d8ab61621f5656d3,did:example:university1,academic,StudentID,12,2.2,23/05/2024,09/11/2026,revoked,eth-registry:7d50caeb,False
did:example:14e03978201fc4c3,did:example:gov_issuer,government,ProofOfResidence,14,2.52,08/03/2024,22/05/2026,revoked,eth-registry:37e5fb03,True
did:example:a637a0949e286665,did:example:gov_issuer,government,ProofOfAge,16,2.37,28/11/2024,31/07/2026,revoked,eth-registry:8bc6f7c7,True
did:example:3dbc16d0925358a1,did:example:employer1,professional,EmployeeID,10,1.89,19/07/2025,26/06/2027,active,eth-registry:34ab6e0f,False
did:example:cd1dd38bb6bf0ed3,did:example:university1,academic,StudentID,12,2.19,04/12/2024,21/04/2026,active,eth-registry:948fd78a,True
did:example:00de593cfc229093,did:example:university1,academic,StudentID,15,2.11,05/04/2024,19/11/2026,revoked,eth-registry:889fe450,True
did:example:3954f62d72af14e3,did:example:university1,academic,StudentID,12,1.99,31/05/2025,01/06/2027,revoked,eth-registry:cdde2142,False
did:example:697ee3aec1b47390,did:example:employer1,professional,EmployeeID,10,1.65,07/05/2024,10/12/2026,revoked,eth-registry:e5a73dce,True
did:example:5ff5ca19d49bc4a8,did:example:university1,academic,StudentID,14,2.28,27/09/2025,29/06/2028,revoked,eth-registry:ba46aa8b,True
did:example:d8da237ebb5abbb1,did:example:university1,academic,StudentID,12,2.16,25/09/2024,05/12/2025,revoked,eth-registry:e5e60ace,True
did:example:574fae5068b1d8e3,did:example:employer1,professional,EmployeeID,11,1.92,01/01/2024,22/09/2026,revoked,eth-registry:76c73036,True
did:example:642846f7cb2028bd,did:example:university1,academic,StudentID,15,2.18,02/08/2024,14/03/2026,active,eth-registry:dbd3a748,True
did:example:e69e7d6e6b50fad2,did:example:university1,academic,StudentID,14,2.23,31/08/2025,27/04/2027,revoked,eth-registry:d7238d20,False
did:example:234f2206156ee4e0,did:example:gov_issuer,government,ProofOfAge,18,2.36,03/11/2025,04/10/2027,revoked,eth-registry:f616d8e7,True
did:example:d879dd64435aad42,did:example:university1,academic,StudentID,13,2.1,04/11/2024,09/06/2026,revoked,eth-registry:665747eb,True
did:example:96adfb6848b2a110,did:example:gov_issuer,government,ProofOfResidence,17,2.57,23/12/2025,28/08/2027,revoked,eth-registry:61cc06ea,True
did:example:da7faaf3fd2245c7,did:example:gov_issuer,government,ProofOfResidence,15,2.34,18/06/2024,06/11/2026,revoked,eth-registry:33f569f4,True
did:example:d6505729b6808383,did:example:university1,academic,StudentID,13,1.96,04/11/2024,23/06/2026,revoked,eth-registry:23fe681f,True
did:example:ddcfa149d5438502,did:example:university1,academic,StudentID,12,2.15,01/12/2024,18/02/2027,active,eth-registry:59bb8966,True
did:example:0f1fc66a3e53ae32,did:example:employer1,professional,EmployeeID,14,1.95,27/05/2024,08/02/2026,active,eth-registry:be87c4e2,False
did:example:ad07cc58de12277c,did:example:university1,academic,StudentID,12,2.16,07/10/2024,01/06/2026,revoked,eth-registry:64c19a22,False
did:example:b563265178bda404,did:example:university1,academic,StudentID,12,1.91,30/12/2024,12/04/2026,active,eth-registry:3bfd63a3,True
did:example:4e9f264ae620d415,did:example:employer1,professional,EmployeeID,12,1.99,26/05/2025,16/02/2028,active,eth-registry:9f1158b2,True
did:example:64615a35b01ad8b7,did:example:university1,academic,StudentID,13,1.96,28/12/2024,25/03/2026,revoked,eth-registry:a4529ece,False
did:example:ee7d97a437feeeb6,did:example:gov_issuer,government,ProofOfResidence,15,2.39,16/03/2024,24/04/2026,revoked,eth-registry:9e0c5ca6,False
did:example:7e9aeee6c6ecb3b8,did:example:employer1,professional,EmployeeID,11,1.99,06/12/2024,14/06/2026,active,eth-registry:1ba1ecb5,True
did:example:38097b54effb834f,did:example:employer1,professional,EmployeeID,11,1.91,12/09/2025,03/09/2028,active,eth-registry:5b4e829f,False
did:example:d6a73cc758dd304f,did:example:gov_issuer,government,ProofOfResidence,18,2.67,15/01/2024,06/03/2025,revoked,eth-registry:6d7a568a,True
did:example:1fffa150cf193164,did:example:university1,academic,StudentID,14,2.22,30/12/2025,06/11/2027,active,eth-registry:1f65895c,False
did:example:00c825d3144283e0,did:example:university1,academic,StudentID,15,2.16,03/04/2024,10/04/2026,revoked,eth-registry:1caff5e1,False
did:example:e2ec11d8738cf7c2,did:example:employer1,professional,EmployeeID,14,1.71,07/01/2024,28/12/2026,active,eth-registry:91cd5868,False
did:example:6ecdb5fa93acad3a,did:example:gov_issuer,government,ProofOfAge,17,2.43,13/04/2024,02/08/2025,active,eth-registry:6eef6474,True
did:example:42574c8925ac3955,did:example:university1,academic,StudentID,15,2.28,01/07/2024,01/03/2027,revoked,eth-registry:294232eb,True
did:example:a629d3941d2cc804,did:example:university1,academic,StudentID,12,2.24,14/09/2024,02/11/2025,active,eth-registry:fa9066d3,True
did:example:d116c4913180bf3d,did:example:gov_issuer,government,ProofOfAge,18,2.44,29/08/2025,28/03/2027,revoked,eth-registry:a962679c,False
did:example:4cfab7a94c0ae919,did:example:gov_issuer,government,ProofOfAge,16,2.45,28/02/2025,01/11/2027,revoked,eth-registry:34ea34de,True
did:example:9387b5c8d7c5d59f,did:example:gov_issuer,government,ProofOfAge,17,2.42,11/04/2025,11/01/2027,revoked,eth-registry:cd9fb8ec,True
did:example:2953052ba3be5680,did:example:employer1,professional,EmployeeID,11,1.73,03/10/2025,06/12/2027,active,eth-registry:9e6d62f9,True
did:example:0f520a19f8127160,did:example:university1,academic,StudentID,12,2.24,06/04/2024,17/01/2026,revoked,eth-registry:b70c1e6e,True
did:example:c0ed6b8697875746,did:example:employer1,professional,EmployeeID,14,1.6,12/06/2024,30/03/2027,active,eth-registry:3066ef74,False
did:example:e5aa3946bc1fdec0,did:example:employer1,professional,EmployeeID,12,1.77,08/12/2025,13/02/2027,active,eth-registry:710c6da5,False
did:example:1c367ea11c7e544e,did:example:gov_issuer,government,ProofOfResidence,14,2.68,17/07/2025,04/07/2028,active,eth-registry:a7daa5be,True
did:example:681fbf9e5535c8d7,did:example:gov_issuer,government,ProofOfResidence,17,2.52,13/02/2024,02/08/2025,revoked,eth-registry:dbe3e696,True
did:example:42c0c94f34669a98,did:example:employer1,professional,EmployeeID,10,1.78,14/06/2024,21/08/2026,active,eth-registry:383012dd,False
did:example:d7f9644607cd40e2,did:example:university1,academic,StudentID,13,2.02,30/09/2024,09/04/2026,active,eth-registry:d4f4e45b,True
did:example:8f3671dc00fced1b,did:example:university1,academic,StudentID,14,1.93,24/01/2024,27/08/2026,active,eth-registry:e91684ec,True
did:example:76fc8e9b68da5d12,did:example:university1,academic,StudentID,14,1.99,02/03/2025,29/07/2027,active,eth-registry:245485cd,True
did:example:88fc488143f9208f,did:example:gov_issuer,government,ProofOfResidence,16,2.34,20/04/2025,14/08/2026,active,eth-registry:7602bc1a,True
did:example:190cd2cfe1459175,did:example:university1,academic,StudentID,13,1.95,02/09/2024,01/03/2026,revoked,eth-registry:c06f6544,True
did:example:dacf67a9acf78c76,did:example:university1,academic,StudentID,15,1.97,05/06/2024,28/10/2026,revoked,eth-registry:8a851861,False
did:example:e8d7a9bbbddb5b11,did:example:university1,academic,StudentID,12,2.02,06/11/2024,08/11/2026,active,eth-registry:9e883fa8,False
did:example:161d760f715be978,did:example:employer1,professional,EmployeeID,10,1.6,03/11/2025,09/12/2027,revoked,eth-registry:a77bdd97,False
did:example:37bb149711d8c0c2,did:example:university1,academic,StudentID,12,2.28,09/06/2025,03/03/2027,active,eth-registry:34cdc7c1,False
did:example:170ebceb8e0df777,did:example:university1,academic,StudentID,15,1.95,13/11/2025,21/03/2028,active,eth-registry:06cafbcb,True
did:example:6d8c5abac66f8cf6,did:example:university1,academic,StudentID,13,2.05,08/02/2025,19/12/2027,active,eth-registry:031bf080,False
did:example:99fb20c80b7ac755,did:example:gov_issuer,government,ProofOfResidence,14,2.65,17/03/2024,01/06/2025,active,eth-registry:89134eb1,False
did:example:431f80dea3550352,did:example:university1,academic,StudentID,12,1.94,13/02/2024,03/07/2026,revoked,eth-registry:66a84b62,False
did:example:0f73ff39d055d334,did:example:gov_issuer,government,ProofOfAge,14,2.49,22/05/2024,06/04/2027,revoked,eth-registry:fc6c2ae0,True
did:example:cee721cd6d8db5ea,did:example:gov_issuer,government,ProofOfResidence,18,2.64,15/01/2025,26/06/2026,revoked,eth-registry:89aa7994,False
did:example:990b9c06068ec1f9,did:example:employer1,professional,EmployeeID,12,1.82,02/06/2024,03/04/2026,active,eth-registry:4833773b,False
did:example:d9269cbdcaf64f2b,did:example:university1,academic,StudentID,12,1.98,19/08/2024,07/10/2026,revoked,eth-registry:175b4a78,False
did:example:2070fcd636ba683a,did:example:employer1,professional,EmployeeID,11,1.89,28/10/2025,17/05/2028,active,eth-registry:ca0c417e,True
did:example:a7e10f7f3c2be096,did:example:employer1,professional,EmployeeID,13,1.87,01/02/2024,17/06/2026,revoked,eth-registry:cf893e87,True
did:example:492791a989f68271,did:example:employer1,professional,EmployeeID,12,1.74,27/02/2024,20/02/2027,active,eth-registry:f0ac44b3,False
did:example:cf3f373700fff28a,did:example:employer1,professional,EmployeeID,14,1.62,11/10/2024,22/11/2026,active,eth-registry:b66076ef,True
did:example:3e671452d3c0c60d,did:example:employer1,professional,EmployeeID,10,1.6,03/07/2025,01/04/2028,revoked,eth-registry:58c26cb7,True
did:example:3a9d762b80609e94,did:example:gov_issuer,government,ProofOfAge,14,2.63,25/08/2025,09/09/2027,revoked,eth-registry:4f8c2478,True
did:example:d5bdd1cee08bfbe5,did:example:university1,academic,StudentID,12,2.03,29/07/2024,13/03/2026,revoked,eth-registry:06b26807,False
did:example:aeb4f3c527607dde,did:example:university1,academic,StudentID,13,1.96,31/07/2024,05/12/2026,revoked,eth-registry:9447dd6a,True
did:example:126c33e39ec14266,did:example:employer1,professional,EmployeeID,13,1.81,01/03/2025,19/12/2026,active,eth-registry:b1617d0f,True
did:example:8de45df99adc415c,did:example:employer1,professional,EmployeeID,13,1.97,25/09/2025,18/01/2028,revoked,eth-registry:0b9e7d25,False
did:example:9a0a35316786137e,did:example:employer1,professional,EmployeeID,11,1.6,09/05/2024,26/08/2026,active,eth-registry:c17c2808,True
did:example:90fafb3814cf92b9,did:example:employer1,professional,EmployeeID,13,1.62,14/10/2025,06/12/2026,active,eth-registry:78314209,True
did:example:73eb7cba3aa62d79,did:example:gov_issuer,government,ProofOfAge,17,2.47,12/08/2025,09/09/2027,active,eth-registry:9944176d,True
did:example:61499884db313b03,did:example:gov_issuer,government,ProofOfAge,14,2.57,14/07/2024,23/07/2025,revoked,eth-registry:ef3167e2,False
did:example:d7744220abc13bf5,did:example:university1,academic,StudentID,14,2.09,05/05/2025,28/02/2027,revoked,eth-registry:6feac7c1,True
did:example:ae496d172c5badf2,did:example:university1,academic,StudentID,13,2.26,04/04/2025,28/07/2027,active,eth-registry:097f43f4,True
did:example:f4df4571a35fb68c,did:example:gov_issuer,government,ProofOfResidence,14,2.32,16/01/2024,07/05/2026,active,eth-registry:159e46df,True
did:example:bd4d682310afd624,did:example:employer1,professional,EmployeeID,11,1.74,20/10/2024,03/01/2026,active,eth-registry:55c65319,False
did:example:48b913a74506d509,did:example:employer1,professional,EmployeeID,13,1.74,22/06/2024,17/04/2027,revoked,eth-registry:414f6f3f,False
did:example:98f8a407dd8321e1,did:example:employer1,professional,EmployeeID,13,1.74,19/02/2024,11/08/2026,active,eth-registry:14fd13b1,True
did:example:1df04a030e3a21eb,did:example:university1,academic,StudentID,13,2.1,06/12/2024,20/07/2026,revoked,eth-registry:e9229452,False
did:example:cbb9af7f3704237b,did:example:university1,academic,StudentID,15,2.22,28/05/2025,21/04/2027,active,eth-registry:be91ce00,False
did:example:f64724bb6f42c20c,did:example:university1,academic,StudentID,13,2.03,23/01/2025,26/04/2026,revoked,eth-registry:ef6d5ca9,False
did:example:2ce23f7b4dbd4404,did:example:university1,academic,StudentID,13,2.2,05/03/2024,25/11/2025,revoked,eth-registry:cd8f2e8f,True
did:example:26deeb7c3e4c0590,did:example:university1,academic,StudentID,12,1.96,27/08/2025,02/01/2028,revoked,eth-registry:27733b86,False
did:example:2ce5a899e13c6ec8,did:example:university1,academic,StudentID,15,2.12,21/02/2024,26/11/2026,active,eth-registry:378db998,False
did:example:9d8ad1012aa72c69,did:example:gov_issuer,government,ProofOfResidence,18,2.45,09/10/2024,13/12/2026,active,eth-registry:3969487e,False
did:example:04dce38d62dc3caf,did:example:university1,academic,StudentID,12,2.12,19/02/2025,13/09/2026,revoked,eth-registry:3aecaae5,True
did:example:b284a5a4b5ef898b,did:example:university1,academic,StudentID,14,1.94,08/11/2025,30/08/2028,active,eth-registry:52df6584,True
did:example:0653db65858cbd33,did:example:gov_issuer,government,ProofOfResidence,17,2.68,05/07/2025,06/08/2027,active,eth-registry:5d20660f,False
did:example:6b92ab77cdca5ec6,did:example:university1,academic,StudentID,14,2.26,21/05/2024,14/11/2026,revoked,eth-registry:4f198f7e,False
did:example:40035a3337143673,did:example:university1,academic,StudentID,12,2.23,08/11/2024,09/04/2027,active,eth-registry:0783f285,True
did:example:785c68dbce64c677,did:example:gov_issuer,government,ProofOfResidence,18,2.66,18/09/2025,05/07/2027,revoked,eth-registry:4f7afe30,False
did:example:017bcc93a79d33ca,did:example:employer1,professional,EmployeeID,11,1.66,30/06/2024,14/07/2025,revoked,eth-registry:81b63ba0,True
did:example:53fadbe71f50293f,did:example:employer1,professional,EmployeeID,11,1.8,23/10/2025,28/01/2028,revoked,eth-registry:d5209033,False
did:example:fa54272bc7493d27,did:example:university1,academic,StudentID,13,2.03,24/01/2025,07/11/2027,active,eth-registry:75aaf371,True
did:example:6a0e59c4d2c1c9a5,did:example:employer1,professional,EmployeeID,14,1.95,03/04/2025,24/12/2027,revoked,eth-registry:1fa91f90,True
did:example:828a87a49c65964a,did:example:employer1,professional,EmployeeID,12,1.68,29/04/2025,17/01/2028,revoked,eth-registry:ec7ddb4f,True
did:example:dff95837d7f06a81,did:example:university1,academic,StudentID,14,1.99,08/12/2025,19/08/2027,active,eth-registry:35173fec,True
did:example:ae8320ff68d6947b,did:example:employer1,professional,EmployeeID,14,1.87,17/05/2025,08/03/2028,revoked,eth-registry:d606be32,False
did:example:fd90be4bfae8a2a7,did:example:employer1,professional,EmployeeID,14,1.64,27/10/2024,06/11/2025,active,eth-registry:58eec5d2,True
did:example:18db4e3927c8343e,did:example:gov_issuer,government,ProofOfAge,18,2.59,07/03/2025,24/10/2026,revoked,eth-registry:a5a3b192,True
did:example:33e5bcf952606071,did:example:employer1,professional,EmployeeID,14,1.71,26/05/2025,26/08/2027,revoked,eth-registry:e93d039b,True
did:example:9ad214d96eb849ad,did:example:university1,academic,StudentID,15,2.16,13/03/2025,26/10/2026,revoked,eth-registry:9ccd57b2,True
did:example:086651ec347f5f39,did:example:gov_issuer,government,ProofOfAge,18,2.65,08/01/2024,25/01/2025,active,eth-registry:c1ca4201,True
did:example:ef625b3dfa145855,did:example:gov_issuer,government,ProofOfResidence,17,2.54,21/10/2025,25/02/2027,active,eth-registry:8b087463,False
did:example:357917b34038fc29,did:example:university1,academic,StudentID,12,1.99,19/07/2024,04/06/2027,active,eth-registry:9277f83b,True
did:example:97140346ffae8bca,did:example:university1,academic,StudentID,12,1.92,20/04/2025,26/02/2027,revoked,eth-registry:3c4826e8,False
did:example:44161548d7b05fa2,did:example:employer1,professional,EmployeeID,13,1.62,18/02/2025,20/06/2026,revoked,eth-registry:a22db5d1,True
did:example:f2f7f77b8745d10b,did:example:employer1,professional,EmployeeID,11,1.64,28/03/2024,23/06/2026,revoked,eth-registry:8aa5ce8b,True
did:example:406411e89bad701d,did:example:university1,academic,StudentID,15,2.13,02/10/2025,02/07/2027,active,eth-registry:9f11de1b,True
did:example:e9e62e7d01bc24e5,did:example:university1,academic,StudentID,15,2.04,01/03/2024,13/12/2025,active,eth-registry:d4bb27df,True
did:example:2bfb35d9b11a7a26,did:example:university1,academic,StudentID,14,2.0,27/11/2025,18/10/2028,revoked,eth-registry:e9548f9c,True
did:example:3422cba7a7a2a1eb,did:example:university1,academic,StudentID,15,1.99,04/11/2025,05/12/2027,revoked,eth-registry:64d4912b,True
did:example:0fc1649f3737fe66,did:example:employer1,professional,EmployeeID,11,1.98,27/02/2025,26/04/2026,active,eth-registry:65905b7f,False
did:example:4df5f764c76c4384,did:example:employer1,professional,EmployeeID,12,1.65,28/11/2025,16/10/2028,active,eth-registry:ff7a9b4e,True
did:example:884f927d3d9e6653,did:example:gov_issuer,government,ProofOfAge,18,2.42,17/09/2025,20/09/2026,revoked,eth-registry:2409650a,False
did:example:89578866db311f39,did:example:employer1,professional,EmployeeID,14,1.79,19/10/2025,04/03/2028,revoked,eth-registry:9173e314,True
did:example:592517ce8d092675,did:example:university1,academic,StudentID,12,1.9,07/08/2025,21/10/2026,active,eth-registry:ad59745b,False
did:example:ef8ce8ab9f777138,did:example:university1,academic,StudentID,15,2.27,10/11/2025,27/05/2027,revoked,eth-registry:d0a446ff,True
did:example:bbed460572266275,did:example:employer1,professional,EmployeeID,12,1.64,19/07/2025,08/07/2028,active,eth-registry:b1c0dcf8,True
did:example:a680153dc9885e9a,did:example:university1,academic,StudentID,15,2.17,05/10/2025,05/02/2027,active,eth-registry:2ee89d9f,True
did:example:8efc20ad225ec62f,did:example:employer1,professional,EmployeeID,12,1.85,22/03/2024,02/03/2027,active,eth-registry:2a21cee2,False
did:example:f897a8d76d0714c2,did:example:employer1,professional,EmployeeID,13,1.92,08/11/2024,09/06/2026,active,eth-registry:9d519d3c,False
did:example:f3317b9b5d2adefd,did:example:gov_issuer,government,ProofOfResidence,14,2.56,15/12/2024,22/09/2026,active,eth-registry:4e8aee7e,True
did:example:c003e6ba49c10d9e,did:example:university1,academic,StudentID,13,2.21,26/10/2025,10/09/2028,active,eth-registry:ab88ee45,True
did:example:b7f806c7706a228e,did:example:employer1,professional,EmployeeID,13,1.77,21/12/2024,17/06/2027,revoked,eth-registry:9f3d06cc,False
did:example:1ead43224d2ff482,did:example:university1,academic,StudentID,15,2.1,17/11/2024,20/06/2026,active,eth-registry:9bcc8d44,False
did:example:5d1d30d67fd95aa1,did:example:employer1,professional,EmployeeID,10,1.88,29/07/2025,17/01/2028,revoked,eth-registry:e26a164d,True
did:example:3bbb1de967a3df0f,did:example:gov_issuer,government,ProofOfAge,14,2.53,20/04/2025,03/04/2027,active,eth-registry:4099c634,True
did:example:700fe73955e2edb9,did:example:employer1,professional,EmployeeID,13,1.8,04/03/2025,15/05/2026,active,eth-registry:369e9595,True
did:example:1bcac7e1e59c1419,did:example:employer1,professional,EmployeeID,12,1.68,29/10/2025,01/05/2027,active,eth-registry:aeea2480,True
did:example:44dab0c92a3c4a88,did:example:gov_issuer,government,ProofOfAge,18,2.4,22/08/2025,09/02/2027,active,eth-registry:e38afe37,True
did:example:1d3597353869c849,did:example:employer1,professional,EmployeeID,10,1.74,03/06/2025,15/05/2027,revoked,eth-registry:144c8d06,True
did:example:120d9305af1e9038,did:example:gov_issuer,government,ProofOfAge,15,2.3,30/11/2025,09/09/2028,active,eth-registry:3d8a6920,True
did:example:db03a4910b524ec1,did:example:gov_issuer,government,ProofOfAge,14,2.47,05/02/2024,27/03/2026,revoked,eth-registry:316a9c3f,False
did:example:6debd32ad41da092,did:example:university1,academic,StudentID,14,1.9,09/02/2025,10/06/2026,active,eth-registry:483b0967,True
did:example:a1952c921243d845,did:example:employer1,professional,EmployeeID,14,1.83,23/01/2024,10/04/2026,revoked,eth-registry:f9f9f2c7,True
did:example:a8bf2eec5f42c569,did:example:gov_issuer,government,ProofOfResidence,14,2.58,01/08/2025,16/08/2027,active,eth-registry:cdf51b9a,False
did:example:0b175db5f5a49ab5,did:example:gov_issuer,government,ProofOfResidence,15,2.52,02/04/2024,10/01/2026,active,eth-registry:0b967dce,True
did:example:839b13931953f006,did:example:university1,academic,StudentID,15,2.18,13/02/2025,10/08/2026,active,eth-registry:6d66f657,True
did:example:de89212b3bf63b53,did:example:gov_issuer,government,ProofOfResidence,14,2.3,26/07/2025,28/12/2027,revoked,eth-registry:480eec50,True
did:example:067e8f5c0517a622,did:example:employer1,professional,EmployeeID,14,1.62,02/04/2025,14/05/2027,active,eth-registry:e98db48c,True
did:example:01829c5d2f2a921b,did:example:gov_issuer,government,ProofOfResidence,18,2.58,12/02/2024,22/12/2025,revoked,eth-registry:47046cbc,True
did:example:a0bdca4d0c75d5be,did:example:employer1,professional,EmployeeID,10,1.92,13/12/2024,05/05/2026,revoked,eth-registry:756d57ca,True
did:example:7e2656b5a6d46bd2,did:example:university1,academic,StudentID,12,2.19,23/07/2025,19/10/2026,revoked,eth-registry:d56a0319,True
did:example:7135ede16e6dd2e0,did:example:university1,academic,StudentID,14,2.17,02/12/2025,08/05/2027,revoked,eth-registry:78c3baf2,False
did:example:1341fabebfacecfd,did:example:university1,academic,StudentID,12,2.18,18/10/2025,14/01/2028,revoked,eth-registry:00583090,False
did:example:287d1283b476fc21,did:example:employer1,professional,EmployeeID,12,1.9,20/08/2025,23/09/2026,active,eth-registry:69c58934,True
did:example:2355f5d013d7403b,did:example:gov_issuer,government,ProofOfAge,14,2.59,12/08/2024,03/10/2025,revoked,eth-registry:daec805a,False
did:example:d95a98938cc5ad4d,did:example:employer1,professional,EmployeeID,12,1.9,03/07/2025,25/06/2028,active,eth-registry:552fdd2e,False
did:example:d81c41935537ec30,did:example:gov_issuer,government,ProofOfAge,15,2.33,01/05/2024,12/11/2025,revoked,eth-registry:5d1fcf64,True
did:example:452999cbef359e28,did:example:university1,academic,StudentID,14,1.93,28/08/2024,18/11/2025,active,eth-registry:8d9253e3,True
did:example:fe70b1f591c831c6,did:example:gov_issuer,government,ProofOfAge,18,2.44,26/07/2024,01/07/2027,active,eth-registry:7a2dc3a2,True
did:example:6aa87667082311c4,did:example:gov_issuer,government,ProofOfResidence,16,2.51,20/12/2024,19/10/2026,revoked,eth-registry:debcdc8f,False
did:example:ae130307ef473e9b,did:example:gov_issuer,government,ProofOfAge,17,2.61,01/10/2025,01/10/2026,active,eth-registry:7f08f00a,False
did:example:e17020713aa580b1,did:example:university1,academic,StudentID,14,2.03,22/09/2025,24/07/2027,active,eth-registry:5c2ed431,False
did:example:eebadbc9a04f507d,did:example:gov_issuer,government,ProofOfAge,18,2.41,14/10/2025,29/10/2026,revoked,eth-registry:bbf77304,False
did:example:7dccfc12923499af,did:example:employer1,professional,EmployeeID,11,1.91,15/11/2025,24/06/2027,active,eth-registry:860232fb,True
did:example:b47b17de735c2639,did:example:university1,academic,StudentID,12,2.0,21/01/2024,11/12/2026,revoked,eth-registry:efd325e4,True
did:example:ae4bb2cde3182e89,did:example:university1,academic,StudentID,13,2.23,30/12/2025,01/08/2028,active,eth-registry:3e4ac92f,True
did:example:6784cbefc8816077,did:example:employer1,professional,EmployeeID,13,1.67,03/10/2025,04/08/2027,revoked,eth-registry:90879119,True
did:example:74551c58f9f9097c,did:example:employer1,professional,EmployeeID,14,1.74,20/06/2025,21/02/2027,revoked,eth-registry:e1766b46,False
did:example:c70d94756311eeb4,did:example:employer1,professional,EmployeeID,11,1.76,28/02/2024,29/04/2026,revoked,eth-registry:947f9335,True
did:example:90eb1ede51204cd8,did:example:employer1,professional,EmployeeID,10,1.72,18/06/2025,18/09/2027,revoked,eth-registry:71b5f47b,False
did:example:a01eea17445f81a3,did:example:university1,academic,StudentID,14,1.9,08/05/2025,13/11/2027,revoked,eth-registry:cbdb25a1,True
did:example:c108c8e48b67cf06,did:example:university1,academic,StudentID,14,1.99,09/03/2024,09/04/2026,active,eth-registry:8836ebea,False
did:example:877a1bba5cb42bb8,did:example:employer1,professional,EmployeeID,11,1.74,27/05/2024,22/07/2025,active,eth-registry:07ec78e3,False
did:example:86725995b8857332,did:example:university1,academic,StudentID,12,2.03,03/07/2025,25/03/2028,active,eth-registry:e4a6bc7e,True
did:example:37f2aac9b6fb5a1c,did:example:university1,academic,StudentID,15,2.21,02/05/2024,02/01/2026,revoked,eth-registry:323b9249,False
did:example:3336fb9ab3e27aee,did:example:university1,academic,StudentID,15,1.92,10/09/2024,02/05/2027,active,eth-registry:d846c69a,True
did:example:507354c072888051,did:example:university1,academic,StudentID,14,2.06,20/03/2025,02/11/2027,active,eth-registry:2cc7dafa,False
did:example:31c69b5d031b83aa,did:example:gov_issuer,government,ProofOfResidence,16,2.32,24/09/2025,02/03/2027,active,eth-registry:b4f78626,True
did:example:3845c67326c98ae7,did:example:employer1,professional,EmployeeID,11,1.97,26/07/2024,06/08/2026,active,eth-registry:c6b45dc4,False
did:example:c18cc865b2e8a443,did:example:employer1,professional,EmployeeID,12,1.92,09/01/2024,10/07/2026,active,eth-registry:9463e012,False
did:example:71a85d7a3efb3b7f,did:example:employer1,professional,EmployeeID,10,1.99,14/09/2025,02/06/2027,revoked,eth-registry:98d4fc7e,True
did:example:13dfeaba753437ed,did:example:employer1,professional,EmployeeID,11,1.96,14/11/2025,15/06/2028,active,eth-registry:ccebc9eb,False
did:example:8aa2008e75758601,did:example:gov_issuer,government,ProofOfResidence,16,2.43,16/09/2025,03/10/2027,active,eth-registry:096230be,False
did:example:5014298eed4fd9f5,did:example:gov_issuer,government,ProofOfResidence,16,2.58,19/12/2024,21/10/2027,revoked,eth-registry:a39ef260,True
did:example:95e164bb89e64c21,did:example:university1,academic,StudentID,12,2.02,10/06/2025,26/03/2028,revoked,eth-registry:0ac314d6,True
did:example:e4718a9b1e837260,did:example:university1,academic,StudentID,15,2.26,03/04/2024,08/03/2027,active,eth-registry:e8dc34f0,True
did:example:3fed2b3eb97cba74,did:example:university1,academic,StudentID,13,2.06,10/04/2025,18/09/2026,revoked,eth-registry:eab6522f,False
did:example:f32dd17ac2b50027,did:example:university1,academic,StudentID,14,2.05,15/03/2025,04/09/2027,active,eth-registry:b8af81e8,False
did:example:949233c4039685eb,did:example:employer1,professional,EmployeeID,12,1.97,09/04/2025,10/10/2027,active,eth-registry:9b88cd0c,False
did:example:dfb1f7e8a98d5563,did:example:gov_issuer,government,ProofOfAge,16,2.63,20/05/2025,13/04/2027,active,eth-registry:3f5439a6,True
did:example:07ca6d1053d09415,did:example:gov_issuer,government,ProofOfResidence,18,2.69,12/10/2025,12/02/2027,active,eth-registry:1289f0e9,False
did:example:13a1af1220681efe,did:example:employer1,professional,EmployeeID,13,1.63,24/07/2025,23/02/2027,revoked,eth-registry:a44629dd,True
did:example:0539ebac5bbb1933,did:example:university1,academic,StudentID,15,2.0,27/01/2024,06/02/2026,active,eth-registry:0e4d85b7,False
did:example:e995e1976a1e8a0f,did:example:university1,academic,StudentID,13,2.02,28/05/2025,19/02/2028,active,eth-registry:a659635a,False
did:example:361d78c61e9713af,did:example:gov_issuer,government,ProofOfResidence,15,2.47,17/06/2025,16/04/2028,revoked,eth-registry:2d221edb,True
did:example:4521845dc4bf38f5,did:example:university1,academic,StudentID,13,2.09,08/02/2025,09/12/2027,revoked,eth-registry:eba9cf45,True
did:example:4e1a54996036816a,did:example:employer1,professional,EmployeeID,12,1.72,31/03/2025,20/02/2028,active,eth-registry:a070624d,False
did:example:27482f281481d83e,did:example:employer1,professional,EmployeeID,11,1.92,29/02/2024,10/05/2025,revoked,eth-registry:aad0470b,True
did:example:ea1a7619eb4d27e7,did:example:university1,academic,StudentID,13,1.99,10/07/2024,07/07/2027,active,eth-registry:41d8415d,False
did:example:cacdaa9fb7080858,did:example:employer1,professional,EmployeeID,10,1.88,22/09/2025,01/11/2027,revoked,eth-registry:fc977f45,True
did:example:a76a2a76f96fc649,did:example:employer1,professional,EmployeeID,12,1.94,02/01/2024,14/03/2025,revoked,eth-registry:e115ae52,False
did:example:e553d0fd07f29d56,did:example:gov_issuer,government,ProofOfAge,17,2.54,19/12/2025,23/03/2027,revoked,eth-registry:511bf33f,True
did:example:6b8f36516b057975,did:example:gov_issuer,government,ProofOfResidence,16,2.44,11/06/2024,14/12/2025,revoked,eth-registry:295043e3,False
did:example:799ec25b7ac565b7,did:example:gov_issuer,government,ProofOfResidence,18,2.38,22/07/2025,21/01/2027,revoked,eth-registry:14aa54cc,True
did:example:c07ad04d7d688541,did:example:employer1,professional,EmployeeID,14,1.65,09/06/2024,29/08/2025,revoked,eth-registry:9673f4ab,True
did:example:d650dc3a1306bdfb,did:example:gov_issuer,government,ProofOfAge,18,2.6,26/01/2024,01/11/2025,revoked,eth-registry:d17ba6a8,False
did:example:f34d2ae872995db8,did:example:employer1,professional,EmployeeID,10,1.79,17/03/2025,20/04/2027,revoked,eth-registry:7916851c,False
did:example:e1b2d8bd677306dd,did:example:gov_issuer,government,ProofOfAge,18,2.32,06/07/2025,18/02/2027,active,eth-registry:4fc38743,False
did:example:b347ab5129a0a074,did:example:employer1,professional,EmployeeID,11,1.99,03/03/2024,04/07/2026,active,eth-registry:0a34df43,True
did:example:381183fb049467eb,did:example:university1,academic,StudentID,13,2.17,16/07/2024,21/12/2026,revoked,eth-registry:3f869baf,True
did:example:e01e635bf4b73eeb,did:example:university1,academic,StudentID,13,2.24,10/08/2024,29/05/2026,active,eth-registry:76907246,False
did:example:521e619d852cdb52,did:example:university1,academic,StudentID,13,2.08,04/12/2025,30/01/2027,revoked,eth-registry:06ee3441,False
did:example:e5598f834845dccf,did:example:gov_issuer,government,ProofOfAge,18,2.68,14/08/2024,29/03/2026,revoked,eth-registry:52cd4b56,False
did:example:d546e850d36616e2,did:example:gov_issuer,government,ProofOfResidence,17,2.38,16/02/2024,09/05/2026,active,eth-registry:9a4a0bb0,True
did:example:693bb2d8fa6ff35b,did:example:university1,academic,StudentID,15,1.97,21/12/2025,03/10/2027,revoked,eth-registry:46e83093,False
did:example:a978bdea448b9bb4,did:example:university1,academic,StudentID,15,2.26,08/03/2024,07/05/2026,revoked,eth-registry:1f1c8d15,False
did:example:9d5ba1c9f6faf8d2,did:example:university1,academic,StudentID,13,2.26,22/12/2024,29/08/2027,active,eth-registry:7e449e92,True
did:example:22ad732fbfd6044b,did:example:gov_issuer,government,ProofOfAge,17,2.5,12/05/2024,08/12/2026,revoked,eth-registry:3de3da57,True
did:example:4914999bf8b8cd80,did:example:university1,academic,StudentID,14,1.95,03/07/2024,01/10/2026,revoked,eth-registry:7b57ae84,True
did:example:02a3dfd4a8aba769,did:example:gov_issuer,government,ProofOfResidence,16,2.42,04/07/2025,12/09/2026,active,eth-registry:57baa82d,False
did:example:c264ca98a0fa553a,did:example:employer1,professional,EmployeeID,13,1.9,09/04/2024,06/10/2026,active,eth-registry:e2c36afb,False
did:example:bb9274209dc98cfa,did:example:gov_issuer,government,ProofOfResidence,17,2.64,21/04/2025,20/12/2026,active,eth-registry:bf5ed5d2,True
did:example:203bb8a92b983f06,did:example:gov_issuer,government,ProofOfAge,18,2.44,17/02/2025,17/12/2026,active,eth-registry:88c7b82f,False
did:example:5aa140f3958c663b,did:example:university1,academic,StudentID,15,1.92,15/06/2025,06/11/2027,active,eth-registry:8a14a6b1,False
did:example:e7652a003b2b09d0,did:example:gov_issuer,government,ProofOfResidence,17,2.57,26/04/2024,25/12/2026,revoked,eth-registry:84239d11,False
did:example:3577d42c5bed89e0,did:example:employer1,professional,EmployeeID,14,1.9,15/09/2024,17/02/2027,active,eth-registry:5eb2d500,False
did:example:7ed3a70106fbd8ea,did:example:university1,academic,StudentID,12,2.07,03/01/2024,10/08/2025,revoked,eth-registry:67291037,True
did:example:845facd10b3d7366,did:example:employer1,professional,EmployeeID,13,1.83,04/10/2025,28/08/2027,revoked,eth-registry:fb2e6948,False
did:example:bd44b8f9df8164cc,did:example:university1,academic,StudentID,13,2.29,23/12/2025,13/09/2027,active,eth-registry:5c4b894c,False
did:example:9080e5969e76a4ef,did:example:university1,academic,StudentID,13,2.0,22/11/2024,25/10/2026,active,eth-registry:b359ffc1,False
did:example:6d3ffcecf45075a3,did:example:university1,academic,StudentID,15,2.13,22/01/2025,28/07/2027,active,eth-registry:bb56484a,True
did:example:b5fa50e276f99dd0,did:example:employer1,professional,EmployeeID,11,1.84,08/04/2024,14/03/2027,active,eth-registry:57ee5c48,False
did:example:0cad5e76bbf7a1ff,did:example:employer1,professional,EmployeeID,14,1.82,02/10/2025,14/07/2027,active,eth-registry:df82f3a5,True
did:example:8f3f26fa6160e3d4,did:example:university1,academic,StudentID,13,2.25,15/07/2025,10/03/2027,active,eth-registry:9705184c,False
did:example:e7d4fd7257761a45,did:example:university1,academic,StudentID,13,2.14,24/03/2024,29/12/2026,active,eth-registry:305beac1,False
did:example:45b84acce8c77611,did:example:gov_issuer,government,ProofOfResidence,15,2.5,22/01/2025,11/05/2026,active,eth-registry:8af57a6d,True
did:example:aa31e3172069ce7b,did:example:employer1,professional,EmployeeID,12,1.65,05/05/2024,14/02/2026,revoked,eth-registry:a3545b88,True
did:example:6c533f97b7322702,did:example:university1,academic,StudentID,15,2.18,09/03/2025,03/02/2028,revoked,eth-registry:e87dfa23,True
did:example:74aa3c6309d813bc,did:example:gov_issuer,government,ProofOfResidence,14,2.35,25/04/2025,29/01/2028,active,eth-registry:0bb79c88,False
did:example:2b3ebb2e97859cfb,did:example:gov_issuer,government,ProofOfAge,16,2.31,08/10/2024,22/05/2027,revoked,eth-registry:4a78833b,False
did:example:aa64eb94f640344e,did:example:university1,academic,StudentID,15,2.1,18/11/2024,29/08/2027,revoked,eth-registry:3ee60495,True
did:example:7191a549526e9f19,did:example:gov_issuer,government,ProofOfAge,16,2.53,03/06/2025,23/11/2026,revoked,eth-registry:dbc49295,False
did:example:4f6b3fca858d5e27,did:example:university1,academic,StudentID,14,2.3,23/04/2024,04/06/2025,active,eth-registry:b5d6870d,False
did:example:ea0a65735b927003,did:example:university1,academic,StudentID,13,2.18,27/01/2024,14/10/2026,active,eth-registry:f125d0d0,False
did:example:4700ecbc4aecc3d5,did:example:university1,academic,StudentID,12,2.24,31/10/2024,25/10/2026,revoked,eth-registry:ff80a39e,False
did:example:3bdacab8b1c9b573,did:example:university1,academic,StudentID,14,2.04,25/12/2024,27/06/2026,revoked,eth-registry:7aec68d3,False
did:example:2ba9fb02dcd51dba,did:example:university1,academic,StudentID,15,2.1,28/07/2024,12/07/2026,revoked,eth-registry:915ec454,True
did:example:c597cb3b4bcaf074,did:example:university1,academic,StudentID,14,2.29,08/11/2024,05/07/2027,active,eth-registry:e6a2b161,True
did:example:743f6d749097b7a2,did:example:university1,academic,StudentID,13,2.07,15/03/2024,09/03/2026,active,eth-registry:c8cbf4a1,False
did:example:aac471cb97e87985,did:example:gov_issuer,government,ProofOfResidence,14,2.62,29/06/2025,01/10/2027,active,eth-registry:86c828ad,True
did:example:f1fc80d361ca8e8d,did:example:gov_issuer,government,ProofOfAge,18,2.51,14/07/2025,24/07/2027,active,eth-registry:5502d3b6,True
did:example:9c5bdbc9e961e2d4,did:example:university1,academic,StudentID,15,1.99,13/07/2024,30/06/2026,revoked,eth-registry:f43c4116,True
did:example:3120b27917b8f912,did:example:employer1,professional,EmployeeID,14,1.83,21/04/2025,17/03/2028,active,eth-registry:e9b13394,True
did:example:53920d695d95901f,did:example:employer1,professional,EmployeeID,11,1.69,19/06/2024,28/04/2027,revoked,eth-registry:edd265cf,True
did:example:c2c44ca7e762c5a4,did:example:university1,academic,StudentID,14,1.9,15/10/2024,20/08/2026,revoked,eth-registry:8ac18819,False
did:example:f7723d54c4870032,did:example:university1,academic,StudentID,13,1.99,21/08/2024,04/04/2027,revoked,eth-registry:501f7209,True
did:example:e754284efcb2e9e6,did:example:employer1,professional,EmployeeID,11,1.68,10/12/2025,21/05/2028,active,eth-registry:761df143,False
did:example:9c59940f7b5d007f,did:example:gov_issuer,government,ProofOfAge,15,2.45,17/12/2024,21/03/2026,revoked,eth-registry:a2325dbc,False
did:example:aa2b4400b8ed3d5b,did:example:employer1,professional,EmployeeID,11,1.96,07/04/2025,17/12/2027,revoked,eth-registry:2dbab2bc,False
did:example:b921e467ba5322b3,did:example:university1,academic,StudentID,14,2.06,02/06/2024,30/10/2026,revoked,eth-registry:050e2379,True
did:example:3c9d01f929a512d7,did:example:employer1,professional,EmployeeID,10,1.94,08/11/2025,25/07/2028,revoked,eth-registry:3c602c38,False
did:example:e03fad786b13f94b,did:example:gov_issuer,government,ProofOfResidence,17,2.52,15/05/2025,13/12/2027,active,eth-registry:a5ab93ef,False
did:example:b0f75a83a82abacf,did:example:gov_issuer,government,ProofOfAge,16,2.3,18/03/2024,30/01/2027,active,eth-registry:11ccc849,False
did:example:986943e629373052,did:example:gov_issuer,government,ProofOfResidence,18,2.38,30/08/2024,29/09/2026,revoked,eth-registry:98c46eb3,True
did:example:fd88df864d53a31a,did:example:employer1,professional,EmployeeID,11,1.97,04/01/2025,17/02/2026,revoked,eth-registry:be6467e7,False
did:example:951b7a645e7a2677,did:example:university1,academic,StudentID,12,2.14,04/11/2024,24/05/2026,active,eth-registry:543ebac7,False
did:example:3b690ece107e1f2b,did:example:employer1,professional,EmployeeID,11,1.97,08/08/2025,22/11/2026,revoked,eth-registry:64ec29ff,True
did:example:9878542798fbb459,did:example:university1,academic,StudentID,15,2.02,11/02/2025,01/08/2026,active,eth-registry:4c46d511,False
did:example:25a2418dbce2c521,did:example:employer1,professional,EmployeeID,11,1.89,11/02/2025,05/04/2027,revoked,eth-registry:35aecc78,True
did:example:18153f3fb2bb7e65,did:example:employer1,professional,EmployeeID,13,1.91,02/10/2024,14/09/2027,revoked,eth-registry:c44385f0,True
did:example:8381d179e5c88fc5,did:example:university1,academic,StudentID,15,2.29,09/09/2025,19/03/2028,revoked,eth-registry:c0394111,True
did:example:59329d768a3d5788,did:example:gov_issuer,government,ProofOfAge,15,2.31,27/05/2025,11/04/2027,active,eth-registry:1fe66e6f,True
did:example:45cc8adbe92a22d0,did:example:university1,academic,StudentID,14,2.28,30/05/2025,23/05/2027,active,eth-registry:7918344d,True
did:example:9019a6a40231c38f,did:example:university1,academic,StudentID,12,2.06,24/04/2025,08/05/2027,active,eth-registry:e8b8e1e4,False
did:example:8ecf1ae2606e3a75,did:example:university1,academic,StudentID,13,2.24,01/05/2025,25/02/2027,revoked,eth-registry:f70f979e,True
did:example:ef5eee9b71d95aa6,did:example:university1,academic,StudentID,13,2.12,07/07/2025,17/09/2027,active,eth-registry:a31889bb,True
did:example:e9ae9bc3cf94d278,did:example:gov_issuer,government,ProofOfAge,17,2.53,20/06/2024,09/05/2027,revoked,eth-registry:db423cc0,False
did:example:1896134be110346a,did:example:employer1,professional,EmployeeID,14,1.74,17/01/2025,31/03/2026,revoked,eth-registry:2da95596,False
did:example:e6b05bee3b330887,did:example:university1,academic,StudentID,13,2.23,05/04/2024,21/12/2025,revoked,eth-registry:0ce674c5,False
did:example:118baad9eac7412d,did:example:university1,academic,StudentID,13,2.01,25/09/2024,23/11/2025,active,eth-registry:c6056485,False
did:example:021eacdcc9f43fdb,did:example:gov_issuer,government,ProofOfAge,18,2.5,31/07/2024,13/04/2027,revoked,eth-registry:10500f4f,False
did:example:2d812edc56619dc0,did:example:employer1,professional,EmployeeID,12,1.82,27/05/2024,18/10/2025,revoked,eth-registry:757b8a32,False
did:example:26bd074aaefc2246,did:example:employer1,professional,EmployeeID,12,1.9,04/02/2025,27/05/2027,revoked,eth-registry:ab4d9a5e,True
did:example:5dc1bc86b303f186,did:example:university1,academic,StudentID,14,2.09,15/11/2024,01/01/2026,revoked,eth-registry:f413f8dd,False
did:example:da11d6d659bb7754,did:example:university1,academic,StudentID,12,2.17,27/11/2024,10/11/2026,revoked,eth-registry:b3eaccb9,False
did:example:e11c51b5e6109837,did:example:employer1,professional,EmployeeID,14,1.79,30/09/2025,17/07/2028,active,eth-registry:f9896894,True
did:example:56a17007de6f3a30,did:example:employer1,professional,EmployeeID,11,1.86,21/09/2024,18/08/2027,active,eth-registry:b3da41ba,True
did:example:33b982f63d6c98a2,did:example:gov_issuer,government,ProofOfAge,17,2.57,29/03/2024,15/07/2025,revoked,eth-registry:6ec519ff,True
did:example:41902c6c7dd02317,did:example:employer1,professional,EmployeeID,12,1.88,01/08/2025,27/11/2027,revoked,eth-registry:fff82418,True
did:example:52bba85a469f5b9f,did:example:employer1,professional,EmployeeID,13,1.93,06/06/2024,18/11/2025,revoked,eth-registry:e98e44ac,True
did:example:ed23107d61aaa583,did:example:employer1,professional,EmployeeID,13,1.82,12/12/2025,28/05/2028,revoked,eth-registry:4e57d299,False
did:example:6deb628858781f73,did:example:employer1,professional,EmployeeID,10,1.68,01/05/2025,28/05/2027,active,eth-registry:03bc4098,False
did:example:636b0cd2e1bbcb9a,did:example:gov_issuer,government,ProofOfAge,14,2.57,05/07/2024,08/02/2027,active,eth-registry:2d9075fd,True
did:example:ece666a44719d180,did:example:university1,academic,StudentID,15,1.93,24/02/2025,11/12/2027,revoked,eth-registry:b9fcea5b,True
did:example:5c64dd1d5c2cbcbe,did:example:university1,academic,StudentID,14,1.99,12/11/2025,28/07/2027,revoked,eth-registry:696ee40f,True
did:example:fd188c5c83128c68,did:example:university1,academic,StudentID,13,2.22,31/10/2025,05/12/2026,revoked,eth-registry:21c02f69,False
did:example:8229c1c90ff9dbbe,did:example:university1,academic,StudentID,12,2.07,17/10/2024,05/06/2026,revoked,eth-registry:6737a2ba,True
did:example:d81c1c81c14c013c,did:example:university1,academic,StudentID,12,2.1,22/01/2024,27/06/2025,active,eth-registry:8b586cc3,False
did:example:6d3dfac79aed4f9a,did:example:gov_issuer,government,ProofOfAge,18,2.69,28/02/2024,29/05/2025,active,eth-registry:60cc6332,True
did:example:3a15ec105e530d69,did:example:university1,academic,StudentID,15,1.99,04/10/2025,11/03/2028,revoked,eth-registry:538c7519,False
did:example:50e964866de267e1,did:example:employer1,professional,EmployeeID,11,1.61,28/04/2025,16/02/2028,revoked,eth-registry:e7dc5c0e,True
did:example:efc017ce0853cb15,did:example:employer1,professional,EmployeeID,11,1.64,14/06/2025,28/06/2027,revoked,eth-registry:61fb73d0,False
did:example:2d7a235d57552b05,did:example:university1,academic,StudentID,13,2.0,11/06/2025,05/07/2027,active,eth-registry:b5163cae,True
did:example:6876e7d13ccf6a74,did:example:university1,academic,StudentID,12,2.19,20/07/2025,27/09/2027,active,eth-registry:71815452,False
did:example:7cd618c673e5dcdd,did:example:gov_issuer,government,ProofOfAge,16,2.61,06/01/2025,24/10/2027,active,eth-registry:4494f618,False
did:example:284256bf9bec08ca,did:example:university1,academic,StudentID,14,2.13,03/10/2024,15/10/2025,active,eth-registry:376e1dc9,False
did:example:749e8009f36e5516,did:example:university1,academic,StudentID,15,2.0,20/06/2024,10/07/2026,active,eth-registry:dc2df41b,False
did:example:6356e05ecf988d84,did:example:employer1,professional,EmployeeID,11,1.81,12/08/2024,07/05/2027,revoked,eth-registry:c69486e7,True
did:example:454931431ee270cd,did:example:employer1,professional,EmployeeID,10,1.61,02/07/2025,28/10/2026,revoked,eth-registry:63aa5c9f,True
did:example:4e033a2b5f2bede4,did:example:employer1,professional,EmployeeID,10,1.87,11/01/2024,09/03/2026,active,eth-registry:72d4161a,False
did:example:a42415067fbb5330,did:example:university1,academic,StudentID,13,2.15,16/04/2024,21/04/2025,active,eth-registry:60fc1133,False
did:example:a1fa614fde50997b,did:example:gov_issuer,government,ProofOfResidence,17,2.31,29/07/2025,29/03/2028,active,eth-registry:73b66d2c,True
did:example:b40f647b494ace84,did:example:employer1,professional,EmployeeID,10,1.93,19/04/2025,10/08/2027,revoked,eth-registry:9d3ef489,True
did:example:b196373cb5b9a664,did:example:gov_issuer,government,ProofOfResidence,17,2.61,28/04/2024,02/04/2027,active,eth-registry:b4ce0a32,True
did:example:4f2f81a0d26997cd,did:example:employer1,professional,EmployeeID,12,1.72,27/01/2024,02/09/2025,active,eth-registry:7763509a,True
did:example:079ec1b13b327a23,did:example:employer1,professional,EmployeeID,13,1.85,14/06/2024,01/12/2026,active,eth-registry:fc902333,True
did:example:880b2f175472dc61,did:example:employer1,professional,EmployeeID,12,1.84,27/03/2024,10/10/2026,revoked,eth-registry:b9f85b3c,False
did:example:0cf06fe7b1f47698,did:example:gov_issuer,government,ProofOfAge,14,2.36,21/07/2024,12/08/2025,revoked,eth-registry:ba145b8d,True
did:example:a399215ca84ad74a,did:example:gov_issuer,government,ProofOfAge,14,2.38,31/08/2025,08/03/2028,revoked,eth-registry:8f872dcf,True
did:example:739f8ca10e6eb7d3,did:example:gov_issuer,government,ProofOfAge,16,2.57,27/09/2025,29/02/2028,revoked,eth-registry:a740e9a7,True
did:example:12adb55fe758667c,did:example:employer1,professional,EmployeeID,12,1.97,28/07/2024,19/10/2026,active,eth-registry:8f0398bb,True
did:example:b3f15832ca6a96fc,did:example:employer1,professional,EmployeeID,14,1.83,29/07/2024,13/09/2026,revoked,eth-registry:881c85e1,False
did:example:380c517b5494c76b,did:example:university1,academic,StudentID,15,2.13,27/08/2025,02/04/2028,revoked,eth-registry:34e8f754,True
did:example:03fa51a6b1fe904f,did:example:employer1,professional,EmployeeID,10,1.86,07/11/2024,21/01/2026,revoked,eth-registry:f768af49,False
did:example:d143b4a21f4a410a,did:example:university1,academic,StudentID,13,2.08,05/06/2024,19/03/2026,active,eth-registry:8f5ea53b,True
did:example:0599be3e4e1318b4,did:example:gov_issuer,government,ProofOfAge,15,2.32,30/06/2025,13/01/2027,active,eth-registry:e604f947,False
did:example:8f5fd17d5ec77ecc,did:example:employer1,professional,EmployeeID,10,1.76,24/12/2024,02/09/2027,revoked,eth-registry:fa9a10c6,True
did:example:38d9b1529e8fc064,did:example:gov_issuer,government,ProofOfResidence,14,2.66,14/10/2025,14/02/2027,active,eth-registry:7fd91504,False
did:example:8698e313c55b15eb,did:example:university1,academic,StudentID,12,2.22,03/10/2025,16/11/2026,revoked,eth-registry:ec359072,False
did:example:813c2ffd7025a692,did:example:employer1,professional,EmployeeID,12,1.97,01/08/2025,07/06/2028,active,eth-registry:2b52788c,True
did:example:1ac976063101ce35,did:example:employer1,professional,EmployeeID,10,1.66,11/12/2025,26/09/2027,active,eth-registry:9bc9e1f3,False
did:example:255ffaf617e59882,did:example:gov_issuer,government,ProofOfResidence,14,2.5,26/01/2025,30/08/2027,active,eth-registry:3091bb6f,False
did:example:8cacfe916f716bd0,did:example:gov_issuer,government,ProofOfAge,14,2.53,04/02/2025,24/07/2026,active,eth-registry:6e27d475,True
did:example:d250b2c644c7358e,did:example:university1,academic,StudentID,14,1.98,02/01/2024,28/05/2026,active,eth-registry:9218af45,False
did:example:9e5edcb34f681ca4,did:example:employer1,professional,EmployeeID,13,1.68,02/05/2024,09/03/2027,revoked,eth-registry:e4208e49,False
did:example:5991cbc49091dbdd,did:example:university1,academic,StudentID,15,2.21,25/04/2024,03/11/2026,active,eth-registry:a5a453ad,False
did:example:455539519fe7ef52,did:example:university1,academic,StudentID,12,2.17,04/11/2025,07/06/2027,active,eth-registry:570ae940,True
did:example:f2a80cdcdc01f5ce,did:example:gov_issuer,government,ProofOfResidence,15,2.56,04/07/2024,16/09/2026,active,eth-registry:5065fa8e,False
did:example:cd51220db87d2b89,did:example:university1,academic,StudentID,13,2.01,30/03/2025,27/11/2027,revoked,eth-registry:82fae799,False
did:example:f3e3209581a4167f,did:example:gov_issuer,government,ProofOfResidence,17,2.5,29/10/2024,16/07/2027,revoked,eth-registry:e53af5e4,False
did:example:5825c71d0dd14f93,did:example:gov_issuer,government,ProofOfAge,14,2.31,13/07/2025,16/02/2027,active,eth-registry:9f3cf539,True
did:example:4750655d4aa6da6a,did:example:employer1,professional,EmployeeID,11,1.65,21/09/2024,07/03/2026,revoked,eth-registry:4a86b002,True
did:example:5d58675a7123fe06,did:example:employer1,professional,EmployeeID,12,1.81,16/11/2025,28/09/2027,active,eth-registry:c4324678,True
did:example:31abe54edab3fc09,did:example:university1,academic,StudentID,12,2.02,11/01/2025,13/07/2026,active,eth-registry:c73d5a1c,True
did:example:4ca14acd7e8317df,did:example:gov_issuer,government,ProofOfResidence,15,2.69,27/06/2024,05/12/2026,active,eth-registry:fa566c7c,True
did:example:b4dc52eeae80e09a,did:example:employer1,professional,EmployeeID,13,1.79,28/10/2024,03/01/2027,active,eth-registry:aeeb3f2b,True
did:example:8129c8811a4b8db8,did:example:university1,academic,StudentID,14,1.93,23/09/2024,08/09/2026,active,eth-registry:6d7df4bc,False
did:example:678d15ae5c4155dc,did:example:gov_issuer,government,ProofOfAge,16,2.31,14/06/2025,27/01/2028,revoked,eth-registry:435486bb,False
did:example:2976b07dc6d250f2,did:example:gov_issuer,government,ProofOfResidence,16,2.59,24/08/2024,27/01/2026,revoked,eth-registry:385200d1,True
did:example:d00e1ce3542002f2,did:example:gov_issuer,government,ProofOfResidence,18,2.37,08/02/2024,10/10/2026,revoked,eth-registry:51d9f223,True
did:example:c59a026fe1889572,did:example:employer1,professional,EmployeeID,12,1.68,27/07/2025,12/09/2027,active,eth-registry:f84faec4,False
did:example:965d2e170618e41a,did:example:employer1,professional,EmployeeID,12,1.77,28/12/2025,10/12/2028,revoked,eth-registry:1d672a38,True
did:example:edbf544b8fc52fe1,did:example:university1,academic,StudentID,15,2.01,02/07/2024,13/09/2026,revoked,eth-registry:74d4b936,True
did:example:1cbfdc2d464d4aa7,did:example:university1,academic,StudentID,12,2.15,08/09/2025,18/03/2028,revoked,eth-registry:1d6a4354,False
did:example:fb20d6e5b8c9384e,did:example:university1,academic,StudentID,12,2.09,29/01/2024,15/06/2025,revoked,eth-registry:f0c2cc09,False
did:example:8fc228b8b18b9e7f,did:example:employer1,professional,EmployeeID,12,1.64,01/09/2024,18/02/2026,revoked,eth-registry:831b060c,False
did:example:73c6dfe7d678e8fa,did:example:gov_issuer,government,ProofOfAge,15,2.61,09/01/2024,18/02/2026,active,eth-registry:0f171e76,False
did:example:acbc29d3efd2b222,did:example:university1,academic,StudentID,12,2.07,17/10/2024,03/04/2026,revoked,eth-registry:3f70e6fb,False
did:example:e14654e651da6c86,did:example:university1,academic,StudentID,12,2.14,21/03/2025,22/04/2026,revoked,eth-registry:9d53dd08,False
did:example:0dff79aad64ee549,did:example:employer1,professional,EmployeeID,14,1.6,05/12/2025,26/10/2027,active,eth-registry:5e3bda11,False
did:example:08bb0477f8544b5f,did:example:gov_issuer,government,ProofOfResidence,17,2.55,06/09/2025,17/03/2027,revoked,eth-registry:41b4ebf4,True
did:example:4540a74b9d6683a6,did:example:employer1,professional,EmployeeID,13,1.71,15/11/2025,04/03/2028,revoked,eth-registry:57548110,True
did:example:a885ac5d9770130b,did:example:employer1,professional,EmployeeID,10,1.8,21/04/2025,16/06/2027,active,eth-registry:8896dc4d,False
did:example:083d0027104569c0,did:example:employer1,professional,EmployeeID,11,1.72,14/10/2024,23/10/2026,active,eth-registry:a4b8d5cd,True
did:example:c224342773a46eec,did:example:university1,academic,StudentID,14,2.3,24/10/2025,22/06/2028,active,eth-registry:b6ff7636,False
did:example:fca042a55e7ea43e,did:example:university1,academic,StudentID,14,1.99,13/02/2024,02/04/2025,active,eth-registry:da46d639,False
did:example:871b5ff5e3c679ce,did:example:gov_issuer,government,ProofOfResidence,17,2.67,18/08/2025,13/03/2028,revoked,eth-registry:a298826f,False
did:example:d61dbe6ded3b81a9,did:example:employer1,professional,EmployeeID,13,1.97,23/12/2025,10/12/2027,active,eth-registry:a3a0ff9d,True
did:example:82b40f0e7e560c96,did:example:university1,academic,StudentID,13,2.07,17/01/2024,09/06/2026,active,eth-registry:8c38895b,True
did:example:9b9c471cb1c402c2,did:example:university1,academic,StudentID,15,2.02,22/04/2025,10/12/2027,active,eth-registry:7d741fe4,True
did:example:4d3151cbd87a2049,did:example:university1,academic,StudentID,13,2.05,02/10/2025,10/05/2027,active,eth-registry:29310d2a,True
did:example:28f13269906a4836,did:example:university1,academic,StudentID,12,2.3,21/05/2025,12/11/2026,revoked,eth-registry:e0691ed7,True
did:example:a4667c8830d5580b,did:example:employer1,professional,EmployeeID,14,1.85,14/12/2025,16/06/2028,revoked,eth-registry:3702615e,True
did:example:ef223e44922da597,did:example:university1,academic,StudentID,12,2.12,19/07/2024,26/10/2026,active,eth-registry:86b44b9f,False
did:example:c211be2f797b3d7c,did:example:university1,academic,StudentID,13,1.91,11/04/2025,25/08/2026,revoked,eth-registry:20203340,True
did:example:9dc425891015ef83,did:example:university1,academic,StudentID,12,2.24,21/08/2025,06/03/2027,revoked,eth-registry:ee88bcca,False
did:example:d1c73c60757aeac3,did:example:employer1,professional,EmployeeID,11,1.63,20/02/2024,05/11/2026,active,eth-registry:ee2a6943,True
did:example:f02c6cc78f77179b,did:example:gov_issuer,government,ProofOfAge,15,2.32,11/02/2025,24/03/2027,revoked,eth-registry:c16af084,True
did:example:676acc6f847a5736,did:example:gov_issuer,government,ProofOfAge,14,2.41,03/12/2025,29/09/2028,revoked,eth-registry:56f29dde,False
did:example:5534bd5a008e9ebf,did:example:employer1,professional,EmployeeID,12,1.79,09/12/2024,05/05/2027,active,eth-registry:409d4cd8,False
did:example:03035334e79b1745,did:example:university1,academic,StudentID,15,2.26,19/08/2025,16/01/2027,active,eth-registry:58cb1487,True
did:example:3674356edff3230a,did:example:employer1,professional,EmployeeID,10,1.92,25/06/2025,23/11/2026,active,eth-registry:3dc24b6f,True
did:example:637a445439696370,did:example:gov_issuer,government,ProofOfResidence,18,2.38,16/07/2024,21/06/2027,active,eth-registry:540c9fd8,True
did:example:50f111c38fcbc3e6,did:example:employer1,professional,EmployeeID,12,1.75,28/09/2024,22/03/2027,revoked,eth-registry:fcd0dd17,False
did:example:c79b7ca1d6b9767c,did:example:university1,academic,StudentID,14,2.21,24/12/2024,03/03/2027,active,eth-registry:9efc66f0,False
did:example:4d3550fb03a9f121,did:example:university1,academic,StudentID,13,2.11,09/11/2024,18/03/2027,active,eth-registry:ddea22e7,False
did:example:f3b627b3b5c8342a,did:example:gov_issuer,government,ProofOfAge,15,2.37,11/03/2025,07/01/2027,active,eth-registry:f13df0ee,True
did:example:5c6fccf076f65518,did:example:university1,academic,StudentID,12,2.06,21/04/2025,05/12/2026,active,eth-registry:2408917d,True
did:example:887759916cd946a4,did:example:university1,academic,StudentID,14,2.15,29/10/2024,23/06/2027,revoked,eth-registry:ba80d857,True
did:example:7dcf943f83f4931f,did:example:university1,academic,StudentID,15,2.29,12/04/2025,26/01/2028,revoked,eth-registry:7a1932ed,False
did:example:5015490e5477acbe,did:example:employer1,professional,EmployeeID,12,1.86,26/04/2025,17/02/2028,revoked,eth-registry:61624cb0,False
did:example:c387cdc4c205bf89,did:example:university1,academic,StudentID,14,1.91,10/12/2025,02/07/2028,revoked,eth-registry:7141817a,True
did:example:b44b7f78b64e34b9,did:example:university1,academic,StudentID,14,2.18,19/08/2025,17/05/2028,active,eth-registry:20f4f4ad,True
did:example:36549e03a79288f3,did:example:gov_issuer,government,ProofOfAge,15,2.4,15/02/2025,02/03/2027,revoked,eth-registry:57026436,False
did:example:7df6fa3a2ba0b31f,did:example:employer1,professional,EmployeeID,10,1.94,09/05/2024,22/12/2025,active,eth-registry:9630fa0a,True
did:example:785d972605b63dec,did:example:employer1,professional,EmployeeID,12,1.75,22/08/2024,21/10/2025,active,eth-registry:753b3e21,False
did:example:da5d6652aa525ceb,did:example:gov_issuer,government,ProofOfResidence,18,2.38,30/08/2024,12/04/2026,active,eth-registry:6cd1c234,False
did:example:b2ddb3dc4cd1386c,did:example:gov_issuer,government,ProofOfAge,15,2.49,29/07/2024,16/06/2026,revoked,eth-registry:9948bd82,False
did:example:8168a1889567f658,did:example:employer1,professional,EmployeeID,14,1.7,22/11/2025,22/01/2027,active,eth-registry:301549cd,False
did:example:4bde7e25e4e70cb7,did:example:employer1,professional,EmployeeID,14,1.69,25/01/2025,23/09/2026,revoked,eth-registry:d34713e5,True
did:example:16509dc4c22cea32,did:example:employer1,professional,EmployeeID,11,1.83,24/12/2025,01/11/2028,active,eth-registry:d9e97dfb,True
did:example:5a65177439fbb018,did:example:gov_issuer,government,ProofOfResidence,16,2.61,28/03/2024,05/10/2025,revoked,eth-registry:2bea0f5c,False
did:example:9ca8b70bfb910a54,did:example:gov_issuer,government,ProofOfResidence,17,2.63,05/06/2025,19/03/2027,active,eth-registry:0873e3bb,True
did:example:475fcad573d326ec,did:example:university1,academic,StudentID,13,2.06,05/03/2025,18/06/2027,active,eth-registry:e379eedb,True
did:example:3e8b4ad3989c1760,did:example:university1,academic,StudentID,14,1.93,11/07/2025,17/04/2028,active,eth-registry:331809eb,False
did:example:0fc8b50ab7904877,did:example:gov_issuer,government,ProofOfResidence,18,2.49,12/10/2024,16/08/2027,active,eth-registry:44fcac6f,True
did:example:0137aa07656bd39d,did:example:employer1,professional,EmployeeID,13,1.77,14/01/2025,30/08/2027,revoked,eth-registry:39d19ef0,False
did:example:3129a85282e7affe,did:example:gov_issuer,government,ProofOfResidence,18,2.38,14/09/2024,30/12/2025,active,eth-registry:2ba9db9a,False
did:example:c4265a1a0c3e38f9,did:example:employer1,professional,EmployeeID,14,1.96,24/05/2025,13/08/2026,revoked,eth-registry:02d3837a,True
did:example:665cfa3ca084f382,did:example:university1,academic,StudentID,15,2.29,20/05/2024,13/11/2026,active,eth-registry:96c42250,True
did:example:68e76a2d5d6e2e3e,did:example:university1,academic,StudentID,15,1.92,27/04/2025,03/02/2028,revoked,eth-registry:486d64fe,True
did:example:1dec56ea24e6274b,did:example:university1,academic,StudentID,12,2.22,28/12/2024,27/03/2027,active,eth-registry:aa1ff29f,True
did:example:727e20acde7a3c53,did:example:university1,academic,StudentID,12,2.16,05/08/2025,03/06/2028,revoked,eth-registry:ef7235eb,True
did:example:9581b0bf6a61cabb,did:example:employer1,professional,EmployeeID,10,1.7,28/01/2024,29/05/2026,revoked,eth-registry:71a12079,False
did:example:a79a27b516f7d4a0,did:example:gov_issuer,government,ProofOfResidence,15,2.55,13/05/2024,24/01/2026,revoked,eth-registry:bdfb81d4,False
did:example:22a5b116194e6e61,did:example:university1,academic,StudentID,14,1.95,19/03/2025,26/11/2027,revoked,eth-registry:23753d67,True
did:example:5b4dbdd867eb627d,did:example:gov_issuer,government,ProofOfResidence,16,2.33,30/09/2024,06/04/2027,active,eth-registry:f2e7b7f1,False
did:example:faf57709fb304a38,did:example:university1,academic,StudentID,13,2.3,27/07/2024,27/04/2026,active,eth-registry:140b4323,True
did:example:53e93ee78dff3458,did:example:gov_issuer,government,ProofOfResidence,14,2.55,12/11/2025,16/01/2028,active,eth-registry:2dfd387b,True
did:example:479a2d2eaadace22,did:example:employer1,professional,EmployeeID,13,1.7,23/10/2025,20/12/2027,revoked,eth-registry:649db568,False
did:example:472ad6ddb3cbadf9,did:example:university1,academic,StudentID,13,2.08,08/03/2024,19/05/2025,active,eth-registry:f2fe3abc,True
did:example:9793293157a0bed5,did:example:employer1,professional,EmployeeID,13,1.98,19/01/2025,09/08/2026,active,eth-registry:6fc810aa,False
did:example:703ea84ad9e43445,did:example:employer1,professional,EmployeeID,10,1.78,02/05/2025,15/10/2026,active,eth-registry:228224d7,True
did:example:15f00bb8bb06df08,did:example:employer1,professional,EmployeeID,11,1.96,24/07/2025,16/02/2027,active,eth-registry:8dd01932,False
did:example:9419bc3b6561cc4c,did:example:gov_issuer,government,ProofOfAge,14,2.65,28/05/2024,16/06/2026,revoked,eth-registry:ce004504,False
did:example:21969da3cdf38b59,did:example:university1,academic,StudentID,13,2.04,14/09/2025,24/09/2027,revoked,eth-registry:eb429d70,False
did:example:957f0ca02952e3a4,did:example:gov_issuer,government,ProofOfResidence,18,2.58,24/04/2025,11/01/2028,revoked,eth-registry:e167ad18,False
did:example:b19e1b6095e336ad,did:example:employer1,professional,EmployeeID,12,1.86,04/10/2025,09/10/2026,active,eth-registry:b6b2f155,True
did:example:03f8ffced6c66b68,did:example:gov_issuer,government,ProofOfAge,16,2.61,12/05/2025,04/01/2028,revoked,eth-registry:f0b2add0,False
did:example:1edbf9a941f7c16c,did:example:employer1,professional,EmployeeID,11,1.75,28/09/2025,28/03/2027,active,eth-registry:ad930610,True
did:example:400bde01298b44d2,did:example:employer1,professional,EmployeeID,11,1.62,22/01/2024,04/10/2025,revoked,eth-registry:204c00b6,True
did:example:99c2c747101aad6b,did:example:gov_issuer,government,ProofOfResidence,17,2.37,13/06/2024,01/10/2025,active,eth-registry:fa7ac892,True
did:example:8a5604f4e9fba019,did:example:employer1,professional,EmployeeID,14,1.85,23/01/2025,01/02/2026,active,eth-registry:2a31d298,False
did:example:8641f56a25ea2757,did:example:university1,academic,StudentID,14,2.21,09/08/2024,04/11/2025,active,eth-registry:9cf6b51b,False
did:example:97fd07956fcbe4e6,did:example:university1,academic,StudentID,14,2.2,24/05/2024,04/11/2025,active,eth-registry:cad3b58b,True
did:example:2e5fd44a00a56917,did:example:employer1,professional,EmployeeID,12,1.83,01/06/2025,09/03/2027,active,eth-registry:5aec75b3,False
did:example:0be0a6e50c93d364,did:example:gov_issuer,government,ProofOfAge,14,2.33,26/12/2025,10/08/2027,revoked,eth-registry:f91cdee7,True
did:example:368e1e9ce987ca3e,did:example:gov_issuer,government,ProofOfAge,17,2.31,27/01/2025,13/04/2026,active,eth-registry:226d8b7d,False
did:example:daa2855fff1ed434,did:example:gov_issuer,government,ProofOfAge,18,2.61,20/03/2025,22/11/2026,revoked,eth-registry:75b02590,False
did:example:cabd941a779a7e92,did:example:employer1,professional,EmployeeID,12,1.82,21/03/2025,11/07/2026,revoked,eth-registry:5a7d1789,True
did:example:6175ac239b6dbe59,did:example:university1,academic,StudentID,12,2.21,31/10/2024,14/03/2027,revoked,eth-registry:1bfcef8f,False
did:example:8b20b8760653f088,did:example:employer1,professional,EmployeeID,13,1.67,10/05/2025,10/09/2027,active,eth-registry:a2a5f0e0,False
did:example:2fd7760b790c0dae,did:example:gov_issuer,government,ProofOfResidence,18,2.46,12/08/2025,26/09/2026,active,eth-registry:e76ff7d5,False
did:example:2c8d5d6b5e6ff5c3,did:example:employer1,professional,EmployeeID,11,1.97,24/03/2024,13/07/2026,revoked,eth-registry:1a664b61,False
did:example:82fc828747cd2cf2,did:example:employer1,professional,EmployeeID,10,1.67,20/07/2024,15/05/2027,revoked,eth-registry:8458a0a7,True
did:example:413d7693abc77bf9,did:example:university1,academic,StudentID,14,1.92,03/05/2024,24/03/2027,active,eth-registry:898c34f8,True
did:example:cd6cd743efe48f9a,did:example:employer1,professional,EmployeeID,11,1.86,02/08/2025,12/09/2026,revoked,eth-registry:c4982f75,False
did:example:0313833a275fab1a,did:example:university1,academic,StudentID,14,2.14,11/04/2025,12/02/2028,revoked,eth-registry:e7a274da,True
did:example:10d05ea2642e21e3,did:example:employer1,professional,EmployeeID,13,1.98,05/05/2025,26/02/2027,revoked,eth-registry:ea195579,True
did:example:af1c6ed3d25a9886,did:example:university1,academic,StudentID,13,2.26,02/04/2025,31/12/2027,revoked,eth-registry:d768f7f8,True
did:example:74b062ebbe9bbb20,did:example:employer1,professional,EmployeeID,10,1.9,24/01/2025,21/06/2026,revoked,eth-registry:412cffa7,False
did:example:e1583e21c2bcbf62,did:example:employer1,professional,EmployeeID,12,1.61,20/08/2025,07/01/2028,active,eth-registry:6255ebab,False
did:example:84dcea66b29eada3,did:example:employer1,professional,EmployeeID,12,1.79,24/04/2024,01/12/2026,active,eth-registry:6be586b2,False
did:example:0dd7c1e834d1de92,did:example:employer1,professional,EmployeeID,14,1.96,22/05/2025,02/12/2026,revoked,eth-registry:9830be2f,False
did:example:813b5786cac72c36,did:example:university1,academic,StudentID,13,2.07,01/09/2025,22/02/2028,revoked,eth-registry:b7ae23d8,False
did:example:37c66a4714d392b5,did:example:university1,academic,StudentID,12,2.28,31/05/2024,08/10/2025,revoked,eth-registry:c73eb70b,False
did:example:18407ca2643a62b6,did:example:employer1,professional,EmployeeID,14,1.86,02/06/2025,02/11/2027,active,eth-registry:adf38a48,True
did:example:dc11e85effa63714,did:example:university1,academic,StudentID,14,1.94,21/02/2024,15/01/2027,revoked,eth-registry:6a1c9bc1,False
did:example:7f9d06e960d61480,did:example:gov_issuer,government,ProofOfAge,17,2.5,29/04/2024,03/12/2025,active,eth-registry:d79d4264,False
did:example:02c3f7b57d60c5a8,did:example:employer1,professional,EmployeeID,14,1.88,12/10/2024,13/09/2027,revoked,eth-registry:9c3a00a7,False
did:example:8fc88a0ae916f15f,did:example:employer1,professional,EmployeeID,13,1.63,31/12/2025,01/05/2028,active,eth-registry:78bca52e,False
did:example:4328853833072416,did:example:employer1,professional,EmployeeID,14,1.74,28/09/2024,01/10/2026,revoked,eth-registry:45d3f56e,False
did:example:53d1304e2be855a2,did:example:gov_issuer,government,ProofOfAge,17,2.59,09/11/2024,06/07/2026,active,eth-registry:b85b6c9d,True
did:example:77c69a4fdb5ecac2,did:example:employer1,professional,EmployeeID,12,1.66,14/07/2025,18/08/2027,revoked,eth-registry:3f23e8c3,False
did:example:45654e1c706e4b10,did:example:gov_issuer,government,ProofOfResidence,14,2.44,06/08/2025,25/07/2028,active,eth-registry:271931b3,True
did:example:52fcc721d51fc10d,did:example:university1,academic,StudentID,14,2.18,05/05/2025,08/05/2026,revoked,eth-registry:83bc2321,False
did:example:6a630caa364ce8a0,did:example:gov_issuer,government,ProofOfResidence,17,2.61,23/01/2024,17/10/2026,revoked,eth-registry:621ae1c7,False
did:example:7caca7359c75e169,did:example:employer1,professional,EmployeeID,14,1.81,29/09/2025,15/01/2027,active,eth-registry:001cc711,True
did:example:688931deee16d539,did:example:employer1,professional,EmployeeID,13,1.98,09/07/2024,10/04/2027,active,eth-registry:8abc21dc,True
did:example:4f9d98ffdb1b45e1,did:example:gov_issuer,government,ProofOfResidence,16,2.67,03/01/2025,06/02/2027,active,eth-registry:da296875,True
did:example:a7c522d060155049,did:example:university1,academic,StudentID,14,2.09,18/06/2025,05/04/2028,revoked,eth-registry:9e558e70,False
did:example:711cf2b0772f0b81,did:example:employer1,professional,EmployeeID,10,1.66,30/07/2024,09/12/2025,revoked,eth-registry:a7d7f81a,False
did:example:0e0a65e21b5d5f5e,did:example:employer1,professional,EmployeeID,10,1.91,16/05/2025,19/06/2026,active,eth-registry:ed553fa1,True
did:example:64edd095ca602aa6,did:example:employer1,professional,EmployeeID,10,1.7,03/01/2025,18/12/2026,active,eth-registry:6e5dca7b,True
did:example:af50f2ddc7af60ee,did:example:employer1,professional,EmployeeID,14,1.94,24/04/2024,13/11/2026,revoked,eth-registry:6fc03ac7,True
did:example:64b7d6cfa1327a84,did:example:employer1,professional,EmployeeID,13,1.83,06/06/2024,08/01/2027,revoked,eth-registry:a2b29580,True
did:example:6f6997a0a414b0b8,did:example:gov_issuer,government,ProofOfAge,15,2.46,11/07/2025,20/01/2028,active,eth-registry:5207877f,False
did:example:e7c5c14e03a8fda5,did:example:university1,academic,StudentID,13,2.12,14/02/2024,21/09/2026,revoked,eth-registry:702f0f9c,False
did:example:fa4d9cf502dfdfa7,did:example:employer1,professional,EmployeeID,12,1.81,05/10/2024,24/04/2027,active,eth-registry:e026352f,True
did:example:8d764a1100b70c27,did:example:employer1,professional,EmployeeID,11,1.97,31/12/2024,21/09/2027,revoked,eth-registry:8ce6baf1,False
did:example:907d8e4ece0db7d6,did:example:employer1,professional,EmployeeID,12,1.69,07/10/2024,08/02/2026,revoked,eth-registry:bb6d3592,False
did:example:2f7d897ce44576dc,did:example:gov_issuer,government,ProofOfResidence,15,2.67,29/10/2024,19/04/2026,revoked,eth-registry:7a11d907,False
did:example:316ed67dc60f9b98,did:example:gov_issuer,government,ProofOfResidence,17,2.31,11/12/2025,13/12/2026,revoked,eth-registry:fbb8deb7,True
did:example:ba0e782481940bd3,did:example:employer1,professional,EmployeeID,13,1.91,24/01/2024,04/12/2025,revoked,eth-registry:28a0c31d,False
did:example:1aaa4270710aab50,did:example:university1,academic,StudentID,12,2.27,18/12/2025,28/06/2027,revoked,eth-registry:c8548796,True
did:example:f742f70b51d51f20,did:example:university1,academic,StudentID,13,2.06,11/06/2025,12/09/2027,revoked,eth-registry:bc079429,True
did:example:29f7435ae805ecac,did:example:gov_issuer,government,ProofOfAge,18,2.33,01/11/2025,10/12/2027,revoked,eth-registry:a9a729aa,True
did:example:06f29df180df20f6,did:example:gov_issuer,government,ProofOfResidence,18,2.62,16/04/2025,14/06/2027,active,eth-registry:47aa47b0,True
did:example:323c0d20e73442e9,did:example:university1,academic,StudentID,15,2.24,20/11/2025,15/03/2028,revoked,eth-registry:7b420590,False
did:example:518972ab3013deb9,did:example:university1,academic,StudentID,14,2.03,23/02/2024,22/02/2027,revoked,eth-registry:9417692b,False
did:example:47c83a99508e5d9f,did:example:employer1,professional,EmployeeID,10,1.81,09/06/2025,25/08/2026,active,eth-registry:98c9c998,True
did:example:318254b3d65276ae,did:example:employer1,professional,EmployeeID,14,1.92,03/06/2025,21/12/2026,active,eth-registry:7e6599bc,True
did:example:d1132ee0bf8835de,did:example:university1,academic,StudentID,14,1.98,12/11/2025,13/09/2027,active,eth-registry:8782247b,True
did:example:0fdd2c197368cfbb,did:example:employer1,professional,EmployeeID,14,1.85,01/03/2024,22/04/2025,revoked,eth-registry:8ea4d3bf,False
did:example:c376b6e6f6248bec,did:example:employer1,professional,EmployeeID,14,1.77,06/01/2025,27/08/2027,revoked,eth-registry:b4823f82,True
did:example:c220c2b3536775c9,did:example:university1,academic,StudentID,13,1.97,13/01/2025,23/10/2026,active,eth-registry:0ec5d129,True
did:example:d8f4a9fb1f20f3e8,did:example:university1,academic,StudentID,12,2.23,09/03/2024,08/07/2025,active,eth-registry:2d5a76f4,False
did:example:6b37730ad601b307,did:example:gov_issuer,government,ProofOfAge,17,2.43,30/03/2025,12/04/2027,active,eth-registry:b40fb421,True
did:example:248800cc7a424f42,did:example:gov_issuer,government,ProofOfAge,16,2.67,17/12/2024,06/05/2026,active,eth-registry:3e3a94b2,True
did:example:2e685e1b8854437d,did:example:employer1,professional,EmployeeID,10,1.83,30/12/2024,09/10/2026,revoked,eth-registry:cf678a08,False
did:example:f0f7cd17033e56fa,did:example:university1,academic,StudentID,13,2.11,13/05/2025,27/08/2027,active,eth-registry:0cc3a356,True
did:example:847f225965c961f9,did:example:university1,academic,StudentID,15,2.07,30/06/2025,18/02/2027,active,eth-registry:f82d6896,True
did:example:f4adc88c40a35d5f,did:example:university1,academic,StudentID,13,2.06,29/04/2025,28/12/2027,revoked,eth-registry:95d450df,True
did:example:073b6013eecda592,did:example:employer1,professional,EmployeeID,11,1.93,08/10/2024,14/04/2026,revoked,eth-registry:23ea8114,True
did:example:e4e0fa9738d516e6,did:example:gov_issuer,government,ProofOfResidence,17,2.57,05/12/2025,27/02/2027,active,eth-registry:3ba2ab6c,False
did:example:a857212a77df7ca4,did:example:employer1,professional,EmployeeID,13,1.91,04/06/2024,12/04/2026,revoked,eth-registry:5f9d8a4b,False
did:example:a4048aa909e23bdd,did:example:gov_issuer,government,ProofOfAge,15,2.47,05/09/2024,22/01/2026,active,eth-registry:9a447ddf,False
did:example:91cd37819d01ca21,did:example:university1,academic,StudentID,15,2.0,21/12/2024,08/05/2027,active,eth-registry:40e9712c,True
did:example:6d5b492dfb531510,did:example:gov_issuer,government,ProofOfAge,16,2.33,16/08/2024,02/09/2026,active,eth-registry:9814ce7a,True
did:example:3bb64bedd606444a,did:example:university1,academic,StudentID,12,2.21,07/09/2024,24/12/2025,revoked,eth-registry:e86621d0,False
did:example:3e1aefa513689a7d,did:example:employer1,professional,EmployeeID,11,1.77,08/11/2025,11/07/2027,active,eth-registry:94bd97c6,True
did:example:12f5e7ac15f729e0,did:example:employer1,professional,EmployeeID,14,1.8,20/04/2024,12/01/2027,revoked,eth-registry:d4cfe66b,True
did:example:1784adc111b8fa6d,did:example:employer1,professional,EmployeeID,10,1.79,09/01/2025,30/08/2027,active,eth-registry:8c4a6634,True
did:example:d538aa1677aa60ab,did:example:employer1,professional,EmployeeID,10,1.77,10/12/2024,23/03/2027,active,eth-registry:ddf6e70f,False
did:example:11454c6e99f101ba,did:example:university1,academic,StudentID,14,2.17,04/03/2024,24/12/2026,active,eth-registry:8bfa8204,False
did:example:2850e61a0e2b5bc1,did:example:university1,academic,StudentID,13,2.14,27/05/2024,13/08/2025,active,eth-registry:41151522,True
did:example:17d7ffe09bdd004d,did:example:university1,academic,StudentID,13,2.29,18/07/2024,04/01/2027,active,eth-registry:43e0b4d2,True
did:example:26c3f70cff72c49f,did:example:gov_issuer,government,ProofOfAge,16,2.36,09/12/2024,26/12/2025,active,eth-registry:544903be,False
did:example:9af4f69b8591bf17,did:example:university1,academic,StudentID,12,2.13,31/10/2024,12/01/2027,revoked,eth-registry:d774ea7d,True
did:example:1a791408adfd6268,did:example:university1,academic,StudentID,13,1.93,09/03/2025,15/04/2026,revoked,eth-registry:440e50ed,True
did:example:6d9a06ace7f96e80,did:example:gov_issuer,government,ProofOfResidence,15,2.62,02/10/2024,08/06/2026,revoked,eth-registry:bbf392d4,True
did:example:fb455425390d73f8,did:example:gov_issuer,government,ProofOfAge,16,2.55,25/07/2025,29/09/2026,revoked,eth-registry:3d716612,True
did:example:77345f051a0e97ec,did:example:gov_issuer,government,ProofOfAge,17,2.47,25/09/2024,29/03/2026,active,eth-registry:b2e8eb0b,True
did:example:2d3eccf529d55124,did:example:university1,academic,StudentID,15,2.22,15/09/2025,29/12/2027,revoked,eth-registry:18878654,False
did:example:c38f40545e00a9d2,did:example:gov_issuer,government,ProofOfResidence,14,2.48,31/12/2025,24/07/2028,active,eth-registry:c7cc5275,True
did:example:df7796de0ee3cdf6,did:example:gov_issuer,government,ProofOfResidence,15,2.39,03/05/2025,20/03/2028,revoked,eth-registry:5e4b8771,True
did:example:a3c42ffbb5ef4947,did:example:gov_issuer,government,ProofOfAge,15,2.49,15/03/2024,07/03/2027,active,eth-registry:ed9b6416,False
did:example:ec878541f0d29ec5,did:example:university1,academic,StudentID,14,1.93,15/10/2025,20/01/2027,revoked,eth-registry:b50ea82d,False
did:example:b8bf86805bf29e50,did:example:employer1,professional,EmployeeID,12,1.96,19/08/2025,21/06/2028,revoked,eth-registry:4718860c,False
did:example:57cec3d74eabb649,did:example:university1,academic,StudentID,15,2.19,11/02/2025,06/09/2026,active,eth-registry:a07b2659,True
did:example:6bdaa587095e5162,did:example:gov_issuer,government,ProofOfResidence,18,2.6,05/09/2024,13/06/2027,revoked,eth-registry:5bc58772,True
did:example:505e38b99653733a,did:example:employer1,professional,EmployeeID,13,1.95,03/06/2025,25/02/2028,active,eth-registry:439552f1,True
did:example:c54c8e735b103ce2,did:example:employer1,professional,EmployeeID,10,1.92,25/03/2025,25/01/2028,revoked,eth-registry:7d939548,False
did:example:d910bf94f6ea692e,did:example:gov_issuer,government,ProofOfAge,14,2.47,17/07/2025,21/07/2027,active,eth-registry:45878352,True
did:example:ded904f5814941a0,did:example:university1,academic,StudentID,15,1.95,16/04/2025,16/10/2027,revoked,eth-registry:921440da,False
did:example:82e85a3824e7420b,did:example:university1,academic,StudentID,15,2.05,25/08/2025,03/07/2027,active,eth-registry:86374f45,False
did:example:68fbd5c946e9e643,did:example:university1,academic,StudentID,13,2.27,08/12/2025,02/02/2027,revoked,eth-registry:2157fd10,True
did:example:604938f396da1e72,did:example:university1,academic,StudentID,12,2.28,03/07/2025,13/06/2027,active,eth-registry:df4c15f3,False
did:example:6187ab6326ce0017,did:example:university1,academic,StudentID,14,2.21,20/08/2024,13/01/2026,active,eth-registry:19aa4aef,False
did:example:2739f2004cb68124,did:example:university1,academic,StudentID,14,1.98,21/10/2025,02/01/2027,revoked,eth-registry:26f13bd5,True
did:example:e30bb1ab0cbca52e,did:example:employer1,professional,EmployeeID,14,1.68,27/08/2025,02/12/2026,active,eth-registry:fcc1abc2,False
did:example:a5b30374b20c7d1b,did:example:gov_issuer,government,ProofOfResidence,16,2.65,11/12/2024,20/05/2026,active,eth-registry:72dd819f,False
did:example:f2376ffbd7fac334,did:example:university1,academic,StudentID,15,1.96,13/02/2024,17/09/2026,active,eth-registry:5fa7be28,False
did:example:5f1dce745628f036,did:example:university1,academic,StudentID,15,2.13,27/11/2025,30/10/2028,active,eth-registry:0be0c588,True
did:example:9654b1631ea07a57,did:example:gov_issuer,government,ProofOfResidence,14,2.45,30/01/2025,13/10/2027,revoked,eth-registry:5b658b9e,False
did:example:db0a838d6360d986,did:example:employer1,professional,EmployeeID,10,1.72,19/10/2024,01/02/2027,revoked,eth-registry:2342c6d5,True
did:example:45a0860ad88e125d,did:example:university1,academic,StudentID,15,2.17,19/03/2025,23/12/2027,active,eth-registry:3993e9ca,True
did:example:29171f5cbb931a45,did:example:gov_issuer,government,ProofOfResidence,14,2.68,21/02/2024,17/09/2025,revoked,eth-registry:4b0d60b9,True
did:example:9e28ac31a392012a,did:example:employer1,professional,EmployeeID,11,1.91,26/08/2025,20/06/2028,revoked,eth-registry:bb1774dc,False
did:example:6c23a636b909cb4a,did:example:employer1,professional,EmployeeID,13,1.79,13/05/2024,05/04/2027,active,eth-registry:07d75d72,True
did:example:34bb7035f47034a6,did:example:university1,academic,StudentID,12,2.08,07/07/2024,23/10/2025,active,eth-registry:3b8e277a,False
did:example:d9eba78fa7306d3e,did:example:employer1,professional,EmployeeID,10,1.96,12/02/2025,29/11/2026,revoked,eth-registry:781868d8,True
did:example:a59bce8cab259911,did:example:gov_issuer,government,ProofOfAge,14,2.53,30/04/2025,21/11/2026,revoked,eth-registry:c64e7024,False
did:example:1825b8801478f060,did:example:university1,academic,StudentID,13,2.1,11/01/2024,22/04/2025,active,eth-registry:6b7a4660,True
did:example:ff33ee266f6149bc,did:example:gov_issuer,government,ProofOfResidence,17,2.57,28/02/2025,04/07/2026,revoked,eth-registry:61001a17,True
did:example:19241121b3eb634f,did:example:university1,academic,StudentID,14,1.99,25/04/2024,31/03/2027,revoked,eth-registry:30d2cbd5,True
did:example:f6aecb72ed42a128,did:example:employer1,professional,EmployeeID,14,1.63,28/11/2025,09/04/2027,revoked,eth-registry:560dda64,True
did:example:3885c488287e8f5b,did:example:employer1,professional,EmployeeID,13,1.94,30/09/2024,29/01/2027,active,eth-registry:77f0a9d5,False
did:example:27e8738e35e05c9e,did:example:gov_issuer,government,ProofOfResidence,17,2.54,24/12/2024,22/09/2027,revoked,eth-registry:588c5b9c,False
did:example:ed56b60696f8b2b3,did:example:university1,academic,StudentID,12,1.97,01/04/2025,03/10/2027,revoked,eth-registry:e48223b5,False
did:example:4d3d0ac782f9700e,did:example:employer1,professional,EmployeeID,11,1.72,24/04/2024,21/03/2026,revoked,eth-registry:2613152d,True
did:example:63374687f68685b1,did:example:employer1,professional,EmployeeID,11,2.0,01/05/2024,17/05/2025,active,eth-registry:09617997,False
did:example:1e68abb58cf0c0ea,did:example:employer1,professional,EmployeeID,10,1.85,02/12/2025,03/10/2027,active,eth-registry:fbbc1e9c,True
did:example:643f0fe78faf770a,did:example:university1,academic,StudentID,15,2.15,24/02/2025,18/09/2026,active,eth-registry:be59d33f,False
did:example:42b48977a83fe109,did:example:employer1,professional,EmployeeID,11,1.63,14/06/2024,07/03/2027,active,eth-registry:8db0288b,True
did:example:21347ff46b5a1c4e,did:example:university1,academic,StudentID,13,2.29,29/04/2025,20/03/2028,active,eth-registry:bebda07a,False
did:example:f60f5b522f3a6e79,did:example:university1,academic,StudentID,13,2.26,14/10/2025,01/04/2027,active,eth-registry:a91cddc5,True
did:example:9baa313ead6d4797,did:example:employer1,professional,EmployeeID,10,1.82,12/07/2025,02/11/2026,revoked,eth-registry:f1166a21,False
did:example:1328866a0576ab5c,did:example:gov_issuer,government,ProofOfAge,18,2.42,19/10/2024,10/06/2027,active,eth-registry:9ee83ad0,False
did:example:fa3f0d69c4a2d40d,did:example:gov_issuer,government,ProofOfAge,15,2.58,27/04/2025,25/01/2028,revoked,eth-registry:e16a124f,False
did:example:1815363fce926712,did:example:employer1,professional,EmployeeID,10,1.93,16/10/2025,03/10/2028,revoked,eth-registry:b674eece,False
did:example:1dcd41e4cb02a247,did:example:gov_issuer,government,ProofOfResidence,15,2.61,01/07/2024,15/01/2027,revoked,eth-registry:6e81b420,False
did:example:f7a4582f11c513c5,did:example:university1,academic,StudentID,12,2.29,31/07/2025,04/07/2027,active,eth-registry:e9177637,True
did:example:0241107f59cb7e78,did:example:gov_issuer,government,ProofOfAge,18,2.55,30/12/2025,02/10/2027,active,eth-registry:4b766c2b,True
did:example:2921c08c422c1928,did:example:university1,academic,StudentID,12,2.03,09/09/2024,22/10/2025,active,eth-registry:29ebb76b,True
did:example:04dc351117c6f2cf,did:example:employer1,professional,EmployeeID,11,1.8,11/10/2025,20/07/2028,revoked,eth-registry:9cab1990,True
did:example:8e4e977ef43ef13a,did:example:employer1,professional,EmployeeID,11,1.93,17/01/2024,11/01/2027,active,eth-registry:441e52a9,True
did:example:dd39373dd3d4b852,did:example:university1,academic,StudentID,12,2.01,30/09/2024,05/08/2027,revoked,eth-registry:9cac5a2b,False
did:example:5005986a8be58c37,did:example:university1,academic,StudentID,12,1.99,21/07/2024,13/09/2026,active,eth-registry:4261018c,False
did:example:878805d6ac7fc1da,did:example:employer1,professional,EmployeeID,12,1.89,22/01/2024,16/10/2026,active,eth-registry:88e4ec24,True
did:example:9fbdc2aa9fce494b,did:example:university1,academic,StudentID,12,2.08,16/03/2025,17/03/2026,active,eth-registry:dde3470c,False
did:example:1ede440d15becf1c,did:example:university1,academic,StudentID,12,2.23,21/01/2025,14/11/2026,revoked,eth-registry:6e854c96,False
did:example:323405010c49c7fa,did:example:employer1,professional,EmployeeID,11,1.66,04/10/2024,21/12/2025,active,eth-registry:000c70d8,False
did:example:3e4956787eec6cdc,did:example:employer1,professional,EmployeeID,11,1.73,24/09/2025,27/11/2027,active,eth-registry:e084125a,False
did:example:689933d6ff30fdd6,did:example:employer1,professional,EmployeeID,12,1.71,30/06/2024,01/07/2025,revoked,eth-registry:0ed080b5,False
did:example:fa41f182415cec9f,did:example:employer1,professional,EmployeeID,14,1.88,23/08/2025,03/04/2027,revoked,eth-registry:6e2c0927,True
did:example:55835ac15278aa4a,did:example:university1,academic,StudentID,13,2.2,09/04/2025,09/02/2027,active,eth-registry:d5b460ec,False
did:example:4a8e438d98e60d99,did:example:gov_issuer,government,ProofOfResidence,17,2.48,18/10/2025,20/01/2027,active,eth-registry:cfc9f0f9,True
did:example:622a19b56b923a9b,did:example:employer1,professional,EmployeeID,13,1.79,06/01/2024,08/03/2025,active,eth-registry:ff7fdd0d,True
did:example:d642bc52df148198,did:example:employer1,professional,EmployeeID,10,1.65,09/12/2025,28/09/2028,active,eth-registry:0d0b2656,False
did:example:0ad73ba4a4f72fce,did:example:employer1,professional,EmployeeID,12,1.88,02/01/2024,19/07/2025,revoked,eth-registry:f6a645ed,True
did:example:eb5bb580e617675c,did:example:university1,academic,StudentID,13,2.3,05/06/2025,22/05/2028,active,eth-registry:2381d01d,True
did:example:94822d128eb46be6,did:example:university1,academic,StudentID,14,2.21,04/07/2025,31/03/2027,active,eth-registry:848e08d5,True
did:example:f1ce2c31f870a521,did:example:employer1,professional,EmployeeID,10,1.69,28/04/2024,09/06/2025,active,eth-registry:0c2ef599,True
did:example:ed63b3423d8d5d90,did:example:university1,academic,StudentID,13,2.15,26/01/2024,10/04/2025,revoked,eth-registry:f4cac37f,True
did:example:b31175d7625a2e60,did:example:university1,academic,StudentID,12,2.02,27/01/2024,12/06/2026,active,eth-registry:d6804359,True
did:example:a8057f953572120e,did:example:university1,academic,StudentID,15,1.91,04/04/2024,13/04/2025,active,eth-registry:9e08bf1c,True
did:example:1639a2cc0563b355,did:example:university1,academic,StudentID,14,1.97,20/04/2024,14/03/2027,active,eth-registry:a20b3deb,False
did:example:8c9d98ad02661114,did:example:university1,academic,StudentID,12,1.94,08/12/2025,12/06/2027,revoked,eth-registry:47cc6d0d,True
did:example:ada56c133c6281de,did:example:employer1,professional,EmployeeID,12,1.68,27/05/2024,14/08/2026,active,eth-registry:cbafdedf,False
did:example:4396634137b6f045,did:example:university1,academic,StudentID,15,2.22,11/08/2025,01/07/2027,active,eth-registry:3fd14dff,False
did:example:5df90813a169e744,did:example:employer1,professional,EmployeeID,13,1.72,14/02/2024,19/03/2025,active,eth-registry:69978d15,False
did:example:e51a35cd00307823,did:example:gov_issuer,government,ProofOfAge,15,2.6,23/04/2025,18/09/2027,revoked,eth-registry:57a4d433,True
did:example:60a69f3f7bc923b2,did:example:university1,academic,StudentID,15,2.28,27/11/2024,07/12/2025,active,eth-registry:9821ac81,False
did:example:964add5e82cf4db0,did:example:university1,academic,StudentID,12,2.13,29/01/2025,03/09/2027,active,eth-registry:f0ef04cd,True
did:example:5e5bd97caf437362,did:example:employer1,professional,EmployeeID,11,1.79,27/07/2025,30/07/2027,active,eth-registry:c814723f,False
did:example:850300e182994737,did:example:university1,academic,StudentID,12,2.2,02/06/2024,09/01/2026,active,eth-registry:f95ffde7,True
did:example:e6acd11c08287c4c,did:example:gov_issuer,government,ProofOfResidence,18,2.34,04/01/2024,21/11/2026,revoked,eth-registry:267a2dfe,True
did:example:9b637486b50cf5ed,did:example:university1,academic,StudentID,14,2.07,10/06/2024,05/11/2025,active,eth-registry:d7f8665d,True
did:example:ad2348ebee915418,did:example:gov_issuer,government,ProofOfResidence,16,2.5,10/08/2025,01/03/2027,revoked,eth-registry:245aaf2a,False
did:example:315607f0478268ef,did:example:employer1,professional,EmployeeID,13,1.93,08/03/2025,23/06/2027,active,eth-registry:2cfc7025,True
did:example:6af35198fec6c979,did:example:employer1,professional,EmployeeID,11,1.93,07/11/2025,21/07/2027,revoked,eth-registry:cfe15e07,True
did:example:3db7db7d86f78880,did:example:university1,academic,StudentID,12,2.24,01/09/2025,22/08/2027,revoked,eth-registry:810b30c3,True
did:example:aba6a778f067c9d8,did:example:university1,academic,StudentID,15,2.18,21/04/2024,23/11/2026,active,eth-registry:911eb99a,False
did:example:8a4669c67acd5d80,did:example:gov_issuer,government,ProofOfAge,18,2.51,12/02/2024,10/12/2026,active,eth-registry:89306eb6,True
did:example:740336fa6203f8e8,did:example:university1,academic,StudentID,12,2.23,16/01/2024,24/08/2026,active,eth-registry:28c45e3a,False
did:example:1644202b260b85f8,did:example:employer1,professional,EmployeeID,10,1.95,18/05/2024,15/07/2025,revoked,eth-registry:ad0adc16,False
did:example:6e74f8fd8a275905,did:example:university1,academic,StudentID,14,2.09,16/12/2024,05/11/2027,active,eth-registry:cd410fca,False
did:example:b722a0275a0af998,did:example:employer1,professional,EmployeeID,10,1.99,13/01/2024,15/11/2025,revoked,eth-registry:5670eb29,True
did:example:af464ae63fdd9ac1,did:example:employer1,professional,EmployeeID,13,1.95,26/09/2025,31/05/2028,active,eth-registry:a7e4d8a3,False
did:example:4cf9dc1555944e5c,did:example:employer1,professional,EmployeeID,14,1.8,15/12/2024,11/07/2026,revoked,eth-registry:196569e4,True
did:example:235b8b3894ebd9fa,did:example:university1,academic,StudentID,13,1.93,22/06/2025,30/08/2027,revoked,eth-registry:e784dc6c,True
did:example:9140dcef101fc63c,did:example:employer1,professional,EmployeeID,11,1.69,30/09/2025,04/09/2028,revoked,eth-registry:8ddd0a10,False
did:example:300ba0e1a44e2a52,did:example:employer1,professional,EmployeeID,14,1.91,26/01/2024,12/12/2026,active,eth-registry:eebac606,False
did:example:b570159b73b74e9b,did:example:university1,academic,StudentID,13,1.94,13/11/2024,06/03/2027,revoked,eth-registry:6e53f7a4,False
did:example:b2e3195c55b7c93f,did:example:employer1,professional,EmployeeID,11,1.79,07/05/2025,30/07/2027,revoked,eth-registry:e0548420,False
did:example:47d739d3279e0c5e,did:example:university1,academic,StudentID,12,2.14,29/12/2025,19/01/2027,active,eth-registry:66ae8205,True
did:example:28a2d2c85a9df342,did:example:university1,academic,StudentID,15,2.25,20/08/2025,02/11/2027,revoked,eth-registry:b41d9f7e,True
did:example:4f165b806e598499,did:example:university1,academic,StudentID,15,2.24,07/06/2024,10/04/2026,active,eth-registry:d4357726,False
did:example:ef358f50260ef371,did:example:employer1,professional,EmployeeID,10,1.91,17/07/2024,28/07/2025,revoked,eth-registry:f8f9a0f2,True
did:example:60161b556516826b,did:example:university1,academic,StudentID,15,2.06,07/08/2025,27/06/2028,active,eth-registry:4e1f85d5,False
did:example:bac65c73b76d3b8b,did:example:gov_issuer,government,ProofOfAge,14,2.36,22/04/2025,20/03/2027,active,eth-registry:6ea6e0bf,True
did:example:5a2fcc6f93e6d51e,did:example:university1,academic,StudentID,12,2.17,01/07/2024,14/01/2027,revoked,eth-registry:d0ff9e98,True
did:example:4884eba4b2006a10,did:example:university1,academic,StudentID,13,1.97,27/12/2024,27/01/2026,revoked,eth-registry:73dc41c8,False
did:example:3aa37cee0c9c8a90,did:example:gov_issuer,government,ProofOfAge,16,2.52,10/11/2025,08/05/2027,active,eth-registry:c99d1632,False
did:example:24eb4a10c2e1ae9a,did:example:employer1,professional,EmployeeID,14,1.99,30/05/2024,18/03/2027,revoked,eth-registry:5a61051d,False
did:example:463a28a1b10ff4d7,did:example:university1,academic,StudentID,14,2.12,29/08/2024,14/07/2027,active,eth-registry:9f3cee9e,False
did:example:4daa8fb26e1e9249,did:example:employer1,professional,EmployeeID,10,1.86,21/10/2025,28/10/2026,revoked,eth-registry:bb48797e,False
did:example:5e0c743d8ec2f02c,did:example:gov_issuer,government,ProofOfResidence,16,2.57,06/05/2025,17/02/2028,revoked,eth-registry:4935aba3,True
did:example:05224945045cae62,did:example:university1,academic,StudentID,15,2.23,12/06/2024,22/01/2026,revoked,eth-registry:8949ecaa,False
did:example:b3bad5802e7886ed,did:example:university1,academic,StudentID,14,2.07,28/07/2024,01/01/2026,active,eth-registry:73bd8a31,True
did:example:cd375c3f36825ba9,did:example:university1,academic,StudentID,12,2.1,06/09/2025,02/09/2028,revoked,eth-registry:e0b55b74,True
did:example:2998b7c9b0907526,did:example:employer1,professional,EmployeeID,10,1.67,23/07/2024,17/08/2026,revoked,eth-registry:d639c781,False
did:example:cd53a9740acf7994,did:example:employer1,professional,EmployeeID,12,1.85,27/05/2025,29/12/2027,revoked,eth-registry:63203bee,False
did:example:be3c1bc4d4868a6f,did:example:university1,academic,StudentID,13,2.02,28/12/2024,07/04/2026,active,eth-registry:ef3d126b,True
did:example:cb950f3b92415d90,did:example:university1,academic,StudentID,13,2.1,10/06/2024,15/12/2026,revoked,eth-registry:7d953170,False
did:example:e6b3e087fce904cb,did:example:gov_issuer,government,ProofOfResidence,14,2.61,26/09/2024,20/06/2026,active,eth-registry:e1c3d99d,True
did:example:0ae9733147168423,did:example:employer1,professional,EmployeeID,10,1.61,03/06/2025,06/11/2027,revoked,eth-registry:4a8d20ce,True
did:example:e5a3d82e00121279,did:example:employer1,professional,EmployeeID,12,1.83,09/08/2025,01/12/2027,active,eth-registry:8369e33e,False
did:example:0f860e937d6280ff,did:example:employer1,professional,EmployeeID,14,1.67,20/01/2024,25/02/2025,revoked,eth-registry:311ad966,True
did:example:7f6f14eda5d48cc0,did:example:university1,academic,StudentID,14,2.01,23/10/2025,23/07/2028,active,eth-registry:55581a8d,False
did:example:bbb747f3862ba888,did:example:university1,academic,StudentID,13,1.91,21/06/2024,17/01/2026,revoked,eth-registry:10921eea,False
did:example:bc66368580adfa2f,did:example:university1,academic,StudentID,15,1.97,19/04/2025,10/01/2027,revoked,eth-registry:f8c70450,True
did:example:21da5673c34adaff,did:example:gov_issuer,government,ProofOfAge,17,2.69,27/07/2024,02/03/2027,active,eth-registry:9067a292,True
did:example:6a9053d1473d92f6,did:example:employer1,professional,EmployeeID,13,2.0,14/07/2024,16/04/2027,active,eth-registry:a2d21524,False
did:example:7ff10d9d4252c0f3,did:example:university1,academic,StudentID,14,2.19,11/10/2025,26/07/2028,active,eth-registry:bf7cc670,False
did:example:c0e2be885d698e2b,did:example:employer1,professional,EmployeeID,13,1.84,27/05/2025,24/04/2027,revoked,eth-registry:0e551f49,False
did:example:0e4cf4cc78440554,did:example:university1,academic,StudentID,14,2.21,31/10/2025,13/07/2027,active,eth-registry:d531eb7d,False
did:example:468deb247fa57c44,did:example:employer1,professional,EmployeeID,13,1.96,16/01/2024,06/09/2026,revoked,eth-registry:ead06d11,True
did:example:fbfa20f3942163f1,did:example:university1,academic,StudentID,14,2.11,17/07/2024,22/01/2026,active,eth-registry:32baef86,False
did:example:0f8737bf68b199e1,did:example:employer1,professional,EmployeeID,13,1.61,05/02/2024,20/05/2026,active,eth-registry:b4492375,True
did:example:6db50be73f9bd4e4,did:example:gov_issuer,government,ProofOfResidence,18,2.58,12/12/2024,02/06/2026,revoked,eth-registry:167739ba,True
did:example:6ac99f37c2cc81f2,did:example:employer1,professional,EmployeeID,11,1.99,03/12/2024,05/05/2026,revoked,eth-registry:23426b1d,True
did:example:822b47d949b3ea11,did:example:university1,academic,StudentID,14,2.0,18/12/2025,22/01/2028,active,eth-registry:610714aa,True
did:example:f9fb696a244fc6af,did:example:employer1,professional,EmployeeID,10,1.79,17/06/2024,11/03/2027,active,eth-registry:13b1db48,False
did:example:00605768cbc1e2bc,did:example:employer1,professional,EmployeeID,12,1.74,01/05/2025,30/11/2026,revoked,eth-registry:603e587c,False
did:example:f8034b761bc1c545,did:example:gov_issuer,government,ProofOfResidence,18,2.46,27/12/2025,09/06/2028,active,eth-registry:052b9de6,True
did:example:c6aecca02935232e,did:example:gov_issuer,government,ProofOfAge,17,2.59,20/02/2024,06/03/2025,active,eth-registry:d259c68e,False
did:example:4521e2717cf33c9a,did:example:employer1,professional,EmployeeID,11,1.75,21/11/2024,15/04/2027,revoked,eth-registry:4dbc40e5,False
did:example:9e55afc92d9d8d2e,did:example:gov_issuer,government,ProofOfResidence,17,2.68,13/10/2024,25/07/2026,active,eth-registry:72b8c796,False
did:example:08c2aeecd7d2ea51,did:example:employer1,professional,EmployeeID,11,1.92,20/01/2024,14/03/2025,revoked,eth-registry:0d919bcd,True
did:example:d2e90a976a3fd6d3,did:example:university1,academic,StudentID,13,1.91,04/11/2024,13/12/2026,active,eth-registry:5205a77a,True
did:example:09a7d79d27e3ba4a,did:example:gov_issuer,government,ProofOfAge,15,2.63,04/07/2024,25/12/2025,active,eth-registry:dfaa979d,True
did:example:18d8ec19edc79a71,did:example:employer1,professional,EmployeeID,13,1.91,11/08/2024,17/11/2026,active,eth-registry:71b3dda9,True
did:example:537134222b289205,did:example:employer1,professional,EmployeeID,10,1.81,04/06/2024,05/07/2025,active,eth-registry:a94a0895,False
did:example:3f6f77b5515d280a,did:example:university1,academic,StudentID,13,2.1,15/01/2025,22/09/2026,active,eth-registry:b3190fec,True
did:example:b7fc5ced1d6302e1,did:example:employer1,professional,EmployeeID,14,1.93,18/10/2024,08/04/2026,active,eth-registry:0761e6b1,True
did:example:d78ad13fdcbcadfa,did:example:gov_issuer,government,ProofOfResidence,17,2.47,22/06/2025,06/02/2027,revoked,eth-registry:3832aeda,True
did:example:d8f28e67ff3c165e,did:example:employer1,professional,EmployeeID,12,1.66,15/09/2024,20/09/2025,revoked,eth-registry:54a57c01,False
did:example:0bee22b94f4ac8ca,did:example:university1,academic,StudentID,15,2.03,20/05/2025,13/12/2026,active,eth-registry:86cf89bf,False
did:example:6ab738928445ed31,did:example:employer1,professional,EmployeeID,10,1.71,20/01/2025,25/03/2026,revoked,eth-registry:b9278f7b,True
did:example:de978e2471ad7a3d,did:example:employer1,professional,EmployeeID,14,1.87,13/09/2024,12/12/2026,revoked,eth-registry:0d8c42d6,False
did:example:b27819088d190342,did:example:gov_issuer,government,ProofOfAge,15,2.37,24/08/2025,25/07/2027,active,eth-registry:1bdcf85d,True
did:example:89941c9f207607ab,did:example:employer1,professional,EmployeeID,14,1.86,22/06/2025,15/01/2027,revoked,eth-registry:022e7fd3,True
did:example:4fe5ee29e2d7629f,did:example:university1,academic,StudentID,15,2.09,19/01/2025,14/04/2027,active,eth-registry:be1af4b9,False
did:example:ffdac33155ac7f07,did:example:gov_issuer,government,ProofOfAge,17,2.64,25/01/2025,26/11/2027,active,eth-registry:3eb07c93,False
did:example:1f7d03912f04979c,did:example:gov_issuer,government,ProofOfAge,17,2.49,12/07/2025,12/08/2027,revoked,eth-registry:8f02cde5,True
did:example:b777f0f06a19b53e,did:example:gov_issuer,government,ProofOfAge,17,2.67,16/07/2025,06/02/2027,active,eth-registry:ebf00792,True
did:example:01b6575d91112b81,did:example:employer1,professional,EmployeeID,11,1.96,04/06/2025,25/03/2027,active,eth-registry:37d71fec,False
did:example:3c7cf77fffe9c3fc,did:example:employer1,professional,EmployeeID,10,1.67,24/03/2024,23/10/2026,revoked,eth-registry:528b162f,False
did:example:3cd9d53080cebbfe,did:example:employer1,professional,EmployeeID,11,1.87,17/06/2024,28/08/2025,revoked,eth-registry:86185c36,False
did:example:83198164e25e2c3e,did:example:university1,academic,StudentID,13,1.99,22/10/2024,12/06/2026,revoked,eth-registry:659aae3e,True
did:example:a2c479f531a05b61,did:example:university1,academic,StudentID,14,2.23,24/02/2025,02/02/2027,active,eth-registry:f85900b8,False
did:example:95f58913f338f198,did:example:university1,academic,StudentID,13,2.15,15/10/2024,21/01/2027,active,eth-registry:985a8a7a,False
did:example:d4455a35015c075f,did:example:employer1,professional,EmployeeID,12,1.72,28/08/2025,23/10/2027,active,eth-registry:9e998591,False
did:example:de18f7069d6514c9,did:example:gov_issuer,government,ProofOfAge,14,2.4,14/09/2024,06/02/2027,active,eth-registry:ae77581f,True
did:example:74f24a45f0dafb68,did:example:university1,academic,StudentID,12,2.07,01/02/2025,20/12/2027,active,eth-registry:fe53f9c4,True
did:example:67273fd6583ff1a9,did:example:gov_issuer,government,ProofOfResidence,18,2.62,25/05/2025,29/09/2026,revoked,eth-registry:98d013f3,False
did:example:2cc821c68c07ed86,did:example:gov_issuer,government,ProofOfAge,18,2.62,02/10/2024,17/09/2026,revoked,eth-registry:c66b37c7,True
did:example:fa9b6b184c45ee46,did:example:university1,academic,StudentID,15,1.91,11/02/2025,15/11/2026,active,eth-registry:79f682f3,False
did:example:beb3fae35e2bdc65,did:example:university1,academic,StudentID,13,2.02,15/06/2025,18/08/2026,active,eth-registry:e3a18311,True
did:example:3d9ff192c2f9c321,did:example:gov_issuer,government,ProofOfResidence,16,2.47,09/10/2024,10/01/2026,revoked,eth-registry:54f7e848,True
did:example:60cd783b87918138,did:example:employer1,professional,EmployeeID,13,1.83,10/12/2025,13/03/2028,revoked,eth-registry:069510fc,False
did:example:ad3f5c119ccb04a3,did:example:university1,academic,StudentID,13,1.96,27/01/2025,04/02/2027,revoked,eth-registry:04db5344,True
did:example:9f1f558d1dc28979,did:example:employer1,professional,EmployeeID,13,1.73,28/07/2025,27/02/2027,active,eth-registry:abec8afd,True
did:example:2751c659c9c8e121,did:example:university1,academic,StudentID,14,2.25,29/05/2025,23/03/2028,revoked,eth-registry:409392f3,False
did:example:33cba272d9c66290,did:example:employer1,professional,EmployeeID,12,1.79,18/08/2025,02/04/2027,revoked,eth-registry:93a1ad89,True
did:example:52ef3d1cd3a08295,did:example:university1,academic,StudentID,13,2.2,08/05/2025,17/07/2027,revoked,eth-registry:7469cc1e,True
did:example:08b8fae1b94fd142,did:example:employer1,professional,EmployeeID,11,1.79,28/01/2025,20/01/2028,revoked,eth-registry:3e1f3641,True
did:example:2545e21e333669d1,did:example:university1,academic,StudentID,15,2.09,10/07/2025,04/12/2027,active,eth-registry:e80611ac,True
did:example:96b21b215b238499,did:example:university1,academic,StudentID,15,2.15,07/12/2024,23/05/2027,active,eth-registry:7390385c,True
did:example:c696c9b7adf685c6,did:example:university1,academic,StudentID,15,2.0,14/09/2025,08/04/2027,active,eth-registry:f62385ae,True
did:example:4dd53231e80b8e6c,did:example:employer1,professional,EmployeeID,13,1.7,01/01/2025,31/10/2027,active,eth-registry:dc6d4bfc,True
did:example:0b0cf71fb0eb11af,did:example:university1,academic,StudentID,13,2.3,24/06/2025,01/06/2027,revoked,eth-registry:2458bb47,False
did:example:fdafa6b216177dfa,did:example:employer1,professional,EmployeeID,13,1.95,31/05/2024,06/01/2026,revoked,eth-registry:7fbcea29,False
did:example:d6a24623d15c4b3f,did:example:university1,academic,StudentID,12,2.2,11/05/2024,03/11/2026,revoked,eth-registry:ac321a56,False
did:example:b36c0714e9f514a5,did:example:gov_issuer,government,ProofOfAge,18,2.35,16/02/2025,10/03/2027,revoked,eth-registry:86bd1b25,False
did:example:bdab0bd4462de788,did:example:gov_issuer,government,ProofOfAge,15,2.31,10/09/2025,14/12/2026,revoked,eth-registry:12906735,False
did:example:d159c0a548ee5c79,did:example:university1,academic,StudentID,13,1.97,20/06/2025,04/07/2026,revoked,eth-registry:cdaae8bf,False
did:example:712495ca2034eea0,did:example:university1,academic,StudentID,12,2.28,30/08/2024,26/11/2025,revoked,eth-registry:3f65c44c,False
did:example:4f4f6b69febb1400,did:example:gov_issuer,government,ProofOfResidence,14,2.63,17/09/2025,11/01/2027,active,eth-registry:834c8f8e,False
did:example:fec921921a993762,did:example:employer1,professional,EmployeeID,11,1.81,01/05/2025,12/10/2026,revoked,eth-registry:0545ab8e,False
did:example:29da6273031de0d3,did:example:employer1,professional,EmployeeID,12,1.99,10/02/2025,20/10/2026,active,eth-registry:e21d9dee,True
did:example:dc2d1fbd953bd1eb,did:example:gov_issuer,government,ProofOfAge,14,2.36,25/12/2025,16/06/2027,revoked,eth-registry:5c6a4779,False
did:example:f77533db4153087e,did:example:employer1,professional,EmployeeID,14,1.82,23/07/2025,13/05/2028,active,eth-registry:588e9f8f,True
did:example:87b5b6338dac22ba,did:example:university1,academic,StudentID,12,1.97,03/08/2024,07/07/2027,active,eth-registry:5a67d0fd,False
did:example:fe79679afa185862,did:example:employer1,professional,EmployeeID,14,1.72,17/02/2024,27/01/2027,revoked,eth-registry:2495ada3,False
did:example:7d8c32abe90ea666,did:example:university1,academic,StudentID,13,2.28,16/07/2024,08/11/2025,active,eth-registry:d5b25370,True
did:example:df9cdb55c75f8161,did:example:university1,academic,StudentID,13,2.25,09/05/2024,03/06/2026,revoked,eth-registry:ea5fe24e,True
did:example:097d4d4103b4c628,did:example:gov_issuer,government,ProofOfAge,14,2.34,13/05/2024,28/07/2025,active,eth-registry:6546653f,False
did:example:3c9d15ddbc92cd60,did:example:university1,academic,StudentID,15,2.0,17/01/2025,19/06/2027,active,eth-registry:10068d06,True
did:example:004da99ca7085226,did:example:university1,academic,StudentID,14,2.14,20/12/2025,30/03/2027,revoked,eth-registry:36066007,False
did:example:964abe6ec46fc992,did:example:employer1,professional,EmployeeID,10,1.62,19/04/2025,16/11/2026,active,eth-registry:24c250b5,True
did:example:1432172b586f2bc5,did:example:employer1,professional,EmployeeID,10,1.82,08/11/2024,05/04/2026,revoked,eth-registry:ac185128,False
did:example:38430be633e88800,did:example:university1,academic,StudentID,14,2.13,30/06/2024,16/06/2026,revoked,eth-registry:1fd8f473,False
did:example:14e5448c89399487,did:example:employer1,professional,EmployeeID,14,1.72,27/07/2025,22/04/2027,revoked,eth-registry:17911f47,False
did:example:c8b64f1a75941edb,did:example:employer1,professional,EmployeeID,10,1.72,05/02/2025,07/03/2027,revoked,eth-registry:06be5629,True
did:example:361649dfaa72d30d,did:example:university1,academic,StudentID,12,1.99,05/02/2024,28/06/2025,active,eth-registry:9258a992,False
did:example:8ba6235050f6b088,did:example:university1,academic,StudentID,14,2.27,06/12/2024,12/12/2026,active,eth-registry:520c1fad,True
did:example:06e30d426b5606f1,did:example:employer1,professional,EmployeeID,10,1.76,11/05/2024,14/07/2025,revoked,eth-registry:c03691a0,True
did:example:5bd665c8461e5f19,did:example:employer1,professional,EmployeeID,11,1.83,30/12/2024,29/01/2026,revoked,eth-registry:c5c21e68,False
did:example:8b2d58f512c3a786,did:example:employer1,professional,EmployeeID,10,1.72,16/02/2024,25/05/2025,active,eth-registry:6f88bb93,False
did:example:b0cf3617e7dcd3fe,did:example:employer1,professional,EmployeeID,12,1.88,05/06/2024,16/12/2025,active,eth-registry:a60b2e1b,False
did:example:a4da8a67c6650b96,did:example:employer1,professional,EmployeeID,13,1.64,19/08/2025,18/03/2028,active,eth-registry:6bcba4b4,False
did:example:97ea4961a1ff5e6b,did:example:employer1,professional,EmployeeID,12,1.63,03/05/2024,30/12/2025,active,eth-registry:b2261027,True
did:example:f7c0dbdd8e6afb0a,did:example:employer1,professional,EmployeeID,11,1.9,18/03/2024,02/04/2026,active,eth-registry:f11a2ad1,True
did:example:f7dbab44863697fc,did:example:university1,academic,StudentID,13,2.19,10/06/2024,18/10/2026,revoked,eth-registry:35fe89f4,True
did:example:c319555947d8d92e,did:example:university1,academic,StudentID,14,2.01,05/11/2025,03/05/2028,active,eth-registry:2fd49c7a,False
did:example:a3e84498d3f137c6,did:example:employer1,professional,EmployeeID,10,1.74,24/11/2025,24/01/2028,active,eth-registry:6f561f88,True
did:example:9a1cc81b680d89ae,did:example:employer1,professional,EmployeeID,10,1.98,30/04/2025,06/09/2026,revoked,eth-registry:73b6bebc,False
did:example:24e8233aacea5f34,did:example:university1,academic,StudentID,12,1.94,24/07/2025,20/11/2027,active,eth-registry:50950f97,True
did:example:2766c39626d751b9,did:example:employer1,professional,EmployeeID,14,1.67,26/10/2025,06/06/2027,revoked,eth-registry:4c961754,True
did:example:2ecb1c0b41d82c05,did:example:university1,academic,StudentID,14,2.07,04/08/2024,10/10/2026,revoked,eth-registry:f41d496d,True
did:example:2a888fad0d561316,did:example:university1,academic,StudentID,12,2.01,25/10/2024,13/10/2027,revoked,eth-registry:9db68ae2,False
did:example:09be8643f32b01bc,did:example:gov_issuer,government,ProofOfResidence,15,2.56,21/01/2024,14/03/2025,active,eth-registry:742a2112,True
did:example:b196ce8be219a346,did:example:university1,academic,StudentID,13,2.18,19/01/2025,22/03/2026,active,eth-registry:e0f926a5,True
did:example:184c8862a124875e,did:example:employer1,professional,EmployeeID,10,1.81,07/11/2025,08/05/2027,revoked,eth-registry:c15351df,True
did:example:181e11fa364a5580,did:example:gov_issuer,government,ProofOfAge,18,2.54,21/01/2024,06/12/2025,revoked,eth-registry:0933c799,True
did:example:cd8cf9fe78ad41cd,did:example:gov_issuer,government,ProofOfResidence,18,2.47,04/06/2025,20/05/2027,active,eth-registry:8f876e32,True
did:example:2db83ba73a54184d,did:example:gov_issuer,government,ProofOfAge,15,2.6,06/12/2024,10/07/2026,active,eth-registry:57a56974,False
did:example:b5ea818d0e39f3c9,did:example:university1,academic,StudentID,12,1.92,06/12/2025,24/09/2028,active,eth-registry:8018e41e,False
did:example:e162acbbdd86f6a7,did:example:employer1,professional,EmployeeID,11,1.73,07/03/2025,12/03/2026,revoked,eth-registry:13bf3267,False
did:example:6b6c89dcd4eeb489,did:example:gov_issuer,government,ProofOfResidence,16,2.57,23/10/2024,25/11/2026,active,eth-registry:4ea43ee6,False
did:example:b0cae5b1bf0833a2,did:example:university1,academic,StudentID,15,2.03,14/03/2024,21/04/2026,revoked,eth-registry:f4ffd4a5,True
did:example:ad7336799db62005,did:example:university1,academic,StudentID,13,1.93,14/02/2025,30/08/2027,active,eth-registry:9ff27342,False
did:example:2ce7527557577c7f,did:example:university1,academic,StudentID,13,2.04,18/12/2025,24/01/2028,active,eth-registry:991d0b23,True
did:example:8c601352f3188fe6,did:example:employer1,professional,EmployeeID,11,1.88,10/01/2024,18/04/2025,active,eth-registry:9a5c9a56,True
did:example:0e28f32e4b11d2fb,did:example:university1,academic,StudentID,12,1.95,04/01/2024,25/08/2025,active,eth-registry:9e162ad6,True
did:example:660227b800b260df,did:example:employer1,professional,EmployeeID,10,1.89,12/10/2025,15/02/2027,revoked,eth-registry:645fa057,False
did:example:e054e5dd5ba9dc0d,did:example:university1,academic,StudentID,13,2.21,14/07/2024,24/06/2026,active,eth-registry:ac240804,True
did:example:71e5baf8961c7416,did:example:employer1,professional,EmployeeID,13,1.85,20/03/2025,17/01/2028,active,eth-registry:f9a50713,True
did:example:2a265850b0773c14,did:example:university1,academic,StudentID,12,2.0,26/03/2025,06/01/2027,revoked,eth-registry:491cf718,True
did:example:38a33e08a8a53265,did:example:employer1,professional,EmployeeID,11,1.92,16/12/2024,08/09/2026,active,eth-registry:efd4866f,True
did:example:9c136b3269fb1e07,did:example:gov_issuer,government,ProofOfAge,18,2.39,29/12/2024,03/12/2026,revoked,eth-registry:20b725cd,False
did:example:653845dc5bc1da97,did:example:gov_issuer,government,ProofOfAge,18,2.66,17/05/2025,15/09/2026,active,eth-registry:286c8024,False
did:example:de20ba15b2d7def8,did:example:university1,academic,StudentID,14,2.18,23/06/2024,04/03/2027,revoked,eth-registry:56487d2d,False
did:example:063961960cc4dbc5,did:example:university1,academic,StudentID,14,1.92,11/05/2024,09/09/2026,revoked,eth-registry:7167042b,False
did:example:e56e266edb280206,did:example:university1,academic,StudentID,14,2.22,22/12/2025,26/05/2028,revoked,eth-registry:83bcf7de,True
did:example:0e6ff58c59aa8d30,did:example:university1,academic,StudentID,13,2.1,07/01/2024,18/09/2025,revoked,eth-registry:158927ec,False
did:example:a5490715f5b50364,did:example:gov_issuer,government,ProofOfResidence,15,2.48,18/05/2024,08/12/2025,revoked,eth-registry:d8185843,False
did:example:91f8cc345a828eba,did:example:university1,academic,StudentID,13,2.07,17/06/2025,29/05/2027,revoked,eth-registry:c2498dbf,True
did:example:f851e07e717f6043,did:example:university1,academic,StudentID,14,2.14,19/02/2025,13/08/2026,active,eth-registry:5a7db616,True
did:example:976b846c19f76aae,did:example:university1,academic,StudentID,14,2.19,23/08/2024,07/09/2025,active,eth-registry:98246826,False
did:example:c589bf6fdf219dfe,did:example:gov_issuer,government,ProofOfResidence,17,2.66,25/03/2024,06/09/2026,revoked,eth-registry:66c039b7,False
did:example:55b19e174cf85087,did:example:gov_issuer,government,ProofOfResidence,17,2.41,25/09/2024,15/06/2027,revoked,eth-registry:5558568e,False
did:example:fd073f85d5d1f7f9,did:example:gov_issuer,government,ProofOfAge,14,2.55,11/02/2024,24/07/2025,revoked,eth-registry:afb8c1b3,True
did:example:ad6131de374eec28,did:example:university1,academic,StudentID,14,2.17,08/02/2025,12/05/2027,active,eth-registry:f178d869,False
did:example:1db198b148b9f73a,did:example:university1,academic,StudentID,15,2.17,22/12/2024,16/10/2027,active,eth-registry:11054d14,False
did:example:2a172c98b2d8edaf,did:example:gov_issuer,government,ProofOfAge,17,2.5,03/11/2025,27/04/2028,revoked,eth-registry:a813277b,False
did:example:e181b604abc8b7e1,did:example:university1,academic,StudentID,14,2.06,11/08/2025,10/04/2028,active,eth-registry:a6ddb0e6,True
did:example:118ef722d4debb05,did:example:university1,academic,StudentID,12,2.2,09/12/2024,21/09/2027,active,eth-registry:9cc2c7fb,False
did:example:61eafdb48d636538,did:example:university1,academic,StudentID,15,2.02,23/01/2025,26/07/2026,active,eth-registry:39a34697,True
did:example:c2b699c794f8b588,did:example:university1,academic,StudentID,13,1.98,18/05/2025,10/07/2026,revoked,eth-registry:9813acca,True
did:example:485408b32b07a966,did:example:gov_issuer,government,ProofOfResidence,15,2.52,02/08/2024,10/03/2027,revoked,eth-registry:608aa400,False
did:example:a612fc23008f8124,did:example:university1,academic,StudentID,13,2.01,15/03/2025,14/10/2027,revoked,eth-registry:e39886ff,True
did:example:6d1d7f9699226332,did:example:gov_issuer,government,ProofOfAge,14,2.31,13/01/2024,31/05/2025,revoked,eth-registry:3a7987a9,True
did:example:779a34af03a791da,did:example:university1,academic,StudentID,15,1.92,17/11/2025,07/09/2028,active,eth-registry:32c967a9,False
did:example:3f6b6d48952de380,did:example:employer1,professional,EmployeeID,13,1.88,18/11/2025,06/12/2026,revoked,eth-registry:461f76ca,False
did:example:3118e269cc20b5d8,did:example:employer1,professional,EmployeeID,11,1.99,12/10/2025,14/07/2027,active,eth-registry:45a32766,False
did:example:710651e5089759cb,did:example:employer1,professional,EmployeeID,13,1.78,03/06/2024,06/05/2027,revoked,eth-registry:b6d625be,True
did:example:302bd3d899dc41e8,did:example:employer1,professional,EmployeeID,10,1.66,30/07/2025,13/04/2027,active,eth-registry:03ae734a,True
did:example:3f040a44fea08804,did:example:university1,academic,StudentID,13,2.23,24/02/2025,03/09/2027,revoked,eth-registry:dd937801,True
did:example:3613628805a0697f,did:example:university1,academic,StudentID,14,2.0,19/12/2025,15/01/2027,revoked,eth-registry:65b7c475,True
did:example:37096781015c7b76,did:example:employer1,professional,EmployeeID,10,2.0,12/01/2024,03/01/2026,active,eth-registry:43fba4f7,True
did:example:8adbe27ca701b392,did:example:gov_issuer,government,ProofOfAge,17,2.53,17/10/2024,11/05/2027,revoked,eth-registry:6f749422,False
did:example:1643f0ff175834d7,did:example:employer1,professional,EmployeeID,14,1.69,12/03/2024,18/11/2026,active,eth-registry:e21288d7,True
did:example:a708b8232527d7ba,did:example:gov_issuer,government,ProofOfAge,16,2.5,22/11/2025,06/10/2027,revoked,eth-registry:03b28c11,False
did:example:e2d32de6d46f21df,did:example:university1,academic,StudentID,12,2.03,04/05/2024,28/06/2025,active,eth-registry:8b49ee47,False
did:example:56ba7a2bce3dde49,did:example:gov_issuer,government,ProofOfResidence,17,2.61,29/01/2024,21/02/2026,revoked,eth-registry:f0130dac,True
did:example:6519dbd9787266a8,did:example:employer1,professional,EmployeeID,11,1.64,23/03/2024,14/09/2026,active,eth-registry:2f4e1c3a,True
did:example:43021cd54cbc2a27,did:example:university1,academic,StudentID,14,2.24,06/12/2025,31/10/2027,active,eth-registry:1dc762c4,False
did:example:4f4b6a9cc977c651,did:example:university1,academic,StudentID,14,2.21,22/01/2025,22/12/2027,revoked,eth-registry:4dc9977c,True
did:example:3cac03b722807834,did:example:university1,academic,StudentID,12,2.24,19/03/2024,03/11/2025,revoked,eth-registry:72b0edaf,True
did:example:8e28ad1b78faa17e,did:example:gov_issuer,government,ProofOfAge,14,2.66,17/10/2024,07/06/2027,active,eth-registry:186fc160,False
did:example:c1f81aefef5078c5,did:example:university1,academic,StudentID,12,1.99,07/11/2024,12/05/2027,revoked,eth-registry:d567533d,True
did:example:60f0bed4eb395893,did:example:university1,academic,StudentID,12,2.11,08/08/2025,19/06/2027,active,eth-registry:52a86642,True
did:example:26aba92e17d8b16f,did:example:university1,academic,StudentID,13,2.24,09/06/2024,19/08/2025,active,eth-registry:5719e953,False
did:example:529f7467a3fd192e,did:example:employer1,professional,EmployeeID,10,1.75,25/03/2024,03/12/2025,revoked,eth-registry:ffc51cd9,True
did:example:9d69f53b435706a1,did:example:university1,academic,StudentID,15,1.92,02/07/2025,13/01/2028,revoked,eth-registry:72c38b41,False
did:example:0ccbb7019b302be9,did:example:gov_issuer,government,ProofOfAge,18,2.42,11/11/2024,25/08/2027,revoked,eth-registry:ffbf2ecb,True
did:example:7d0e7284516d3d37,did:example:employer1,professional,EmployeeID,10,1.7,31/03/2024,28/02/2026,active,eth-registry:9aa3071b,False
did:example:63be144c4ccc6488,did:example:gov_issuer,government,ProofOfAge,15,2.65,09/11/2024,10/06/2026,revoked,eth-registry:14791d94,False
did:example:83df122a6e13fd73,did:example:gov_issuer,government,ProofOfAge,17,2.49,07/11/2024,20/05/2027,active,eth-registry:a3576527,False
did:example:ec0409d99cd560ef,did:example:employer1,professional,EmployeeID,13,1.87,17/06/2024,03/05/2027,active,eth-registry:92620cec,False
did:example:ce3efd17533c1bad,did:example:university1,academic,StudentID,14,2.28,26/05/2024,07/09/2025,revoked,eth-registry:db2b8297,False
did:example:b7ea771f6a4b663b,did:example:university1,academic,StudentID,15,2.02,11/03/2024,30/10/2025,active,eth-registry:f3b40b47,False
did:example:40519b6fd4de9388,did:example:gov_issuer,government,ProofOfAge,17,2.6,06/09/2025,08/04/2028,revoked,eth-registry:aa8d5b1d,True
did:example:972e4b95b352cf96,did:example:university1,academic,StudentID,14,1.91,08/01/2024,08/04/2025,active,eth-registry:3011853c,True
did:example:fa147113582a3367,did:example:university1,academic,StudentID,14,1.94,06/01/2025,18/12/2027,active,eth-registry:a1274fb6,False
did:example:f8248e6b9f44afd8,did:example:gov_issuer,government,ProofOfAge,16,2.36,14/01/2024,04/07/2025,revoked,eth-registry:696a4e14,False
did:example:76283a42e46e5e83,did:example:employer1,professional,EmployeeID,11,1.72,10/08/2025,31/07/2027,revoked,eth-registry:831d769e,False
did:example:9332c8fb146340b1,did:example:university1,academic,StudentID,14,2.06,18/10/2024,01/11/2026,revoked,eth-registry:22c31548,False
did:example:1c74adcc340d9399,did:example:gov_issuer,government,ProofOfAge,18,2.49,18/12/2025,17/09/2027,active,eth-registry:ca962531,True
did:example:8183ff0603286b91,did:example:gov_issuer,government,ProofOfAge,15,2.4,09/02/2024,14/05/2025,revoked,eth-registry:2815d034,True
did:example:32fa05f690cea9a3,did:example:gov_issuer,government,ProofOfResidence,14,2.33,30/08/2024,21/09/2025,active,eth-registry:8e9e3a99,True
did:example:c28c519df42ca8c8,did:example:university1,academic,StudentID,14,2.17,15/10/2024,19/07/2026,revoked,eth-registry:b12bfc48,False
did:example:ab07e5d8e4bf1d38,did:example:university1,academic,StudentID,15,1.91,20/02/2024,03/09/2025,active,eth-registry:5f4786ef,True
did:example:531a135e6f08844d,did:example:employer1,professional,EmployeeID,14,1.92,15/11/2024,08/09/2027,active,eth-registry:4e74ef68,False
did:example:1cb69a274f4d20ef,did:example:employer1,professional,EmployeeID,12,1.97,01/12/2024,31/03/2027,active,eth-registry:1e4d4d06,True
did:example:b8488ae0340e5c7d,did:example:university1,academic,StudentID,15,2.18,21/11/2024,28/01/2026,revoked,eth-registry:1a67b4a7,False
did:example:6414c04f6bd338d7,did:example:employer1,professional,EmployeeID,11,1.84,24/01/2025,29/07/2027,active,eth-registry:e6d52ca9,True
did:example:d13ef5bfbf8c23d5,did:example:employer1,professional,EmployeeID,12,1.86,20/05/2024,12/08/2026,active,eth-registry:55bd52c2,False
did:example:e9674823a3bd9448,did:example:employer1,professional,EmployeeID,12,1.86,23/06/2024,22/09/2025,active,eth-registry:35116569,False
did:example:de8817cbb8827fef,did:example:university1,academic,StudentID,13,2.27,30/12/2024,21/10/2026,revoked,eth-registry:5adaeddb,True
did:example:51f5d87b77fdf6af,did:example:employer1,professional,EmployeeID,13,1.99,15/04/2025,06/10/2027,revoked,eth-registry:e65d0403,False
did:example:d493887c6a60c951,did:example:gov_issuer,government,ProofOfResidence,18,2.47,13/10/2024,29/01/2027,revoked,eth-registry:ac7aee2b,True
did:example:f8349bbec78e3256,did:example:university1,academic,StudentID,13,2.15,30/11/2024,23/01/2027,revoked,eth-registry:bc89a6dc,True
did:example:400d723deaaf8086,did:example:university1,academic,StudentID,12,2.22,24/12/2025,16/12/2027,revoked,eth-registry:f55b1926,True
did:example:326ffe4d684b23f9,did:example:gov_issuer,government,ProofOfAge,18,2.3,17/04/2025,03/09/2027,active,eth-registry:e7bdcad5,True
did:example:e4a359518f744d66,did:example:gov_issuer,government,ProofOfAge,18,2.51,03/02/2024,04/11/2026,revoked,eth-registry:97ca7e72,True
did:example:8f2e2adaf652d3fb,did:example:employer1,professional,EmployeeID,14,1.86,20/09/2024,23/01/2026,revoked,eth-registry:c62daad9,False
did:example:d909f3e1033aab5f,did:example:gov_issuer,government,ProofOfAge,15,2.59,09/02/2024,29/11/2025,revoked,eth-registry:935a2d75,False
did:example:11d975519c35e173,did:example:gov_issuer,government,ProofOfAge,17,2.45,01/10/2025,12/06/2028,revoked,eth-registry:8b6f978c,True
did:example:85e69c337f222472,did:example:university1,academic,StudentID,14,2.02,25/08/2025,31/08/2027,active,eth-registry:cd18a0cc,False
did:example:497ef1b66daa7f07,did:example:university1,academic,StudentID,15,1.97,06/12/2024,13/04/2026,revoked,eth-registry:0a33baf9,True
did:example:35cefe5d10e5eb3b,did:example:employer1,professional,EmployeeID,14,1.82,13/07/2024,16/10/2025,revoked,eth-registry:e5a9874b,True
did:example:e66ec6c156cf7390,did:example:university1,academic,StudentID,15,2.27,09/06/2025,22/11/2027,active,eth-registry:4c2077c9,True
did:example:147c357f6a35d75f,did:example:employer1,professional,EmployeeID,12,1.96,14/05/2024,07/05/2026,revoked,eth-registry:3ef4ad0e,False
did:example:5da7ed4f18688f52,did:example:employer1,professional,EmployeeID,10,1.74,16/07/2025,14/02/2028,revoked,eth-registry:0afdd131,True
did:example:a8890fefe0f60aef,did:example:gov_issuer,government,ProofOfAge,14,2.4,01/10/2025,23/12/2026,active,eth-registry:eddb9cb2,True
did:example:73933b08597094e4,did:example:university1,academic,StudentID,15,2.22,11/05/2024,28/07/2026,revoked,eth-registry:596128be,False
did:example:bb4f087b7c24b42d,did:example:gov_issuer,government,ProofOfResidence,18,2.59,24/01/2025,26/03/2027,revoked,eth-registry:b3da0464,True
did:example:108ffc7ef3f39c01,did:example:university1,academic,StudentID,12,2.1,22/04/2024,23/03/2026,revoked,eth-registry:f744bb24,True
did:example:1081eb8f48f8ee6f,did:example:gov_issuer,government,ProofOfAge,15,2.46,26/03/2025,01/02/2027,active,eth-registry:edcf0110,True
did:example:6f55228aeab2e3f7,did:example:employer1,professional,EmployeeID,11,1.65,08/05/2025,22/11/2026,revoked,eth-registry:4b595fb6,True
did:example:19a81cdadb49ea05,did:example:gov_issuer,government,ProofOfResidence,15,2.61,06/01/2024,31/07/2026,revoked,eth-registry:1e7edaed,True
did:example:d06af277b963334e,did:example:employer1,professional,EmployeeID,13,1.85,21/11/2025,21/07/2027,revoked,eth-registry:c9e51d90,True
did:example:0e761cb039028158,did:example:university1,academic,StudentID,14,2.05,09/07/2024,10/05/2026,revoked,eth-registry:bfecb5ef,False
did:example:82975f1f97201cee,did:example:university1,academic,StudentID,13,2.27,04/12/2024,24/08/2027,active,eth-registry:c53c9cef,False
did:example:a7db6fe6dd6cfd81,did:example:gov_issuer,government,ProofOfAge,16,2.56,08/07/2024,11/10/2026,revoked,eth-registry:823a6220,True
did:example:bcd0d6bd0f96ba79,did:example:employer1,professional,EmployeeID,13,1.97,23/10/2025,20/11/2026,active,eth-registry:4930e19f,True
did:example:8e3bda13a68ed460,did:example:university1,academic,StudentID,14,2.09,10/07/2025,22/08/2026,revoked,eth-registry:82636d40,False
did:example:4aa636a865fc7d7b,did:example:gov_issuer,government,ProofOfAge,14,2.48,24/12/2025,21/01/2028,revoked,eth-registry:34bdacc0,False
did:example:084f1abf9de42919,did:example:gov_issuer,government,ProofOfAge,14,2.67,08/10/2024,11/03/2027,active,eth-registry:35cedd21,False
did:example:72744cf0b9e40196,did:example:university1,academic,StudentID,13,2.28,15/02/2025,25/01/2027,active,eth-registry:8621e54c,False
did:example:3628de53dbf370ef,did:example:employer1,professional,EmployeeID,12,1.98,26/02/2025,26/01/2028,revoked,eth-registry:3d510655,True
did:example:8e9a7b6c35a9fba2,did:example:university1,academic,StudentID,15,2.23,17/06/2024,28/02/2027,active,eth-registry:669ec587,True
did:example:e97685314f0aa26b,did:example:employer1,professional,EmployeeID,14,1.78,12/11/2025,05/10/2027,active,eth-registry:605f0cee,True
did:example:dc9c7c84915ec5f9,did:example:university1,academic,StudentID,14,1.98,23/09/2025,13/03/2027,revoked,eth-registry:704ca37e,True
did:example:ed283b25e1f4fbaf,did:example:university1,academic,StudentID,12,2.05,20/12/2025,27/12/2026,active,eth-registry:24fb6517,False
did:example:8e59c5d0153518ec,did:example:gov_issuer,government,ProofOfAge,14,2.68,30/11/2024,24/12/2025,revoked,eth-registry:8183f084,True
did:example:620c5adc0a54e53d,did:example:gov_issuer,government,ProofOfAge,16,2.45,03/04/2024,18/06/2026,revoked,eth-registry:f6e46cb4,True
did:example:c122adcae61bf99b,did:example:employer1,professional,EmployeeID,12,1.9,26/04/2024,26/12/2025,active,eth-registry:3cb6d876,False
did:example:b389c118f0209b1a,did:example:university1,academic,StudentID,14,2.27,10/02/2025,27/05/2026,active,eth-registry:a140a186,False
did:example:a68c4f76d7a5a0e4,did:example:university1,academic,StudentID,12,2.29,21/08/2025,13/10/2026,active,eth-registry:592733b8,True
did:example:0f85756ea682fd04,did:example:university1,academic,StudentID,15,2.28,26/05/2025,03/05/2027,active,eth-registry:bfba7bfe,True
did:example:78a80238f1526a4b,did:example:gov_issuer,government,ProofOfAge,16,2.52,19/06/2025,20/08/2027,active,eth-registry:55ce525b,False
did:example:4a817c22aa5d25d2,did:example:employer1,professional,EmployeeID,12,1.8,25/07/2025,17/08/2026,active,eth-registry:f66a701e,True
did:example:1ec5ea3e0378e2a0,did:example:gov_issuer,government,ProofOfAge,14,2.7,08/09/2025,11/07/2027,active,eth-registry:d88bfd1c,False
did:example:6f5dcf4427db265c,did:example:gov_issuer,government,ProofOfResidence,18,2.39,03/11/2025,22/09/2027,revoked,eth-registry:e85e398a,True
did:example:6577b787ac9e68cd,did:example:university1,academic,StudentID,14,1.98,22/09/2024,02/11/2025,active,eth-registry:ab35aaf0,True
did:example:500b59d47ad8ccf6,did:example:gov_issuer,government,ProofOfResidence,15,2.69,16/06/2025,16/03/2028,active,eth-registry:3d6d8155,False
did:example:a6fc1cf2fb6f2202,did:example:employer1,professional,EmployeeID,11,1.88,22/07/2024,06/01/2026,revoked,eth-registry:cc82e738,False
did:example:800ca656e155d963,did:example:employer1,professional,EmployeeID,11,1.81,19/05/2025,25/08/2026,active,eth-registry:dca7bd75,False
did:example:59e71d9254429358,did:example:gov_issuer,government,ProofOfAge,14,2.35,10/02/2024,17/05/2025,active,eth-registry:77bb405e,False
did:example:3499bfc9314340b4,did:example:employer1,professional,EmployeeID,14,1.81,09/02/2024,07/02/2026,active,eth-registry:461894a2,True
did:example:a780353e4ec3ea42,did:example:university1,academic,StudentID,15,2.28,26/05/2024,25/10/2026,active,eth-registry:f7946fca,False
did:example:1efbf54c981ccd63,did:example:gov_issuer,government,ProofOfResidence,18,2.54,02/02/2025,06/08/2026,active,eth-registry:9a8a033d,True
did:example:a1253d744a1a7efc,did:example:university1,academic,StudentID,13,2.06,27/10/2025,08/05/2028,revoked,eth-registry:bef51c67,True
did:example:59068267573375e9,did:example:university1,academic,StudentID,14,2.12,13/03/2025,19/09/2026,revoked,eth-registry:db519e5a,True
did:example:7bc0cdc98db9ac75,did:example:employer1,professional,EmployeeID,12,1.95,14/02/2025,30/06/2026,revoked,eth-registry:cd7c525d,True
did:example:a0bd8da8c9843175,did:example:university1,academic,StudentID,13,2.27,24/05/2025,06/09/2027,revoked,eth-registry:0c8fb95e,True
did:example:36e7684e373c654f,did:example:employer1,professional,EmployeeID,12,1.76,09/10/2025,26/04/2028,active,eth-registry:51e18898,False
did:example:4ddcd9b54916d2ac,did:example:employer1,professional,EmployeeID,12,1.84,02/03/2025,30/08/2027,revoked,eth-registry:2f86eb44,True
did:example:fd513501d9cf13d7,did:example:employer1,professional,EmployeeID,13,1.71,23/06/2025,04/08/2027,active,eth-registry:d4ed2256,True
did:example:fcfc57456bbb37ed,did:example:gov_issuer,government,ProofOfAge,14,2.48,26/10/2024,26/07/2027,active,eth-registry:d6402d47,True
did:example:abdb9d23d958fd0b,did:example:university1,academic,StudentID,12,1.99,28/12/2025,08/09/2028,revoked,eth-registry:d5c551eb,False
did:example:eeac3d0e2a34f3e4,did:example:employer1,professional,EmployeeID,14,1.81,22/12/2024,13/07/2026,active,eth-registry:7c480d9e,True
did:example:20834f5c038c9101,did:example:employer1,professional,EmployeeID,14,1.83,14/10/2025,15/01/2028,revoked,eth-registry:9004dcbf,True
did:example:9b55c6789a51030e,did:example:gov_issuer,government,ProofOfAge,18,2.44,08/12/2025,28/01/2027,active,eth-registry:37b1ce87,False
did:example:b844aaa5190ed1ea,did:example:gov_issuer,government,ProofOfAge,15,2.41,07/10/2025,04/12/2026,revoked,eth-registry:937ad2d8,False
did:example:2bccc3a683655fee,did:example:university1,academic,StudentID,13,1.96,28/08/2024,17/07/2026,revoked,eth-registry:e500ed66,False
did:example:fbca01b20aaccf4e,did:example:employer1,professional,EmployeeID,10,1.66,29/09/2024,25/02/2027,revoked,eth-registry:f29b6d19,False
did:example:4b41f65a12e35806,did:example:gov_issuer,government,ProofOfAge,15,2.58,27/07/2025,27/09/2027,active,eth-registry:6d987f94,True
did:example:3cb930c6f03488d7,did:example:gov_issuer,government,ProofOfResidence,17,2.39,09/11/2025,09/03/2027,active,eth-registry:2ded2761,False
did:example:5a50909726474c18,did:example:university1,academic,StudentID,13,1.95,20/03/2025,11/09/2027,active,eth-registry:fb846240,False
did:example:52e783205c4509f0,did:example:university1,academic,StudentID,13,2.3,22/07/2025,08/10/2027,active,eth-registry:0a467e63,True
did:example:313f6b6ce9165e5b,did:example:employer1,professional,EmployeeID,10,1.7,20/11/2024,26/05/2027,revoked,eth-registry:23b7ab0e,False
did:example:34a9481e0b2de013,did:example:employer1,professional,EmployeeID,12,1.96,18/09/2025,09/12/2027,revoked,eth-registry:a645b4b5,True
did:example:1a2401d49637849d,did:example:university1,academic,StudentID,14,2.14,29/10/2024,22/07/2027,active,eth-registry:00f1b5d8,True
did:example:ed7a270f48fb747e,did:example:university1,academic,StudentID,14,2.19,30/03/2025,19/12/2026,active,eth-registry:3ea5d414,True
did:example:2c1a428b835a1ea2,did:example:employer1,professional,EmployeeID,12,1.82,27/01/2025,18/02/2026,revoked,eth-registry:24d66ea4,False
did:example:762300ec9f99d138,did:example:university1,academic,StudentID,15,1.97,03/09/2025,14/11/2027,active,eth-registry:d47d41fb,False
did:example:9c91a6c93b971988,did:example:university1,academic,StudentID,12,2.24,07/08/2025,24/07/2028,active,eth-registry:3433e036,True
did:example:0c5460e19f5afeea,did:example:university1,academic,StudentID,13,2.23,05/09/2025,15/11/2026,active,eth-registry:22fd51ca,False
did:example:7cae27628ccbb0f0,did:example:employer1,professional,EmployeeID,13,1.74,30/03/2024,06/03/2027,active,eth-registry:61a666bc,True
did:example:88b122ef4d1c130e,did:example:university1,academic,StudentID,13,2.21,28/06/2024,11/01/2027,revoked,eth-registry:9b2d0d40,False
did:example:bc9a48de09739986,did:example:gov_issuer,government,ProofOfResidence,18,2.52,27/10/2025,21/11/2026,revoked,eth-registry:73c8d1df,True
did:example:2df7a767cc0572aa,did:example:university1,academic,StudentID,12,2.26,05/04/2024,06/05/2026,active,eth-registry:4f58d6a3,True
did:example:c4a854a8314b0eae,did:example:gov_issuer,government,ProofOfResidence,14,2.62,19/07/2025,05/03/2027,active,eth-registry:f547ec6a,False
did:example:78db5de3c31145c4,did:example:employer1,professional,EmployeeID,11,1.62,08/04/2025,29/07/2027,revoked,eth-registry:fe640bda,False
did:example:022f4cf01be6453e,did:example:gov_issuer,government,ProofOfResidence,16,2.65,12/09/2024,25/03/2027,active,eth-registry:c6ddd670,True
did:example:7e7899a62be7beed,did:example:university1,academic,StudentID,15,2.29,28/01/2024,27/10/2025,revoked,eth-registry:26e1d76a,False
did:example:4b8448c937910248,did:example:university1,academic,StudentID,13,2.2,08/01/2024,22/12/2025,active,eth-registry:253a6d9b,False
did:example:e03fab759e453397,did:example:university1,academic,StudentID,13,1.95,14/10/2025,12/11/2026,active,eth-registry:c8039ce6,True
did:example:37af7034b50673a4,did:example:university1,academic,StudentID,12,2.22,17/03/2024,20/03/2025,revoked,eth-registry:318c318b,True
did:example:3ee4abf19ab182a5,did:example:employer1,professional,EmployeeID,12,1.86,28/06/2025,04/01/2028,active,eth-registry:c90055f6,True
did:example:0f33b2c6437a9ccc,did:example:university1,academic,StudentID,14,2.04,15/04/2024,30/12/2025,active,eth-registry:683c4513,False
did:example:4b715db198bb059b,did:example:university1,academic,StudentID,14,2.25,17/10/2024,20/07/2027,revoked,eth-registry:0551320d,False
did:example:e3740473e3afafb0,did:example:university1,academic,StudentID,14,2.13,16/03/2024,13/05/2026,revoked,eth-registry:6a8f1f0d,True
did:example:1bb03e0698b46ffb,did:example:university1,academic,StudentID,13,2.24,10/04/2025,24/01/2027,active,eth-registry:6b4d4b00,False
did:example:ccae1f72ac35e6fc,did:example:gov_issuer,government,ProofOfResidence,14,2.57,16/03/2024,18/12/2026,revoked,eth-registry:04de0354,True
did:example:57e0dac50d02cdc2,did:example:gov_issuer,government,ProofOfAge,14,2.42,02/04/2025,13/05/2026,revoked,eth-registry:10fa9fee,True
did:example:75d5f8ab739934d5,did:example:gov_issuer,government,ProofOfAge,14,2.69,02/12/2025,30/07/2028,active,eth-registry:cda8d97f,False
did:example:f04369154340162d,did:example:university1,academic,StudentID,14,2.13,26/06/2025,19/08/2026,active,eth-registry:ebb29d14,True
did:example:68de99ef234fc816,did:example:university1,academic,StudentID,15,2.11,26/04/2025,17/03/2028,revoked,eth-registry:1833320d,False
did:example:28446cece9bed462,did:example:university1,academic,StudentID,15,2.06,24/10/2025,11/12/2027,revoked,eth-registry:8359dcd7,False
did:example:64f65b6a505c7804,did:example:gov_issuer,government,ProofOfAge,15,2.35,22/08/2025,30/07/2027,active,eth-registry:fc62b438,True
did:example:9083d375a2f6af86,did:example:university1,academic,StudentID,12,2.17,19/06/2025,10/10/2027,revoked,eth-registry:6d081872,True
did:example:bdeb73c4ac79877d,did:example:gov_issuer,government,ProofOfResidence,17,2.47,15/02/2025,21/09/2027,revoked,eth-registry:46035f3e,True
did:example:0bd40d269d561791,did:example:employer1,professional,EmployeeID,10,1.97,12/10/2024,08/05/2026,revoked,eth-registry:0ffadf67,True
did:example:839b575d1c3096d1,did:example:employer1,professional,EmployeeID,13,1.99,28/03/2025,09/06/2026,active,eth-registry:9398f2f7,False
did:example:469c34b905ef9027,did:example:university1,academic,StudentID,13,2.21,18/03/2024,23/02/2027,revoked,eth-registry:90fcbe04,True
did:example:ee3929a9a68773a8,did:example:gov_issuer,government,ProofOfAge,18,2.4,06/10/2025,19/10/2027,active,eth-registry:3bfd7214,True
did:example:623957f157c438fe,did:example:employer1,professional,EmployeeID,13,1.89,08/10/2025,05/05/2027,active,eth-registry:34288843,False
did:example:a708d1e47e68ebbb,did:example:university1,academic,StudentID,14,1.91,10/07/2024,11/05/2027,revoked,eth-registry:3f3b3911,False
did:example:b468bfe9a0e0f259,did:example:university1,academic,StudentID,13,2.23,07/07/2025,04/08/2026,active,eth-registry:e8936961,False
did:example:4a308466813b6933,did:example:university1,academic,StudentID,15,2.1,22/05/2025,25/01/2028,revoked,eth-registry:c546d33c,False
did:example:0d9aec57f405bc7b,did:example:gov_issuer,government,ProofOfResidence,16,2.67,16/09/2025,29/09/2026,active,eth-registry:83bf2020,False
did:example:c9304ef5a8182393,did:example:employer1,professional,EmployeeID,13,1.75,19/10/2025,10/02/2028,active,eth-registry:035a40e2,True
did:example:3e224898342a80f2,did:example:gov_issuer,government,ProofOfResidence,15,2.41,27/06/2025,24/07/2026,revoked,eth-registry:600cf645,True
did:example:279550fdf1d5a3fc,did:example:employer1,professional,EmployeeID,12,2.0,15/11/2025,04/03/2027,revoked,eth-registry:55bae5a7,False
did:example:516430aead93a27b,did:example:employer1,professional,EmployeeID,14,1.81,25/08/2024,20/04/2026,active,eth-registry:a537bfeb,False
did:example:e82c929398100a22,did:example:gov_issuer,government,ProofOfAge,15,2.65,20/11/2024,02/04/2026,revoked,eth-registry:3aa2c6f8,True
did:example:a0711a73b525f0db,did:example:gov_issuer,government,ProofOfAge,14,2.66,18/04/2024,20/05/2025,active,eth-registry:dc3faf15,False
did:example:4e4735601fd59308,did:example:university1,academic,StudentID,13,2.11,18/09/2025,27/01/2028,active,eth-registry:a57d455c,False
did:example:1209283fb6529e05,did:example:university1,academic,StudentID,13,2.08,21/07/2024,28/01/2027,active,eth-registry:8ea8dc4c,True
did:example:ad0bb8e18822b13f,did:example:gov_issuer,government,ProofOfResidence,16,2.52,03/01/2025,28/08/2026,active,eth-registry:de9f9fa8,False
did:example:7ba77bdd458ff6cd,did:example:employer1,professional,EmployeeID,10,1.94,28/04/2024,20/09/2026,revoked,eth-registry:716f6ad2,False
did:example:907680d648948c3d,did:example:university1,academic,StudentID,12,2.29,07/07/2024,04/03/2026,active,eth-registry:90382bc7,False
did:example:0b7383ba8e180224,did:example:university1,academic,StudentID,13,2.03,08/05/2025,12/10/2026,revoked,eth-registry:c9eb97c2,False
did:example:59a76d0c5bbbfd50,did:example:gov_issuer,government,ProofOfAge,16,2.6,02/07/2024,13/03/2027,active,eth-registry:304ba516,False
did:example:1b99db6f94f0bfda,did:example:gov_issuer,government,ProofOfAge,14,2.41,11/01/2025,29/01/2027,active,eth-registry:d410826c,True
did:example:82588aa0c293d515,did:example:gov_issuer,government,ProofOfAge,15,2.54,26/11/2024,10/12/2025,revoked,eth-registry:969e5fe2,True
did:example:7949e2f52d779774,did:example:gov_issuer,government,ProofOfResidence,15,2.62,25/03/2025,18/08/2027,active,eth-registry:5245ed0b,False
did:example:6a000645dae02494,did:example:university1,academic,StudentID,12,2.25,07/07/2024,19/04/2026,revoked,eth-registry:e47aee56,False
did:example:036fca663629fdc5,did:example:university1,academic,StudentID,13,2.08,20/12/2024,11/02/2026,revoked,eth-registry:2574e10f,False
did:example:b4a435e35c95fa73,did:example:employer1,professional,EmployeeID,11,1.75,22/01/2024,14/07/2025,active,eth-registry:c85f7541,True
did:example:affdfa71a206242b,did:example:university1,academic,StudentID,12,2.0,13/01/2025,03/09/2026,revoked,eth-registry:5573d86f,False
did:example:5cabab2ed84d1bb7,did:example:employer1,professional,EmployeeID,13,1.65,18/03/2024,06/04/2025,active,eth-registry:31dd840a,True
did:example:4fa9923ceb99f292,did:example:gov_issuer,government,ProofOfAge,14,2.45,16/06/2025,30/11/2027,revoked,eth-registry:74c0a8b5,False
did:example:94f4ef71f983f4aa,did:example:employer1,professional,EmployeeID,12,1.95,12/09/2025,17/02/2027,revoked,eth-registry:856ce951,True
did:example:d7bf6f60262e96bb,did:example:employer1,professional,EmployeeID,13,1.77,20/10/2024,11/02/2026,active,eth-registry:ef16edc9,False
did:example:1d4791407aa79a37,did:example:university1,academic,StudentID,15,2.03,07/10/2025,18/02/2027,revoked,eth-registry:3c1f05e9,False
did:example:ac2b1e834ac41681,did:example:gov_issuer,government,ProofOfResidence,16,2.6,13/10/2024,19/03/2027,active,eth-registry:bf6a5ad6,False
did:example:d92bd4962f407aa1,did:example:university1,academic,StudentID,14,1.99,30/09/2025,03/10/2027,revoked,eth-registry:048bb71e,False
did:example:c5c4d1ad9e5870e1,did:example:employer1,professional,EmployeeID,13,1.7,14/01/2025,31/08/2027,active,eth-registry:4bcc6061,True
did:example:e13fdcff37100e00,did:example:gov_issuer,government,ProofOfAge,18,2.67,08/02/2025,23/12/2026,active,eth-registry:bec6e5b3,False
did:example:d57e43c46a2ae81f,did:example:gov_issuer,government,ProofOfResidence,15,2.33,25/10/2024,07/03/2027,revoked,eth-registry:52b46f6e,False
did:example:14cca4565c8cbf23,did:example:university1,academic,StudentID,15,2.07,14/11/2025,24/10/2027,active,eth-registry:f866a844,True
did:example:7c2c9a9935fe5529,did:example:employer1,professional,EmployeeID,12,1.83,31/05/2025,07/08/2027,revoked,eth-registry:6035321c,True
did:example:4521759644b5cb9e,did:example:employer1,professional,EmployeeID,10,1.69,30/12/2024,02/10/2027,active,eth-registry:3e6f0b4f,False
did:example:1a6303cc300c2526,did:example:employer1,professional,EmployeeID,13,1.71,04/08/2025,26/10/2027,revoked,eth-registry:b950290d,True
did:example:41d8c6489b746899,did:example:employer1,professional,EmployeeID,14,1.69,04/12/2024,30/11/2026,active,eth-registry:ecce1449,True
did:example:3a0509b061479242,did:example:gov_issuer,government,ProofOfResidence,14,2.44,02/10/2025,25/06/2028,revoked,eth-registry:6b760bbf,False
did:example:8d32425a4dd782da,did:example:university1,academic,StudentID,12,2.26,12/12/2024,24/03/2027,revoked,eth-registry:80104922,True
did:example:685c5e771b4a1055,did:example:employer1,professional,EmployeeID,14,1.77,15/08/2025,27/06/2028,active,eth-registry:fd17f9d6,False
did:example:b8348df362743a92,did:example:university1,academic,StudentID,14,2.07,04/07/2024,20/10/2026,revoked,eth-registry:ecbfbb13,True
did:example:bd3a51d730a9a73b,did:example:employer1,professional,EmployeeID,11,1.75,18/02/2025,05/07/2027,active,eth-registry:fc828d91,True
did:example:b56c033308b826f3,did:example:university1,academic,StudentID,15,2.29,24/03/2025,05/04/2027,revoked,eth-registry:10488d91,True
did:example:b794ff5295c17ed4,did:example:university1,academic,StudentID,13,1.95,20/01/2025,03/10/2027,active,eth-registry:ead433fe,False
did:example:db2901f8d8a08c7e,did:example:gov_issuer,government,ProofOfAge,15,2.65,24/11/2024,04/07/2026,active,eth-registry:29bd155f,True
did:example:8115f08b291e0f36,did:example:gov_issuer,government,ProofOfResidence,15,2.43,01/01/2024,01/02/2026,active,eth-registry:0171eb30,True
did:example:d33d8877c882d053,did:example:university1,academic,StudentID,14,2.28,13/12/2025,03/10/2028,revoked,eth-registry:ff5bce42,False
did:example:1a0d05a80656f42e,did:example:employer1,professional,EmployeeID,10,1.73,06/06/2024,08/11/2025,active,eth-registry:12b7c34c,False
did:example:fabab844e613b7b8,did:example:university1,academic,StudentID,13,1.93,05/05/2024,21/03/2026,revoked,eth-registry:5a9b598c,True
did:example:c56568bb033062d6,did:example:gov_issuer,government,ProofOfAge,15,2.51,15/08/2025,02/09/2026,active,eth-registry:785471c8,False
did:example:26694f230ca7ba86,did:example:employer1,professional,EmployeeID,10,1.69,26/02/2024,18/04/2026,active,eth-registry:076c4c59,True
did:example:446d20e97be007ec,did:example:university1,academic,StudentID,15,2.2,12/07/2025,22/03/2027,revoked,eth-registry:2c167632,True
did:example:b3a708a529ac6ffd,did:example:gov_issuer,government,ProofOfAge,14,2.56,13/09/2024,26/10/2026,active,eth-registry:f438dd40,True
did:example:77da996794892e49,did:example:university1,academic,StudentID,15,2.17,10/06/2025,29/11/2026,revoked,eth-registry:85e2e5a5,False
did:example:917f504897832b08,did:example:university1,academic,StudentID,12,1.98,06/06/2024,01/02/2027,active,eth-registry:8e2f15dc,False
did:example:ce3e63d93e62e510,did:example:gov_issuer,government,ProofOfResidence,15,2.58,28/05/2025,17/05/2028,active,eth-registry:6a6dbdcf,True
did:example:c726e54647b5bb61,did:example:university1,academic,StudentID,12,2.02,26/12/2025,20/01/2028,active,eth-registry:7096cbc4,True
did:example:61f9a8411611b007,did:example:employer1,professional,EmployeeID,11,2.0,03/01/2025,25/03/2027,revoked,eth-registry:13cfaf40,False
did:example:5cf904deacf03a69,did:example:gov_issuer,government,ProofOfAge,17,2.59,12/02/2025,11/01/2027,revoked,eth-registry:b911c6fe,True
did:example:500cb036c3c88dc3,did:example:employer1,professional,EmployeeID,10,1.84,24/03/2025,28/10/2026,revoked,eth-registry:2a0bb3a2,False
did:example:466e563e8636efd1,did:example:employer1,professional,EmployeeID,12,1.95,19/09/2024,21/08/2026,active,eth-registry:48558b3f,False
did:example:a58e65a6bacd85a2,did:example:university1,academic,StudentID,15,2.14,06/02/2025,02/02/2027,revoked,eth-registry:f906f7ca,False
did:example:3b205459ec292274,did:example:university1,academic,StudentID,13,2.12,14/04/2025,05/11/2027,active,eth-registry:0570ec25,False
did:example:26464dadf559bc51,did:example:gov_issuer,government,ProofOfResidence,14,2.39,19/01/2024,06/06/2026,revoked,eth-registry:384df9d5,True
did:example:e03a1b6a0941340c,did:example:gov_issuer,government,ProofOfResidence,17,2.57,27/11/2024,26/07/2026,revoked,eth-registry:546247df,False
did:example:4a09bf0f16064b68,did:example:employer1,professional,EmployeeID,10,1.75,20/01/2025,15/04/2027,active,eth-registry:a1356a4b,True
did:example:d3a6735143ed52a1,did:example:employer1,professional,EmployeeID,10,1.62,01/06/2024,15/04/2027,active,eth-registry:11a309d6,False
did:example:11a54c276fc0ae19,did:example:university1,academic,StudentID,13,2.23,10/12/2024,11/10/2026,active,eth-registry:9fc39621,True
did:example:e76f4a5d07d6465b,did:example:university1,academic,StudentID,13,1.92,15/10/2024,25/06/2027,active,eth-registry:b180cc56,False
did:example:73ac3fec3607d9a8,did:example:employer1,professional,EmployeeID,10,1.87,09/02/2025,21/01/2027,revoked,eth-registry:62f10e00,True
did:example:dda03e2c6b8f2bc0,did:example:employer1,professional,EmployeeID,13,1.66,28/07/2024,06/11/2025,active,eth-registry:484fb69b,True
did:example:9566349291a578c9,did:example:gov_issuer,government,ProofOfAge,16,2.47,18/10/2025,28/02/2027,revoked,eth-registry:449ceffd,True
did:example:f0dbeae28fcd4cea,did:example:gov_issuer,government,ProofOfAge,18,2.64,11/04/2025,28/11/2026,active,eth-registry:76a2c431,True
did:example:191b2f8d68cad3c6,did:example:gov_issuer,government,ProofOfResidence,16,2.34,03/04/2025,02/06/2027,active,eth-registry:82f073da,True
did:example:826d10e76ea06e46,did:example:employer1,professional,EmployeeID,12,1.87,19/08/2025,11/06/2028,revoked,eth-registry:8e3d786a,True
did:example:0f74c26f645a51c3,did:example:gov_issuer,government,ProofOfAge,18,2.55,16/01/2024,29/10/2025,active,eth-registry:f396a6f5,False
did:example:0954fe764406e63e,did:example:university1,academic,StudentID,12,2.25,10/07/2024,29/01/2026,revoked,eth-registry:a6b45ba5,False
did:example:472f38aa205ba271,did:example:gov_issuer,government,ProofOfAge,15,2.37,12/05/2024,02/09/2026,active,eth-registry:f8b9d2b4,False
did:example:2850b7110ce59b80,did:example:gov_issuer,government,ProofOfAge,17,2.62,30/03/2025,17/11/2026,revoked,eth-registry:fd310ed7,False
did:example:7d8198bdf5e4f1b7,did:example:university1,academic,StudentID,13,2.08,07/09/2024,22/07/2026,revoked,eth-registry:e8f85d19,True
did:example:3eb72ebc0c4acb87,did:example:employer1,professional,EmployeeID,14,1.77,01/06/2025,06/11/2026,revoked,eth-registry:b05c46c0,False
did:example:d994035ddf32127b,did:example:university1,academic,StudentID,13,2.04,19/11/2025,22/06/2027,active,eth-registry:0e4bbe13,False
did:example:0a25ace5404317eb,did:example:gov_issuer,government,ProofOfAge,16,2.45,27/09/2024,05/11/2025,active,eth-registry:b7e01479,True
did:example:bc47da4c20fa88a4,did:example:employer1,professional,EmployeeID,14,1.81,29/08/2024,18/10/2026,active,eth-registry:9f1cb41f,False
did:example:527656a63acfdcb4,did:example:university1,academic,StudentID,12,1.94,22/12/2024,06/12/2026,active,eth-registry:f67a384b,False
did:example:a1686ba101056680,did:example:employer1,professional,EmployeeID,14,1.77,23/12/2024,27/04/2026,revoked,eth-registry:edd6f743,True
did:example:2391d79ad02e05b2,did:example:university1,academic,StudentID,12,2.16,19/09/2024,24/03/2027,revoked,eth-registry:8cc3f9bf,True
did:example:1b28591bb81a79e2,did:example:gov_issuer,government,ProofOfResidence,15,2.5,10/09/2024,04/02/2026,revoked,eth-registry:f4455d1a,False
did:example:5e14a7537379dd6a,did:example:employer1,professional,EmployeeID,12,1.67,29/09/2024,24/01/2027,revoked,eth-registry:680e01b4,True
did:example:d85b936c005ef257,did:example:university1,academic,StudentID,14,2.05,22/12/2024,13/03/2026,revoked,eth-registry:43f7d6ad,True
did:example:482d3f92220b0684,did:example:gov_issuer,government,ProofOfAge,18,2.48,22/11/2024,12/12/2025,revoked,eth-registry:b4d870db,True
did:example:c39a6e56515f25b6,did:example:university1,academic,StudentID,15,2.17,29/11/2024,27/02/2026,active,eth-registry:4634b47f,True
did:example:00fc34b0a5070124,did:example:university1,academic,StudentID,14,2.26,03/08/2024,20/08/2026,active,eth-registry:4ca4e3a3,False
did:example:754e9a0e20a497e4,did:example:gov_issuer,government,ProofOfResidence,17,2.52,08/04/2025,17/08/2026,active,eth-registry:b440b2f2,False
did:example:3e7de60e775e3c75,did:example:employer1,professional,EmployeeID,11,1.87,22/12/2024,20/08/2026,active,eth-registry:15cd52f0,False
did:example:91831548891b40f2,did:example:gov_issuer,government,ProofOfResidence,18,2.33,16/06/2024,13/07/2026,revoked,eth-registry:1a6c779d,False
did:example:fda5b9986d750c4b,did:example:university1,academic,StudentID,14,2.28,03/07/2025,15/10/2027,revoked,eth-registry:f1f90085,True
did:example:d8c14110732af9c9,did:example:employer1,professional,EmployeeID,10,1.73,05/10/2025,30/04/2028,active,eth-registry:30cf45c7,True
did:example:359842fd493b12e7,did:example:gov_issuer,government,ProofOfResidence,18,2.44,15/10/2024,07/08/2026,revoked,eth-registry:2f87acd8,True
did:example:3346e23907c7af65,did:example:gov_issuer,government,ProofOfResidence,15,2.39,16/01/2025,03/04/2026,revoked,eth-registry:c354a35b,True
did:example:6a9e5d23d32093dd,did:example:university1,academic,StudentID,13,1.93,22/11/2025,07/11/2028,active,eth-registry:2e75df87,False
did:example:636262bc4e60640e,did:example:gov_issuer,government,ProofOfResidence,16,2.62,18/08/2024,09/03/2027,active,eth-registry:4c9830fe,False
did:example:2a55540c651ab805,did:example:employer1,professional,EmployeeID,14,1.7,08/06/2024,03/02/2027,active,eth-registry:3a5804b8,True
did:example:48c26821df262c07,did:example:gov_issuer,government,ProofOfAge,15,2.41,10/09/2024,16/07/2027,active,eth-registry:2d86e1b7,False
did:example:8063114128521436,did:example:employer1,professional,EmployeeID,11,1.67,24/11/2024,19/04/2027,active,eth-registry:54a5c395,False
did:example:c5cf80d1ed39c4b1,did:example:employer1,professional,EmployeeID,10,1.99,20/11/2024,16/11/2027,active,eth-registry:b25a18b8,True
did:example:7cce77779df8e336,did:example:university1,academic,StudentID,13,2.21,15/03/2025,26/03/2027,active,eth-registry:ba213230,False
did:example:5597c7e84136c660,did:example:university1,academic,StudentID,12,2.27,21/07/2024,03/09/2026,revoked,eth-registry:40148549,True
did:example:d4f431ffc8175217,did:example:employer1,professional,EmployeeID,12,1.94,01/02/2025,09/04/2027,active,eth-registry:e9033dd0,False
did:example:d0bedda24b9cc8ee,did:example:employer1,professional,EmployeeID,14,1.96,19/03/2024,25/03/2026,revoked,eth-registry:7de8583a,False
did:example:3817be2e8220af1a,did:example:university1,academic,StudentID,13,2.09,23/11/2025,12/10/2027,revoked,eth-registry:771cfa35,False
did:example:22f3d240da9210f4,did:example:gov_issuer,government,ProofOfAge,18,2.37,03/08/2024,01/04/2026,active,eth-registry:eb832d3d,False
did:example:2cb231e718e75173,did:example:employer1,professional,EmployeeID,14,1.73,25/08/2024,28/03/2027,active,eth-registry:ac02d04a,False
did:example:feab03a5875eab64,did:example:employer1,professional,EmployeeID,10,1.72,27/04/2024,23/12/2025,revoked,eth-registry:ade54614,True
did:example:912e69d692355ff0,did:example:gov_issuer,government,ProofOfResidence,16,2.59,03/10/2024,28/07/2027,active,eth-registry:0d8cb11d,False
did:example:fa13d767b8cda0e6,did:example:employer1,professional,EmployeeID,12,1.61,13/12/2025,13/06/2028,revoked,eth-registry:d5e48048,True
did:example:0e79e57da0e8aecc,did:example:university1,academic,StudentID,13,1.96,11/03/2025,10/03/2028,revoked,eth-registry:4493d5e0,False
did:example:676e6de277334824,did:example:employer1,professional,EmployeeID,14,1.87,02/05/2025,16/08/2027,active,eth-registry:d371bc47,False
did:example:72bca04be9598be2,did:example:gov_issuer,government,ProofOfAge,15,2.35,11/03/2025,22/05/2027,active,eth-registry:b47326fb,True
did:example:55f8bdd4fd0bf916,did:example:gov_issuer,government,ProofOfResidence,14,2.32,01/09/2024,03/05/2026,revoked,eth-registry:73524d86,True
did:example:94d035d7efaf0a65,did:example:gov_issuer,government,ProofOfAge,16,2.34,29/07/2025,09/12/2027,revoked,eth-registry:a04167e7,True
did:example:37e116810a1736ff,did:example:university1,academic,StudentID,12,2.18,07/09/2024,05/11/2026,revoked,eth-registry:fe18e72b,True
did:example:8984c0f31a116b4a,did:example:employer1,professional,EmployeeID,11,1.66,03/08/2025,22/05/2027,active,eth-registry:ad2596d2,False
did:example:f9ec027b848190e1,did:example:employer1,professional,EmployeeID,12,1.66,21/12/2025,08/02/2027,revoked,eth-registry:e22c87ae,False
did:example:5963b3ac5dc1266b,did:example:employer1,professional,EmployeeID,13,1.69,08/01/2024,13/01/2025,active,eth-registry:c0ba757a,True
did:example:965233b5c3855ffb,did:example:university1,academic,StudentID,13,2.2,02/05/2024,17/10/2025,active,eth-registry:624b1363,False
did:example:5fb6a022841599d9,did:example:university1,academic,StudentID,13,1.98,12/07/2025,08/12/2027,revoked,eth-registry:e12b6da7,False
did:example:d51a99fcee4a4d1d,did:example:gov_issuer,government,ProofOfResidence,14,2.31,29/03/2024,29/01/2027,revoked,eth-registry:098a43dd,False
did:example:7dbadf118cdc5072,did:example:employer1,professional,EmployeeID,11,1.96,08/06/2025,20/04/2028,revoked,eth-registry:4a8a3b7d,False
did:example:9f75c1a491e2479d,did:example:university1,academic,StudentID,14,2.25,28/06/2024,16/07/2026,active,eth-registry:f7e7ec62,False
did:example:fae3b65cb1789811,did:example:university1,academic,StudentID,14,1.97,04/03/2025,22/11/2027,active,eth-registry:46d57567,True
did:example:1aea3a54f11be3f3,did:example:gov_issuer,government,ProofOfResidence,15,2.41,21/04/2025,24/04/2026,active,eth-registry:5b7d4701,False
did:example:03f68ec651e1dbe4,did:example:employer1,professional,EmployeeID,10,1.68,19/08/2024,23/05/2027,active,eth-registry:904df901,False
did:example:84de0323a3f7c3bb,did:example:gov_issuer,government,ProofOfAge,16,2.59,18/09/2025,22/08/2028,active,eth-registry:aec0bdfc,False
did:example:c38dced17356d6e8,did:example:gov_issuer,government,ProofOfResidence,17,2.4,25/10/2025,14/08/2027,active,eth-registry:e40b9d81,False
did:example:63ceaa1871f56943,did:example:employer1,professional,EmployeeID,10,1.97,08/06/2024,11/07/2025,revoked,eth-registry:7a27c9b7,False
did:example:908a4d11f9cd3c8f,did:example:gov_issuer,government,ProofOfAge,16,2.63,23/06/2025,26/11/2027,active,eth-registry:37e0abf8,True
did:example:75331d89c671bd49,did:example:gov_issuer,government,ProofOfAge,14,2.54,07/05/2025,16/05/2026,revoked,eth-registry:610ce8af,False
did:example:4c125fb99e73cd9b,did:example:employer1,professional,EmployeeID,12,1.6,07/07/2024,16/10/2026,active,eth-registry:98f0d4a8,False
did:example:200fd9ec94f2fa6d,did:example:gov_issuer,government,ProofOfResidence,17,2.65,19/08/2025,10/04/2027,active,eth-registry:85e7b58b,True
did:example:9c06697d3f30a189,did:example:university1,academic,StudentID,14,2.19,11/08/2024,10/09/2026,active,eth-registry:6cfa11fd,False
did:example:628f45b86e2d0d06,did:example:university1,academic,StudentID,14,2.22,06/07/2024,09/05/2027,revoked,eth-registry:f8c537ae,False
did:example:ef36d79c62f33750,did:example:gov_issuer,government,ProofOfResidence,17,2.33,03/06/2025,21/09/2026,active,eth-registry:40c6015e,False
did:example:1c8ba2a66ccf1558,did:example:employer1,professional,EmployeeID,11,1.88,28/03/2024,21/04/2025,active,eth-registry:477fc3fe,False
did:example:f07affd893329f9f,did:example:university1,academic,StudentID,15,2.22,01/11/2025,26/12/2027,active,eth-registry:fc50d48e,False
did:example:2b6db6343cc3827f,did:example:university1,academic,StudentID,13,2.28,08/10/2024,01/03/2027,active,eth-registry:beaf1f8d,False
did:example:c9ab786fe3109e07,did:example:university1,academic,StudentID,13,2.13,24/12/2024,30/07/2026,revoked,eth-registry:c3711a0a,True
did:example:371a5f7efcc50a7a,did:example:university1,academic,StudentID,15,2.1,11/05/2025,08/09/2026,active,eth-registry:0458a878,True
did:example:110b22b85b369b08,did:example:university1,academic,StudentID,13,2.07,04/10/2025,01/03/2028,revoked,eth-registry:55ae250f,False
did:example:e509b7e59a5182e5,did:example:employer1,professional,EmployeeID,10,1.88,16/07/2025,01/12/2027,active,eth-registry:2da5563f,True
did:example:c0f41b00e31877fd,did:example:university1,academic,StudentID,14,2.27,06/10/2024,27/08/2027,revoked,eth-registry:f442f10f,False
did:example:16196276c1cbf6af,did:example:gov_issuer,government,ProofOfResidence,17,2.54,02/07/2025,24/03/2028,active,eth-registry:151dc9c9,False
did:example:b75f4c452f645891,did:example:university1,academic,StudentID,14,1.99,15/10/2024,30/03/2027,revoked,eth-registry:a5b74749,True
did:example:c5fdb3623a4447a9,did:example:university1,academic,StudentID,12,1.91,12/01/2025,26/01/2026,active,eth-registry:6115f7c6,False
did:example:dcd9c8af8d83df03,did:example:university1,academic,StudentID,14,2.15,16/05/2025,21/11/2026,active,eth-registry:c29ac489,False
did:example:14bcf76201621a96,did:example:university1,academic,StudentID,12,2.25,06/02/2025,30/05/2027,revoked,eth-registry:6b84dec3,True
did:example:fbc843665ad72fab,did:example:university1,academic,StudentID,14,1.93,06/02/2024,11/01/2026,active,eth-registry:e762e2b3,True
did:example:2b80b92bfdc21616,did:example:university1,academic,StudentID,14,2.06,02/02/2024,11/03/2025,active,eth-registry:cfeb6fad,False
did:example:a52d17b6907712c6,did:example:university1,academic,StudentID,15,2.28,11/04/2024,28/05/2026,active,eth-registry:f7b01ca1,False
did:example:e14965d7b065b55c,did:example:employer1,professional,EmployeeID,14,1.8,02/03/2024,08/09/2026,active,eth-registry:7c1eb97d,True
did:example:92742355e2a7497f,did:example:employer1,professional,EmployeeID,10,1.69,16/06/2025,28/11/2027,active,eth-registry:c3dadad9,True
did:example:c36a3d3d2bf16af1,did:example:university1,academic,StudentID,12,2.04,20/05/2024,25/03/2027,revoked,eth-registry:a997ed1d,False
did:example:ce95afd2cc36ad62,did:example:gov_issuer,government,ProofOfAge,16,2.46,25/06/2024,11/10/2025,active,eth-registry:67529078,False
did:example:c3d3c2ffdab68bd7,did:example:gov_issuer,government,ProofOfAge,18,2.35,17/08/2024,15/07/2027,revoked,eth-registry:de92b565,False
did:example:aa9624e94fadaac2,did:example:university1,academic,StudentID,12,2.16,07/05/2024,26/05/2026,active,eth-registry:562647e1,False
did:example:79c7210a794ad0ba,did:example:university1,academic,StudentID,13,2.14,26/09/2025,07/05/2027,active,eth-registry:e4e162ab,False
did:example:073a08209891f2b6,did:example:university1,academic,StudentID,13,2.16,06/03/2024,24/11/2026,revoked,eth-registry:9b88c999,False
did:example:d15665f4364a5e62,did:example:university1,academic,StudentID,13,2.14,20/05/2024,03/08/2025,revoked,eth-registry:5d032a39,False
did:example:6d6d389275c1c631,did:example:university1,academic,StudentID,14,1.91,13/06/2024,03/07/2025,active,eth-registry:c9c17383,False
did:example:625aabf1ca723bbe,did:example:university1,academic,StudentID,13,1.97,02/03/2024,17/08/2026,active,eth-registry:3c2d628a,False
did:example:a33ca4c316db3961,did:example:employer1,professional,EmployeeID,12,1.67,02/07/2024,15/12/2026,revoked,eth-registry:c84b5025,True
did:example:3365892c93364ea4,did:example:university1,academic,StudentID,15,1.94,16/05/2024,21/07/2025,active,eth-registry:2f214df5,False
did:example:ba09be695e585e6b,did:example:university1,academic,StudentID,13,2.19,06/09/2024,11/06/2027,revoked,eth-registry:87569b34,True
did:example:d14a4a4aef84b36d,did:example:employer1,professional,EmployeeID,10,1.65,21/04/2024,26/12/2026,revoked,eth-registry:0a0c6c0d,False
did:example:aa0ca9c11f3771f5,did:example:employer1,professional,EmployeeID,14,1.87,16/11/2025,19/06/2028,revoked,eth-registry:ff16fb7d,False
did:example:cbd82c69d59df65d,did:example:employer1,professional,EmployeeID,11,1.67,28/07/2025,10/05/2027,revoked,eth-registry:f59d58ba,True
did:example:e853e4777b2e2b9e,did:example:university1,academic,StudentID,15,1.95,16/04/2025,26/02/2028,active,eth-registry:9a37ecf4,False
did:example:737e08b3944d9cb2,did:example:gov_issuer,government,ProofOfAge,17,2.37,09/03/2025,12/06/2026,revoked,eth-registry:65c4471d,False
did:example:3dc87da0c88891db,did:example:university1,academic,StudentID,14,2.1,21/05/2025,14/12/2027,active,eth-registry:0b77fc86,False
did:example:fd40ba6ccfc0c9f5,did:example:employer1,professional,EmployeeID,10,1.86,19/11/2025,25/07/2028,revoked,eth-registry:b9af7391,False
did:example:2c13996ca8ba1398,did:example:employer1,professional,EmployeeID,14,1.92,07/04/2024,20/04/2026,active,eth-registry:396512ef,False
did:example:a05c4ebf454ebfe9,did:example:university1,academic,StudentID,14,1.95,23/01/2025,02/10/2026,revoked,eth-registry:44afbcd1,True
did:example:cdc173e03aa3ede4,did:example:university1,academic,StudentID,13,2.15,20/05/2024,03/05/2026,revoked,eth-registry:43e0a96f,False
did:example:0fb3c6adf913bdbb,did:example:gov_issuer,government,ProofOfResidence,18,2.61,26/11/2024,30/12/2025,revoked,eth-registry:365f717c,False
did:example:3d1e5d99f90481d5,did:example:employer1,professional,EmployeeID,13,1.72,18/10/2025,10/11/2026,active,eth-registry:da043fe4,False
did:example:9ec293606ce57ffe,did:example:employer1,professional,EmployeeID,13,1.63,06/04/2025,08/12/2026,revoked,eth-registry:00bd7aa6,False
did:example:16f49305ddc69cce,did:example:university1,academic,StudentID,12,1.96,08/04/2025,21/04/2026,revoked,eth-registry:33a4ce82,False
did:example:6e0be5278373770d,did:example:employer1,professional,EmployeeID,13,1.64,11/03/2024,18/06/2026,revoked,eth-registry:18664c80,False
did:example:cdf61994658f5de7,did:example:gov_issuer,government,ProofOfAge,15,2.65,14/08/2025,24/11/2027,revoked,eth-registry:f95e4ea3,True
did:example:fe32b13638c5578c,did:example:gov_issuer,government,ProofOfResidence,14,2.45,06/06/2025,20/02/2028,active,eth-registry:cc79bf3c,True
did:example:08f1b23b472e824c,did:example:gov_issuer,government,ProofOfResidence,15,2.51,18/09/2024,07/04/2026,revoked,eth-registry:dd9b6917,True
did:example:e4eddeca0a7c8e51,did:example:university1,academic,StudentID,12,2.21,31/08/2024,18/04/2027,active,eth-registry:25ae9801,True
did:example:ff49f8f11d124cca,did:example:gov_issuer,government,ProofOfAge,14,2.45,25/02/2025,07/10/2026,revoked,eth-registry:fbabfc57,True
did:example:4f3d2a205667752e,did:example:university1,academic,StudentID,14,2.16,08/07/2025,08/08/2027,revoked,eth-registry:5e77d25a,False
did:example:1b2a67163199ce40,did:example:employer1,professional,EmployeeID,12,1.63,02/01/2025,14/08/2027,active,eth-registry:12465ccc,False
did:example:20d09129949a5d46,did:example:university1,academic,StudentID,13,2.09,18/09/2025,04/06/2027,revoked,eth-registry:ef69ba13,False
did:example:76b6ce53a3bc4467,did:example:university1,academic,StudentID,12,1.94,30/05/2024,19/08/2025,active,eth-registry:9df93632,False
did:example:8316fedd570a989d,did:example:university1,academic,StudentID,15,2.0,19/05/2025,04/01/2028,active,eth-registry:fe814d54,True
did:example:68ec0a9ce07f6caa,did:example:employer1,professional,EmployeeID,13,1.72,25/08/2025,20/03/2027,active,eth-registry:65a12c16,False
did:example:e4a5b63dfced57e8,did:example:gov_issuer,government,ProofOfResidence,16,2.59,31/05/2025,05/11/2026,revoked,eth-registry:9d3c1d5d,False
did:example:a87efc5baab03c28,did:example:employer1,professional,EmployeeID,10,1.87,31/08/2024,13/01/2027,revoked,eth-registry:630bcec4,False
did:example:bec2b37e42b077ad,did:example:employer1,professional,EmployeeID,10,1.9,05/12/2024,30/12/2026,active,eth-registry:ea03b914,True
did:example:4e8a96257faec5ac,did:example:employer1,professional,EmployeeID,10,1.62,07/12/2024,29/12/2025,active,eth-registry:9e471b65,False
did:example:e8bcf361720836aa,did:example:gov_issuer,government,ProofOfAge,14,2.7,13/08/2024,12/06/2027,revoked,eth-registry:5c1887fd,False
did:example:bd81923867498891,did:example:university1,academic,StudentID,15,1.92,07/04/2024,21/04/2026,revoked,eth-registry:bc974c33,False
did:example:efe3420caa22b47d,did:example:employer1,professional,EmployeeID,11,1.93,16/05/2024,29/11/2025,active,eth-registry:1d665245,True
did:example:8d8deec35b02a54a,did:example:employer1,professional,EmployeeID,13,1.9,11/04/2025,12/06/2026,revoked,eth-registry:bc1a0a0e,False
did:example:b62485c17fed3ad5,did:example:employer1,professional,EmployeeID,14,1.84,13/06/2024,26/10/2026,active,eth-registry:6bcff840,False
did:example:ec83c4bb40721c46,did:example:university1,academic,StudentID,15,2.08,01/08/2025,08/02/2028,revoked,eth-registry:f414c9e8,False
did:example:544aece4485fe674,did:example:university1,academic,StudentID,13,2.2,02/08/2025,31/01/2028,active,eth-registry:b7a75abd,True
did:example:63f08ff37a4fd602,did:example:university1,academic,StudentID,13,2.2,26/10/2024,01/02/2027,active,eth-registry:d5d376e0,True
did:example:a77c0a1a0f55b1ff,did:example:employer1,professional,EmployeeID,12,1.65,23/09/2024,25/06/2027,revoked,eth-registry:9c2def64,False
did:example:bc848ed80c5147c0,did:example:employer1,professional,EmployeeID,10,1.92,16/12/2025,04/03/2028,revoked,eth-registry:e90a5df2,False
did:example:fffe906aebd54026,did:example:university1,academic,StudentID,15,1.93,10/01/2024,04/07/2025,revoked,eth-registry:ab29dd40,False
did:example:25a23611292b4369,did:example:gov_issuer,government,ProofOfAge,16,2.5,07/07/2024,15/12/2025,revoked,eth-registry:dabdb403,False
did:example:7662b15710d175df,did:example:university1,academic,StudentID,13,2.16,19/05/2025,24/02/2027,active,eth-registry:572944d1,True
did:example:ab09548120ca217e,did:example:gov_issuer,government,ProofOfAge,16,2.63,30/09/2025,12/03/2028,active,eth-registry:b8001ae5,False
did:example:598efc627083664e,did:example:university1,academic,StudentID,14,2.09,01/12/2024,17/12/2025,active,eth-registry:6a3ad78b,True
did:example:1e8b67f077715e3c,did:example:gov_issuer,government,ProofOfResidence,14,2.39,11/06/2025,17/01/2027,revoked,eth-registry:bb3029b8,True
did:example:f9ad1b278c55bdc5,did:example:university1,academic,StudentID,14,2.1,08/06/2024,20/04/2026,active,eth-registry:412b03d3,True
did:example:3050a39ea5c4af5d,did:example:employer1,professional,EmployeeID,14,1.7,08/11/2025,30/12/2027,revoked,eth-registry:a3f8c9d8,True
did:example:5ca246f5de67d1ef,did:example:gov_issuer,government,ProofOfResidence,17,2.51,01/03/2025,16/06/2026,revoked,eth-registry:8c0ca06c,False
did:example:4254e446865515b6,did:example:university1,academic,StudentID,14,2.09,25/06/2025,31/08/2026,active,eth-registry:14f7e9e0,False
did:example:b10108ba799e7932,did:example:employer1,professional,EmployeeID,10,1.91,08/05/2024,04/03/2027,revoked,eth-registry:ebab1f7a,True
did:example:00600affa4e00e9c,did:example:university1,academic,StudentID,14,2.0,27/12/2024,07/03/2026,revoked,eth-registry:aa8e8fcf,False
did:example:1b202cd99a567cfc,did:example:university1,academic,StudentID,15,1.98,16/06/2025,13/08/2026,revoked,eth-registry:d5e04f2e,True
did:example:85e4f014027652c5,did:example:gov_issuer,government,ProofOfResidence,16,2.49,29/10/2024,19/03/2026,revoked,eth-registry:f4c47189,False
did:example:bdbd6d2a2aaf35f8,did:example:employer1,professional,EmployeeID,12,1.62,03/12/2025,10/08/2027,revoked,eth-registry:898bf73c,True
did:example:b9c13cee631be344,did:example:university1,academic,StudentID,14,1.99,29/08/2025,02/02/2027,revoked,eth-registry:f04c9cc0,True
did:example:c7c9052bb18340ab,did:example:employer1,professional,EmployeeID,10,1.74,04/04/2024,20/11/2026,revoked,eth-registry:62262be0,False
did:example:78492c4bb1d6d928,did:example:employer1,professional,EmployeeID,11,1.8,06/09/2025,07/12/2026,active,eth-registry:6f994973,True
did:example:df76b9c4f397a21c,did:example:university1,academic,StudentID,15,2.01,06/10/2024,15/01/2026,active,eth-registry:380a9dc1,False
did:example:3a0f910fe72003df,did:example:university1,academic,StudentID,15,2.12,06/03/2025,31/05/2026,revoked,eth-registry:db5d7b2b,False
did:example:10e9bc163adbc36e,did:example:employer1,professional,EmployeeID,11,1.95,25/10/2024,14/02/2027,active,eth-registry:f5059970,True
did:example:e542d0da84674346,did:example:employer1,professional,EmployeeID,12,1.82,28/05/2025,29/02/2028,revoked,eth-registry:9a530095,False
did:example:1f06d66d441ba8d7,did:example:employer1,professional,EmployeeID,14,1.71,09/11/2024,08/03/2026,revoked,eth-registry:c75fc75c,False
did:example:efe2247c404a4e16,did:example:employer1,professional,EmployeeID,10,1.62,04/12/2024,13/01/2027,revoked,eth-registry:85692869,True
did:example:bc830ee4394ec079,did:example:university1,academic,StudentID,13,1.95,01/03/2025,28/11/2026,revoked,eth-registry:e76efb98,False
did:example:3948cf5086b443b3,did:example:gov_issuer,government,ProofOfResidence,14,2.52,08/06/2024,05/09/2026,active,eth-registry:0c0aa5f8,False
did:example:3456a031b642f551,did:example:gov_issuer,government,ProofOfResidence,15,2.57,07/11/2024,25/02/2027,active,eth-registry:8f15d990,True
did:example:337e3f4da2981a4d,did:example:university1,academic,StudentID,14,1.92,06/02/2024,03/09/2025,active,eth-registry:8f13ef26,True
did:example:1291fa1b76db8d76,did:example:university1,academic,StudentID,13,1.97,12/02/2024,28/04/2026,active,eth-registry:070a79a4,True
did:example:6e4b8b0dbb238cb5,did:example:gov_issuer,government,ProofOfResidence,18,2.43,22/04/2025,01/06/2026,revoked,eth-registry:3a87a1a9,False
did:example:45b37ea9ff7464f4,did:example:employer1,professional,EmployeeID,14,1.73,22/07/2024,12/07/2026,revoked,eth-registry:6d30e903,False
did:example:cd20a361b78b5a19,did:example:university1,academic,StudentID,15,2.28,04/05/2025,10/04/2028,revoked,eth-registry:5e587da6,False
did:example:e38236f89e11e7e6,did:example:university1,academic,StudentID,14,1.98,09/07/2025,26/04/2028,active,eth-registry:28b3de97,False
did:example:b1bc113f5a09aeb7,did:example:employer1,professional,EmployeeID,13,1.63,01/05/2025,09/06/2026,active,eth-registry:dc408271,True
did:example:a6b2a3c83723e7f8,did:example:employer1,professional,EmployeeID,12,1.74,03/11/2024,14/12/2025,revoked,eth-registry:24059420,False
did:example:e5020f85b170b8bd,did:example:university1,academic,StudentID,15,1.95,15/02/2025,09/10/2027,active,eth-registry:a33da2b6,True
did:example:c5e5f59da9fe62dc,did:example:university1,academic,StudentID,12,1.95,26/07/2025,26/12/2026,active,eth-registry:fe35dc2a,True
did:example:2934a47cd64e4794,did:example:employer1,professional,EmployeeID,13,1.76,07/09/2024,06/01/2027,active,eth-registry:fe9b817d,True
did:example:891802a55ffe8cbb,did:example:employer1,professional,EmployeeID,10,1.72,01/11/2024,02/12/2026,active,eth-registry:13c9ad3a,False
did:example:95e69abcbc7ff1cd,did:example:employer1,professional,EmployeeID,11,1.64,25/06/2024,18/04/2026,revoked,eth-registry:d9fc6fd6,False
did:example:0bbbafcfaab60184,did:example:university1,academic,StudentID,13,2.14,26/05/2024,06/01/2026,active,eth-registry:5d1f1a7d,False
did:example:f2c8ddd3b6e574a0,did:example:gov_issuer,government,ProofOfResidence,17,2.5,18/02/2024,16/08/2026,revoked,eth-registry:b4f59436,True
did:example:433bf0130c125807,did:example:gov_issuer,government,ProofOfAge,17,2.33,21/02/2024,27/08/2025,active,eth-registry:a5c3513d,True
did:example:9572c37fe7c91335,did:example:university1,academic,StudentID,12,2.25,18/04/2024,29/10/2026,revoked,eth-registry:4b552a4d,False
did:example:48ab73172ffcbe66,did:example:employer1,professional,EmployeeID,13,1.71,16/07/2025,02/01/2027,revoked,eth-registry:befba383,True
did:example:8ddaf741b2a0a4b8,did:example:employer1,professional,EmployeeID,11,1.98,04/04/2025,06/01/2028,revoked,eth-registry:6bdaf653,True
did:example:f315775cefe53bd9,did:example:university1,academic,StudentID,12,2.27,05/03/2024,30/07/2026,active,eth-registry:1c0f43c3,False
did:example:c8852762d6522e48,did:example:university1,academic,StudentID,13,2.07,15/07/2025,17/08/2027,active,eth-registry:53ff85c1,False
did:example:8c2dc3b7bf7aa540,did:example:university1,academic,StudentID,14,1.99,02/07/2025,12/09/2026,active,eth-registry:410439d6,False
did:example:f08ae75885c5fc36,did:example:university1,academic,StudentID,12,2.23,25/10/2025,30/03/2027,active,eth-registry:9e59bee4,False
did:example:b2d25b3a2c429ea0,did:example:university1,academic,StudentID,13,2.04,09/12/2025,14/03/2028,active,eth-registry:29c1ff27,False
did:example:1ca29f168f25cd23,did:example:university1,academic,StudentID,15,1.97,02/03/2024,24/04/2026,revoked,eth-registry:d6c90071,True
did:example:cdc1f6167d4fd56c,did:example:employer1,professional,EmployeeID,11,1.82,17/01/2025,02/04/2026,active,eth-registry:5f1beb24,False
did:example:479311b492322cc9,did:example:university1,academic,StudentID,15,2.1,18/08/2025,29/10/2026,active,eth-registry:0e2c6666,True
did:example:2d1994749bb7cbd0,did:example:employer1,professional,EmployeeID,14,1.94,24/06/2024,10/09/2026,active,eth-registry:75e12ed5,True
did:example:d84eeab9553b6c41,did:example:employer1,professional,EmployeeID,11,1.89,12/03/2025,12/12/2026,active,eth-registry:5d8cb3d8,False
did:example:b9e1c7372a5e843e,did:example:employer1,professional,EmployeeID,12,1.95,07/03/2024,16/02/2026,active,eth-registry:e5d946b1,True
did:example:5205bc25d5a97fb4,did:example:gov_issuer,government,ProofOfAge,17,2.59,08/08/2024,28/10/2026,active,eth-registry:ea655e6b,True
did:example:2521f9d49dc523bc,did:example:employer1,professional,EmployeeID,12,1.86,17/12/2025,28/08/2028,active,eth-registry:598b641f,True
did:example:da247010a8edf91f,did:example:employer1,professional,EmployeeID,12,1.8,14/06/2025,15/12/2026,revoked,eth-registry:6b09dba4,False
did:example:0861951462b06a59,did:example:gov_issuer,government,ProofOfResidence,15,2.7,09/07/2024,28/11/2026,revoked,eth-registry:5bad576c,False
did:example:930bb278b8f1ac65,did:example:university1,academic,StudentID,12,2.28,24/12/2025,16/09/2028,active,eth-registry:0c9952b5,True
did:example:04a2d116a183a867,did:example:employer1,professional,EmployeeID,10,1.94,28/05/2024,27/03/2027,active,eth-registry:00380137,False
did:example:775a94cec4f28888,did:example:employer1,professional,EmployeeID,11,1.91,04/10/2024,17/09/2027,active,eth-registry:34144607,True
did:example:c30449b93b25a4d0,did:example:employer1,professional,EmployeeID,13,1.83,20/11/2024,23/11/2025,active,eth-registry:57edc31f,True
did:example:1603bd0d15ad9499,did:example:employer1,professional,EmployeeID,11,1.7,03/04/2025,28/05/2026,active,eth-registry:7ae85d27,True
did:example:abb40b428ed70447,did:example:employer1,professional,EmployeeID,10,1.95,10/07/2024,06/04/2027,revoked,eth-registry:044ea942,False
did:example:76b5f63b593265ee,did:example:university1,academic,StudentID,13,1.9,09/07/2024,06/12/2025,active,eth-registry:ea792842,True
did:example:0475ccbc91b8902c,did:example:employer1,professional,EmployeeID,12,1.69,05/05/2025,03/12/2026,revoked,eth-registry:ae16e043,True
did:example:9ae80c9a140f419d,did:example:employer1,professional,EmployeeID,11,1.76,29/05/2024,09/05/2026,revoked,eth-registry:296eefae,True
did:example:ca5ae60a5b730395,did:example:university1,academic,StudentID,12,2.13,14/04/2024,06/08/2026,revoked,eth-registry:c12d8a01,False
did:example:e598bc28ee1dea3d,did:example:gov_issuer,government,ProofOfResidence,14,2.52,19/04/2024,16/05/2025,revoked,eth-registry:add61e78,True
did:example:b15b809577bf4c6d,did:example:university1,academic,StudentID,13,1.97,27/08/2024,14/12/2026,revoked,eth-registry:a25ee88a,False
did:example:9c9cdd4c5fa03db6,did:example:gov_issuer,government,ProofOfResidence,15,2.34,24/01/2024,31/03/2025,revoked,eth-registry:322eb24b,True
did:example:2d44fc94e4f46c76,did:example:university1,academic,StudentID,15,1.99,26/01/2024,22/10/2025,active,eth-registry:e1365b0a,False
did:example:47564f98d026fca2,did:example:university1,academic,StudentID,15,2.04,13/06/2025,01/04/2028,active,eth-registry:1e08ee42,True
did:example:d00718e4e71c2db0,did:example:university1,academic,StudentID,13,1.91,30/01/2025,01/05/2026,revoked,eth-registry:8a53d05e,True
did:example:f5134038b1f5fa03,did:example:gov_issuer,government,ProofOfResidence,14,2.58,16/04/2024,19/05/2025,revoked,eth-registry:5c6a04d1,True
did:example:0f2f2a6b531c6bda,did:example:gov_issuer,government,ProofOfResidence,14,2.4,05/07/2024,17/06/2026,active,eth-registry:b0519c80,False
did:example:1516cb82f72dab70,did:example:university1,academic,StudentID,13,2.04,09/05/2025,05/11/2026,active,eth-registry:8b47994f,True
did:example:b2311cf9e645bd4d,did:example:university1,academic,StudentID,13,2.03,09/08/2025,04/02/2027,active,eth-registry:e36fb76c,True
did:example:2bca0757543ccd11,did:example:university1,academic,StudentID,14,2.1,27/09/2025,02/08/2027,revoked,eth-registry:7ec5e7c2,False
did:example:11bf090201cff6df,did:example:university1,academic,StudentID,13,2.24,07/06/2024,09/10/2025,active,eth-registry:7868e92d,False
did:example:db3304779a3afd26,did:example:gov_issuer,government,ProofOfResidence,15,2.36,10/09/2025,24/09/2026,active,eth-registry:b7a6a796,False
did:example:c6ded1880936465d,did:example:university1,academic,StudentID,13,2.04,07/11/2024,14/09/2027,revoked,eth-registry:f955cb8d,False
did:example:c73aeb6d300dabb5,did:example:gov_issuer,government,ProofOfResidence,16,2.58,06/08/2024,21/03/2027,revoked,eth-registry:a9804651,True
did:example:957521eb00820dd8,did:example:university1,academic,StudentID,14,1.92,25/02/2025,22/12/2026,revoked,eth-registry:0e524048,False
did:example:332e59e9ad82e7ba,did:example:gov_issuer,government,ProofOfAge,14,2.63,31/03/2024,27/11/2026,active,eth-registry:1faf0f60,False
did:example:34c5d936e4201062,did:example:gov_issuer,government,ProofOfResidence,16,2.68,04/12/2024,02/12/2027,active,eth-registry:68a1546b,True
did:example:02dc15238f110bfb,did:example:gov_issuer,government,ProofOfResidence,17,2.54,19/11/2024,03/09/2026,revoked,eth-registry:1fd5fe4b,True
did:example:f8ffd3c59b62efe6,did:example:university1,academic,StudentID,14,2.28,11/03/2025,03/07/2026,revoked,eth-registry:a7ab8764,True
did:example:940bf0afd7f21fb4,did:example:employer1,professional,EmployeeID,12,1.77,12/05/2024,06/10/2025,active,eth-registry:02e11059,False
did:example:1fafaa9d7d281933,did:example:employer1,professional,EmployeeID,12,1.77,15/02/2024,17/01/2027,revoked,eth-registry:fa8e978d,False
did:example:a7fc6a7f450a3555,did:example:university1,academic,StudentID,14,1.94,30/09/2024,14/07/2027,active,eth-registry:e54386a6,True
did:example:2f8137a8d8706c31,did:example:gov_issuer,government,ProofOfResidence,15,2.31,19/12/2025,13/05/2028,active,eth-registry:6390513c,False
did:example:461c356be1e986c1,did:example:university1,academic,StudentID,14,2.0,19/02/2025,30/06/2027,active,eth-registry:9a975c9c,False
did:example:bdc1903ded4c412a,did:example:gov_issuer,government,ProofOfResidence,15,2.49,04/02/2025,15/09/2026,revoked,eth-registry:fdc7203c,True
did:example:0d6529017677245b,did:example:university1,academic,StudentID,13,2.1,16/04/2025,03/05/2027,revoked,eth-registry:d8ff611c,True
did:example:9a65a67fd12648be,did:example:university1,academic,StudentID,12,1.99,06/01/2025,02/10/2026,revoked,eth-registry:e95e9a9f,False
did:example:65909e8e945ce32b,did:example:university1,academic,StudentID,13,2.15,08/06/2024,21/03/2026,active,eth-registry:68287309,True
did:example:6a8187bc3219c86d,did:example:gov_issuer,government,ProofOfAge,14,2.37,21/12/2025,04/06/2028,revoked,eth-registry:f6ddc19a,True
did:example:341303102c4d0df9,did:example:university1,academic,StudentID,12,2.03,15/06/2024,14/07/2026,active,eth-registry:a9189d66,False
did:example:ee4128a5e37a0cbd,did:example:employer1,professional,EmployeeID,12,1.68,12/04/2025,19/02/2027,active,eth-registry:eea22352,True
did:example:d08026d1b2a12aea,did:example:university1,academic,StudentID,14,2.18,25/09/2025,26/03/2027,revoked,eth-registry:d5935638,False
did:example:63b5e09d8a88aca2,did:example:gov_issuer,government,ProofOfAge,18,2.51,26/04/2025,17/08/2027,active,eth-registry:a4310963,True
did:example:6cc1157ba67b9bfe,did:example:gov_issuer,government,ProofOfResidence,14,2.59,21/11/2025,15/10/2027,revoked,eth-registry:509cab4a,False
did:example:cfce8cdd82e91e77,did:example:gov_issuer,government,ProofOfResidence,18,2.32,10/05/2024,15/06/2025,active,eth-registry:e68911a9,True
did:example:488f667402121270,did:example:employer1,professional,EmployeeID,11,1.77,14/04/2025,28/08/2027,active,eth-registry:0bd7d886,False
did:example:3779b4417fab9691,did:example:university1,academic,StudentID,14,2.29,08/03/2024,07/11/2025,active,eth-registry:a51dcd00,True
did:example:95d50cea3482059c,did:example:university1,academic,StudentID,14,1.92,11/02/2025,08/12/2026,revoked,eth-registry:2558f228,True
did:example:f9c5e8aa647f9605,did:example:employer1,professional,EmployeeID,14,1.77,14/05/2024,06/05/2027,revoked,eth-registry:a118273d,True
did:example:8b0a993723e4df00,did:example:university1,academic,StudentID,12,1.92,26/04/2025,08/09/2027,active,eth-registry:4dfa8bec,True
did:example:243e2ec95399278b,did:example:university1,academic,StudentID,15,1.96,26/08/2024,14/10/2025,active,eth-registry:9b944cef,True
did:example:7203b34ca92c709a,did:example:university1,academic,StudentID,12,2.09,04/04/2024,26/09/2026,active,eth-registry:d9df1880,False
did:example:88587edadf0c912e,did:example:university1,academic,StudentID,15,1.96,25/09/2025,26/04/2027,active,eth-registry:9f96d844,False
did:example:f718022d27c96467,did:example:university1,academic,StudentID,14,2.11,17/10/2025,19/04/2028,active,eth-registry:b7e6d324,False
did:example:d1ddf477002d82ac,did:example:university1,academic,StudentID,13,2.27,04/05/2024,14/01/2026,active,eth-registry:fc0f94a7,False
did:example:de8940a0abca7c54,did:example:employer1,professional,EmployeeID,11,1.68,01/06/2024,22/07/2026,revoked,eth-registry:75028445,True
did:example:c2381d2aea2d6519,did:example:university1,academic,StudentID,12,1.94,28/01/2024,18/06/2026,revoked,eth-registry:3e056112,False
did:example:49b55d255ff6f926,did:example:gov_issuer,government,ProofOfAge,18,2.63,04/05/2025,15/09/2026,active,eth-registry:f5e6543d,True
did:example:f6285165ef644194,did:example:employer1,professional,EmployeeID,13,1.78,15/10/2025,22/01/2027,active,eth-registry:c4153719,True
did:example:d4a4a8502e9b6386,did:example:university1,academic,StudentID,15,2.25,11/06/2024,05/11/2026,revoked,eth-registry:30e85813,True
did:example:4a23baa43086ef4b,did:example:university1,academic,StudentID,14,2.02,25/11/2024,16/01/2026,revoked,eth-registry:edeec0c7,True
did:example:77f126e67be10fc4,did:example:employer1,professional,EmployeeID,14,1.85,30/05/2025,18/01/2028,revoked,eth-registry:98b42e08,False
did:example:516512b9a52e9985,did:example:employer1,professional,EmployeeID,14,1.97,19/11/2024,01/10/2026,active,eth-registry:c5adf86c,True
did:example:14ada2dfb48fbde4,did:example:employer1,professional,EmployeeID,12,1.67,04/07/2025,10/09/2026,active,eth-registry:8a682172,True
did:example:d43f861bfafecf7c,did:example:gov_issuer,government,ProofOfAge,17,2.62,05/07/2025,14/01/2028,revoked,eth-registry:3c5818a8,True
did:example:f09e5b198052bf18,did:example:gov_issuer,government,ProofOfResidence,15,2.55,25/06/2025,09/04/2028,revoked,eth-registry:c25fc9a5,True
did:example:75706a40a8423bbb,did:example:university1,academic,StudentID,15,2.23,06/06/2025,25/07/2026,active,eth-registry:baca1e69,False
did:example:a5b2a964c95d7eaf,did:example:university1,academic,StudentID,14,1.97,09/11/2024,28/09/2027,active,eth-registry:ecb922d8,True
did:example:fa3447508c3acd87,did:example:gov_issuer,government,ProofOfAge,16,2.47,14/10/2024,12/08/2026,revoked,eth-registry:a58df29d,True
did:example:f1d81e3a98ed1e3b,did:example:employer1,professional,EmployeeID,13,1.65,19/03/2025,20/07/2027,revoked,eth-registry:75c7aaff,False
did:example:4a4705bc406abf84,did:example:university1,academic,StudentID,13,2.28,19/03/2024,29/09/2025,active,eth-registry:a0609eb2,False
did:example:5b5500883266be4a,did:example:university1,academic,StudentID,14,1.93,13/03/2025,02/06/2026,revoked,eth-registry:aaacd586,False
did:example:cd1daa1649fe85c2,did:example:university1,academic,StudentID,13,1.93,24/01/2024,14/01/2027,active,eth-registry:18de0444,True
did:example:6a4cc6ac19486b8a,did:example:university1,academic,StudentID,13,2.26,10/06/2025,30/09/2027,active,eth-registry:dbb064ec,False
did:example:7d58b12c384252e7,did:example:university1,academic,StudentID,15,2.02,18/03/2025,20/09/2026,active,eth-registry:436d59c0,True
did:example:e567df10673db127,did:example:gov_issuer,government,ProofOfResidence,14,2.54,30/12/2024,16/09/2026,active,eth-registry:67f8a6ff,False
did:example:d51a96574af5db77,did:example:gov_issuer,government,ProofOfAge,17,2.41,09/08/2024,13/02/2027,revoked,eth-registry:7303ed41,False
did:example:39a5321f9ad92266,did:example:employer1,professional,EmployeeID,11,1.86,05/01/2025,14/08/2026,revoked,eth-registry:21b5bfc0,True
did:example:be0acb66c3fe61af,did:example:university1,academic,StudentID,12,1.98,09/04/2025,24/08/2027,revoked,eth-registry:568502a7,True
did:example:2857f6632f3e416c,did:example:employer1,professional,EmployeeID,10,1.78,15/05/2025,10/06/2026,revoked,eth-registry:720ec685,True
did:example:29063a825dbc91b7,did:example:gov_issuer,government,ProofOfAge,14,2.51,05/11/2025,26/10/2028,active,eth-registry:10fe9e8e,True
did:example:eeddbdc05ee1eee5,did:example:university1,academic,StudentID,12,2.03,04/05/2024,15/10/2026,active,eth-registry:098329d2,False
did:example:1310e45344ffa6f6,did:example:university1,academic,StudentID,15,2.0,02/02/2024,05/10/2025,active,eth-registry:53c7163b,True
did:example:2534b3be126d3f94,did:example:university1,academic,StudentID,15,1.96,21/04/2025,09/06/2027,revoked,eth-registry:7d872794,False
did:example:61b838bcb4ccbb35,did:example:employer1,professional,EmployeeID,12,1.88,29/04/2024,03/09/2025,revoked,eth-registry:0b1d663e,False
did:example:cbf01942a963a8d1,did:example:gov_issuer,government,ProofOfResidence,14,2.37,18/04/2024,13/03/2026,revoked,eth-registry:eb2e6900,True
did:example:8fe455cbff4ce9bc,did:example:university1,academic,StudentID,15,2.02,19/07/2024,03/04/2026,active,eth-registry:0710d430,True
did:example:a2ca84b1720c7451,did:example:university1,academic,StudentID,14,2.03,13/06/2025,24/03/2027,revoked,eth-registry:fa2693c7,True
did:example:ebc8aa6b18a5c711,did:example:university1,academic,StudentID,14,2.08,15/02/2024,01/10/2026,revoked,eth-registry:af90122b,True
did:example:47ff450991381b55,did:example:employer1,professional,EmployeeID,14,1.88,11/10/2024,08/08/2026,active,eth-registry:3c5f309c,False
did:example:601ab6ce963a6a56,did:example:employer1,professional,EmployeeID,12,1.77,18/03/2024,22/03/2025,revoked,eth-registry:fc58afe2,False
did:example:4f8d63cffae9dee4,did:example:gov_issuer,government,ProofOfResidence,15,2.65,05/09/2025,02/08/2027,revoked,eth-registry:9e5c7ca3,True
did:example:c24ef92d02995e65,did:example:gov_issuer,government,ProofOfResidence,17,2.57,11/07/2025,17/08/2026,active,eth-registry:e69f03f0,True
did:example:8d2d94a49faa0114,did:example:employer1,professional,EmployeeID,12,1.94,05/03/2024,17/02/2026,revoked,eth-registry:d456be9c,False
did:example:e2fcecfd274b04e4,did:example:employer1,professional,EmployeeID,13,1.89,19/07/2024,27/11/2026,active,eth-registry:f7996368,False
did:example:ae75c0d8666b4591,did:example:gov_issuer,government,ProofOfResidence,17,2.36,02/12/2024,11/02/2026,revoked,eth-registry:228f7a3d,False
did:example:6cd329a8d8a80e14,did:example:employer1,professional,EmployeeID,14,1.99,30/11/2024,15/01/2026,active,eth-registry:cd5a1771,False
did:example:d21f9e0501a4840c,did:example:gov_issuer,government,ProofOfAge,15,2.61,02/05/2024,04/02/2026,active,eth-registry:84c7828a,True
did:example:f5c6015522822d68,did:example:employer1,professional,EmployeeID,10,1.83,07/12/2024,24/11/2026,revoked,eth-registry:96594259,False
did:example:bc3baa16ae08ff64,did:example:university1,academic,StudentID,13,1.97,27/09/2025,12/11/2026,active,eth-registry:314f7c0d,False
did:example:6bc12ca2acf31c4d,did:example:university1,academic,StudentID,14,1.97,10/06/2024,02/02/2026,revoked,eth-registry:8af0f060,True
did:example:a3ca262ae0c3ae08,did:example:gov_issuer,government,ProofOfResidence,18,2.55,01/04/2024,20/10/2026,active,eth-registry:ad602469,True
did:example:d32c1263ba01e775,did:example:employer1,professional,EmployeeID,11,1.77,09/10/2024,30/11/2026,revoked,eth-registry:fe9d0803,True
did:example:b37636d8b68705ca,did:example:employer1,professional,EmployeeID,13,1.87,20/12/2024,05/01/2027,active,eth-registry:ce963183,True
did:example:980178a5e6a40aa9,did:example:employer1,professional,EmployeeID,14,1.75,27/07/2024,11/10/2025,active,eth-registry:e98ef666,False
did:example:a48ed96e1475ed0e,did:example:university1,academic,StudentID,15,2.11,17/03/2024,22/10/2026,revoked,eth-registry:7762095b,False
did:example:fe808172bfee823a,did:example:university1,academic,StudentID,15,1.98,03/03/2024,09/05/2026,revoked,eth-registry:130a805d,True
did:example:16073f3c0fd4319a,did:example:gov_issuer,government,ProofOfResidence,18,2.36,06/08/2025,15/06/2027,active,eth-registry:aefea81a,True
did:example:69847b089bee7e03,did:example:university1,academic,StudentID,14,1.93,06/04/2024,29/06/2026,revoked,eth-registry:771b3379,True
did:example:4b77a69d08923ca8,did:example:employer1,professional,EmployeeID,11,1.93,25/07/2024,13/11/2025,active,eth-registry:02827cc2,False
did:example:16b991c4d708aa0d,did:example:gov_issuer,government,ProofOfResidence,16,2.52,11/07/2025,18/11/2027,revoked,eth-registry:da6a9200,False
did:example:7cdb5123951b8570,did:example:employer1,professional,EmployeeID,13,1.98,10/03/2025,14/10/2026,revoked,eth-registry:d2a4a00c,True
did:example:a80d3804b1487a4e,did:example:gov_issuer,government,ProofOfAge,15,2.6,19/01/2024,17/02/2025,active,eth-registry:db72f4b2,True
did:example:a24603658cc99caf,did:example:gov_issuer,government,ProofOfResidence,17,2.61,04/05/2024,21/10/2025,revoked,eth-registry:cc00ff89,True
did:example:721dadd1805fce45,did:example:employer1,professional,EmployeeID,12,1.8,10/12/2024,03/09/2026,active,eth-registry:5f16c4c3,False
did:example:5b02b2a7aaeff588,did:example:gov_issuer,government,ProofOfAge,17,2.63,14/09/2024,01/08/2026,revoked,eth-registry:a319bef0,False
did:example:2e4a29d058d58a65,did:example:employer1,professional,EmployeeID,12,1.98,23/12/2025,08/06/2027,active,eth-registry:e33ed465,True
did:example:4c1ae8bb7bb4d2b1,did:example:employer1,professional,EmployeeID,13,1.89,24/03/2024,21/10/2026,active,eth-registry:e57073d6,False
did:example:b394110e509b5eb2,did:example:university1,academic,StudentID,12,1.94,20/01/2024,31/07/2025,revoked,eth-registry:ba79929c,False
did:example:48315426b89a6e14,did:example:gov_issuer,government,ProofOfResidence,17,2.56,06/02/2025,02/05/2026,revoked,eth-registry:4017498d,True
did:example:95c3293f55a1b130,did:example:employer1,professional,EmployeeID,14,1.65,02/12/2025,13/05/2027,active,eth-registry:8040f90a,True
did:example:f087151f5a046d53,did:example:employer1,professional,EmployeeID,14,1.63,03/01/2024,21/10/2025,revoked,eth-registry:307f0bd5,False
did:example:671fd56471afc873,did:example:employer1,professional,EmployeeID,14,1.88,28/08/2025,29/09/2026,revoked,eth-registry:4aa0bebf,False
did:example:f11f1b0bbb50792e,did:example:university1,academic,StudentID,13,2.23,26/12/2025,03/03/2027,revoked,eth-registry:e69bf98c,False
did:example:113f54eb0ad20cb0,did:example:gov_issuer,government,ProofOfResidence,14,2.36,31/10/2024,22/02/2026,revoked,eth-registry:7e065c4a,False
did:example:1992ca1eedbf5967,did:example:employer1,professional,EmployeeID,13,1.63,31/10/2024,13/08/2026,active,eth-registry:acc2fdf1,True
did:example:cef239cf7ed1a1c6,did:example:employer1,professional,EmployeeID,10,1.95,26/12/2025,20/11/2028,active,eth-registry:5beb0cfc,True
did:example:516342c8c9a763fa,did:example:employer1,professional,EmployeeID,11,1.65,05/04/2025,04/06/2027,active,eth-registry:80182b33,True
did:example:9cceedf6c00d7370,did:example:university1,academic,StudentID,14,1.91,03/02/2025,03/04/2026,revoked,eth-registry:41e4a749,True
did:example:60f25381ee9eb321,did:example:university1,academic,StudentID,14,2.19,28/07/2024,16/09/2025,active,eth-registry:9c5799cf,False
did:example:aeb74e6e854ee735,did:example:employer1,professional,EmployeeID,13,1.94,12/11/2025,26/01/2027,active,eth-registry:f2b06aac,False
did:example:9b6b03993d1d0bea,did:example:university1,academic,StudentID,15,2.11,04/07/2024,21/08/2025,revoked,eth-registry:26670ca2,True
did:example:fefc99684d0cbb4f,did:example:university1,academic,StudentID,12,2.12,14/10/2024,18/10/2026,revoked,eth-registry:6a09d8e7,True
did:example:ac9e58f406b935d2,did:example:university1,academic,StudentID,15,2.03,10/09/2025,26/02/2028,active,eth-registry:f4f10307,False
did:example:12f09c07d482045f,did:example:university1,academic,StudentID,14,2.0,08/01/2025,21/11/2026,revoked,eth-registry:d12118f9,False
did:example:9cd7392bc65753a3,did:example:university1,academic,StudentID,13,2.2,08/07/2025,01/05/2027,revoked,eth-registry:c6a5db61,True
did:example:36a68c4dc9efcc8e,did:example:university1,academic,StudentID,13,2.24,28/12/2025,06/03/2028,active,eth-registry:357afc9c,False
did:example:e84c07072b302051,did:example:university1,academic,StudentID,14,2.03,15/04/2025,27/12/2026,active,eth-registry:ade41c54,False
did:example:2d7282cf785543f9,did:example:university1,academic,StudentID,14,2.01,28/04/2024,10/12/2026,active,eth-registry:89d4befe,False
did:example:a1f4ca4ce66b30b8,did:example:university1,academic,StudentID,13,2.01,03/07/2025,16/11/2027,active,eth-registry:20cc68e0,False
did:example:575a2db3fa77a6c2,did:example:university1,academic,StudentID,12,1.92,14/03/2025,01/03/2028,active,eth-registry:ff9f7331,False
did:example:fc37ece3b584fb15,did:example:university1,academic,StudentID,12,2.01,08/05/2024,08/07/2025,active,eth-registry:d45da271,False
did:example:85cdf389ac8e5510,did:example:employer1,professional,EmployeeID,11,1.61,21/03/2024,31/01/2026,revoked,eth-registry:9682626b,False
did:example:349c76a300abdd57,did:example:gov_issuer,government,ProofOfAge,15,2.62,13/11/2025,02/08/2028,active,eth-registry:99421e65,False
did:example:cf10121a4ab42f8a,did:example:university1,academic,StudentID,14,2.0,18/03/2024,22/07/2026,revoked,eth-registry:a54ff299,True
did:example:c1d2e563ed014d65,did:example:gov_issuer,government,ProofOfResidence,18,2.58,28/11/2024,17/06/2027,active,eth-registry:0e69c562,True
did:example:de1cdcd56790529b,did:example:gov_issuer,government,ProofOfResidence,14,2.52,21/12/2025,28/11/2027,revoked,eth-registry:cddb2df3,False
did:example:752ef0a3604c5789,did:example:employer1,professional,EmployeeID,11,1.93,27/09/2025,08/07/2027,active,eth-registry:36d71558,True
did:example:25875e7aff7ebbf4,did:example:gov_issuer,government,ProofOfResidence,14,2.68,05/09/2025,08/03/2028,active,eth-registry:b512f151,False
did:example:cb83662589c64dfa,did:example:employer1,professional,EmployeeID,14,1.75,22/06/2025,30/05/2027,active,eth-registry:95be424d,True
did:example:2f8e266026fc7f94,did:example:university1,academic,StudentID,14,1.94,14/12/2024,07/10/2026,active,eth-registry:163789ec,False
did:example:7263f3ae5016fd0b,did:example:university1,academic,StudentID,12,2.2,28/07/2024,14/05/2026,active,eth-registry:2ce8dc73,True
did:example:7ecb75b36bfd4e6f,did:example:gov_issuer,government,ProofOfResidence,16,2.31,17/10/2025,15/01/2027,active,eth-registry:8366761b,False
did:example:54d193dc374f4ca1,did:example:employer1,professional,EmployeeID,13,1.69,20/02/2025,17/09/2027,active,eth-registry:796fc270,False
did:example:74b7b97f9a5fabe2,did:example:gov_issuer,government,ProofOfResidence,18,2.32,16/10/2024,30/06/2027,active,eth-registry:09855d00,True
did:example:f8b677df8e1ad71b,did:example:university1,academic,StudentID,14,2.26,07/12/2025,28/12/2026,revoked,eth-registry:d2ecbd65,True
did:example:fd8dea6517d97e63,did:example:employer1,professional,EmployeeID,11,1.6,27/09/2024,18/07/2026,active,eth-registry:6abffbf3,True
did:example:3f4ca3b0ee208ff0,did:example:employer1,professional,EmployeeID,13,1.8,28/01/2024,01/06/2026,revoked,eth-registry:d2d2e3fd,True
did:example:af0f90f17d680d22,did:example:employer1,professional,EmployeeID,13,1.77,15/03/2025,02/07/2026,revoked,eth-registry:ac5b260a,True
did:example:b1c1bcdb9548cbfd,did:example:gov_issuer,government,ProofOfAge,17,2.56,07/11/2024,16/06/2026,revoked,eth-registry:93db2f38,True
did:example:04e14d9ecbd696f9,did:example:employer1,professional,EmployeeID,10,1.72,31/03/2025,03/03/2028,active,eth-registry:744e700d,False
did:example:7d547b18b96fd70f,did:example:university1,academic,StudentID,14,2.25,29/03/2025,19/10/2027,active,eth-registry:89aaf56d,True
did:example:da8f9dca4bb725a7,did:example:university1,academic,StudentID,12,2.19,05/04/2025,06/01/2028,active,eth-registry:bedbe5b5,True
did:example:5136a3f524515953,did:example:employer1,professional,EmployeeID,14,1.77,05/09/2024,25/08/2027,revoked,eth-registry:d08eca9f,True
did:example:a09d63c7f13eaac8,did:example:employer1,professional,EmployeeID,14,1.74,03/07/2024,13/11/2026,active,eth-registry:13de2b36,False
did:example:a703864f6f932c3f,did:example:gov_issuer,government,ProofOfResidence,16,2.63,20/08/2024,11/03/2026,active,eth-registry:1d97a5c7,True
did:example:22bfcba529bdf3ec,did:example:employer1,professional,EmployeeID,13,1.9,06/12/2025,01/11/2028,active,eth-registry:efc8db0c,True
did:example:63fa7c85372d5852,did:example:gov_issuer,government,ProofOfResidence,14,2.46,01/07/2025,22/05/2027,active,eth-registry:e74cf709,True
did:example:26183d7b7c060831,did:example:employer1,professional,EmployeeID,14,1.74,13/10/2024,11/11/2026,active,eth-registry:a80d6ae9,True
did:example:fd9ae628521d10b5,did:example:employer1,professional,EmployeeID,11,1.62,31/10/2025,05/12/2027,active,eth-registry:761e13e6,False
did:example:816ce0a79c570e5f,did:example:gov_issuer,government,ProofOfAge,15,2.33,13/07/2025,17/08/2027,revoked,eth-registry:beb790f6,False
did:example:03ea7256b75fd35c,did:example:employer1,professional,EmployeeID,13,1.62,28/01/2025,06/03/2027,revoked,eth-registry:9222ab44,False
did:example:fa06355e76bd0fd1,did:example:university1,academic,StudentID,15,1.91,07/08/2025,26/02/2028,revoked,eth-registry:6ea1b541,False
did:example:62e7e02c7a97e89c,did:example:employer1,professional,EmployeeID,12,1.66,24/11/2025,18/03/2027,active,eth-registry:64d549b7,True
did:example:5580c644f66c23e8,did:example:employer1,professional,EmployeeID,12,1.94,19/02/2025,07/01/2027,active,eth-registry:67edfbcf,True
did:example:9d39310ba93760ff,did:example:employer1,professional,EmployeeID,12,1.92,15/03/2024,15/05/2026,revoked,eth-registry:caf33d10,False
did:example:f8ac45bb7f6e326d,did:example:university1,academic,StudentID,13,2.24,10/11/2024,22/12/2026,active,eth-registry:a6524463,False
did:example:85aacbec7536f1ac,did:example:gov_issuer,government,ProofOfAge,16,2.55,15/06/2024,26/11/2026,active,eth-registry:93c4ff5c,False
did:example:b26fac419a0ca7ec,did:example:gov_issuer,government,ProofOfAge,18,2.55,26/05/2025,25/01/2027,revoked,eth-registry:d596b8ab,False
did:example:153d87d4ae1ace1b,did:example:university1,academic,StudentID,13,1.95,05/03/2024,24/01/2027,active,eth-registry:0885546c,False
did:example:68654eb80993a2df,did:example:employer1,professional,EmployeeID,13,1.88,07/12/2024,17/12/2025,active,eth-registry:8102adbb,True
did:example:4eed0896f6198375,did:example:gov_issuer,government,ProofOfResidence,17,2.41,14/11/2024,28/04/2027,active,eth-registry:bb054015,False
did:example:a164978bb0748a05,did:example:gov_issuer,government,ProofOfAge,18,2.51,09/10/2024,09/02/2026,active,eth-registry:4891e03b,True
did:example:c6262df2db5ee81b,did:example:gov_issuer,government,ProofOfResidence,17,2.68,03/04/2025,18/06/2027,active,eth-registry:2e6663ad,True
did:example:501134daa1c69540,did:example:university1,academic,StudentID,15,2.25,02/02/2025,19/02/2026,revoked,eth-registry:6544666b,False
did:example:69e408e1c10751fc,did:example:gov_issuer,government,ProofOfResidence,17,2.39,26/05/2024,12/11/2025,revoked,eth-registry:c894f770,False
did:example:36382ce11163bdb6,did:example:university1,academic,StudentID,15,2.19,07/08/2025,20/05/2027,revoked,eth-registry:4973bdb6,True
did:example:8d5b2d179eedb400,did:example:employer1,professional,EmployeeID,13,1.64,23/11/2024,02/02/2026,revoked,eth-registry:bc25b4d2,False
did:example:ade1840476478522,did:example:gov_issuer,government,ProofOfAge,18,2.31,24/04/2024,19/12/2025,active,eth-registry:b113a0f8,False
did:example:36c853c9a3d6d81d,did:example:gov_issuer,government,ProofOfResidence,18,2.31,15/05/2025,21/08/2027,active,eth-registry:11627559,True
did:example:89d6f99e6a940578,did:example:university1,academic,StudentID,15,1.97,14/10/2024,09/02/2026,active,eth-registry:f03bc439,False
did:example:f7267f0f53aafb10,did:example:university1,academic,StudentID,14,2.18,12/04/2025,13/07/2027,active,eth-registry:2e96260e,True
did:example:1289192e3c9d9271,did:example:gov_issuer,government,ProofOfResidence,17,2.45,05/07/2025,11/06/2027,active,eth-registry:e4d536d5,True
did:example:52d7c5d7cbe6ad83,did:example:gov_issuer,government,ProofOfResidence,18,2.31,05/04/2025,09/12/2027,active,eth-registry:3fbf9225,True
did:example:4e047f2339719bcf,did:example:gov_issuer,government,ProofOfResidence,15,2.7,18/11/2025,27/02/2028,revoked,eth-registry:2ce0380d,False
did:example:e7d7d903a72cd2b0,did:example:university1,academic,StudentID,12,2.11,19/03/2025,08/02/2027,active,eth-registry:765ced9f,True
did:example:575c760ad9d06a8e,did:example:university1,academic,StudentID,15,2.06,05/10/2024,31/05/2027,active,eth-registry:c62de856,False
did:example:d53990a5b84695c7,did:example:university1,academic,StudentID,14,2.11,22/12/2025,26/04/2027,revoked,eth-registry:5c96fd6f,False
did:example:6ecd4e2231f32d11,did:example:employer1,professional,EmployeeID,12,1.81,11/01/2025,01/03/2027,active,eth-registry:222d24cf,True
did:example:6d9bd3ee3bbcb27b,did:example:university1,academic,StudentID,14,2.09,05/06/2025,16/11/2026,active,eth-registry:f81ca325,False
did:example:021be63bd66fcf7d,did:example:employer1,professional,EmployeeID,10,1.85,29/08/2024,24/07/2026,active,eth-registry:dff2f7cf,True
did:example:13123dacbabb193a,did:example:university1,academic,StudentID,13,2.25,25/10/2025,08/10/2027,active,eth-registry:ab71516f,True
did:example:40de9040cb06cc10,did:example:university1,academic,StudentID,13,2.02,18/11/2025,29/01/2028,active,eth-registry:ea472d35,False
did:example:2f46d35ab2b60cb8,did:example:university1,academic,StudentID,13,2.09,26/11/2025,12/07/2027,revoked,eth-registry:4408df98,False
did:example:906cc6dd8e0c2c43,did:example:employer1,professional,EmployeeID,14,1.6,10/10/2024,05/02/2027,active,eth-registry:b6e36781,False
did:example:afe660de8975d9ba,did:example:employer1,professional,EmployeeID,12,1.94,20/09/2025,29/01/2027,active,eth-registry:e8cc1957,False
did:example:28d01b9b1647a742,did:example:gov_issuer,government,ProofOfAge,14,2.42,06/05/2025,05/09/2026,revoked,eth-registry:9687900b,True
did:example:3b87fe72d8eff89b,did:example:gov_issuer,government,ProofOfAge,15,2.41,10/03/2024,27/05/2025,revoked,eth-registry:91144b1f,True
did:example:abab03efb874d18d,did:example:employer1,professional,EmployeeID,11,2.0,01/11/2025,18/10/2027,revoked,eth-registry:5592cab7,False
did:example:6b289f6a3344aaed,did:example:employer1,professional,EmployeeID,14,1.83,21/01/2025,18/11/2026,active,eth-registry:521784df,False
did:example:759c2f1e06a9ef11,did:example:university1,academic,StudentID,13,1.95,24/01/2025,19/09/2027,active,eth-registry:a7b5ebef,True
did:example:aeaa48666d74f4dd,did:example:university1,academic,StudentID,13,2.01,05/10/2024,08/06/2026,active,eth-registry:65bf20f5,True
did:example:7513489b9fc10177,did:example:university1,academic,StudentID,13,2.04,15/09/2025,13/11/2027,active,eth-registry:1ca6036d,False
did:example:126903bbd5e4bc57,did:example:university1,academic,StudentID,12,2.29,11/03/2024,14/02/2027,revoked,eth-registry:f972e738,False
did:example:40c969a4d846534d,did:example:gov_issuer,government,ProofOfAge,17,2.47,08/10/2024,01/01/2027,revoked,eth-registry:e7ce87bb,False
did:example:9825fdf8adfceebe,did:example:university1,academic,StudentID,14,1.99,16/02/2025,04/11/2027,active,eth-registry:8657232f,True
did:example:6d060fb31d8c90d9,did:example:gov_issuer,government,ProofOfAge,16,2.53,23/05/2024,30/05/2026,active,eth-registry:4c594993,True
did:example:1677c24874362a09,did:example:university1,academic,StudentID,13,2.06,04/06/2024,16/10/2025,revoked,eth-registry:23046bfc,False
did:example:89683dd66c62de6a,did:example:university1,academic,StudentID,14,1.92,26/03/2025,17/02/2027,active,eth-registry:0e64a8cd,True
did:example:a3e0d4e06ebf26d9,did:example:gov_issuer,government,ProofOfResidence,14,2.64,01/03/2025,02/09/2027,revoked,eth-registry:28766ea8,False
did:example:cc7206b5ac396fa2,did:example:university1,academic,StudentID,15,1.91,20/08/2025,12/11/2026,revoked,eth-registry:0a2a6cfc,False
did:example:14f7ab9bdf085c2a,did:example:university1,academic,StudentID,14,2.26,20/08/2025,06/08/2027,active,eth-registry:8b49dee6,False
did:example:4f9a10afab09de7f,did:example:employer1,professional,EmployeeID,11,1.92,14/01/2024,26/01/2026,revoked,eth-registry:4a03945b,True
did:example:cc9aecd755b80f2a,did:example:gov_issuer,government,ProofOfAge,16,2.33,14/10/2024,21/08/2027,revoked,eth-registry:d8bcb76c,False
did:example:c4359e3d009e3c92,did:example:employer1,professional,EmployeeID,14,1.89,11/09/2025,25/08/2028,revoked,eth-registry:449a232c,False
did:example:fea93406f5b8f62c,did:example:employer1,professional,EmployeeID,10,1.91,25/11/2025,12/02/2028,revoked,eth-registry:c95de179,True
did:example:e51a109cc4b7ef07,did:example:university1,academic,StudentID,14,2.14,10/03/2024,11/08/2025,revoked,eth-registry:99d141be,True
did:example:1c1220c0d4982774,did:example:university1,academic,StudentID,14,2.13,14/07/2025,10/12/2026,revoked,eth-registry:1e89bb02,True
did:example:0829f658940b00e5,did:example:university1,academic,StudentID,15,1.92,18/06/2024,29/08/2026,revoked,eth-registry:36f29eb1,True
did:example:c7fb2ceee2c59e27,did:example:gov_issuer,government,ProofOfResidence,16,2.32,10/08/2025,31/12/2026,active,eth-registry:1a0f670d,True
did:example:5c73a51476c03206,did:example:university1,academic,StudentID,14,2.19,22/11/2024,29/03/2027,revoked,eth-registry:c13e5f2a,True
did:example:7bbdf40e538b8f9b,did:example:university1,academic,StudentID,15,1.94,23/03/2024,28/02/2027,active,eth-registry:c8e06dc5,False
did:example:ddfcd093bd21717f,did:example:gov_issuer,government,ProofOfResidence,18,2.4,29/05/2024,12/10/2025,revoked,eth-registry:ede6e14a,False
did:example:dbd56dd0068ab320,did:example:university1,academic,StudentID,13,2.1,19/11/2025,20/09/2028,active,eth-registry:494d7da9,False
did:example:ee929fe775b2d797,did:example:university1,academic,StudentID,14,1.97,15/07/2025,12/08/2026,revoked,eth-registry:f240645f,False
did:example:d73bf635e9e0983b,did:example:employer1,professional,EmployeeID,11,1.92,26/01/2024,12/01/2026,revoked,eth-registry:efd58d93,True
did:example:e99d9f385711e441,did:example:employer1,professional,EmployeeID,14,1.92,24/11/2025,02/09/2027,active,eth-registry:85609b46,False
did:example:a45d094db1310c20,did:example:university1,academic,StudentID,15,2.24,08/09/2025,25/10/2027,active,eth-registry:515a3540,True
did:example:9d1d1639a09c92cc,did:example:gov_issuer,government,ProofOfAge,15,2.32,02/02/2025,21/01/2027,active,eth-registry:b20510df,True
did:example:3999f8f285974b8c,did:example:employer1,professional,EmployeeID,12,1.77,22/01/2024,24/02/2026,active,eth-registry:e333d0bd,False
did:example:a4fd9ebeca8f1a54,did:example:university1,academic,StudentID,15,2.24,13/11/2024,09/02/2026,revoked,eth-registry:53e64b63,False
did:example:ce08dba264b94767,did:example:university1,academic,StudentID,12,2.05,28/04/2024,07/11/2026,active,eth-registry:20cb0791,True
did:example:81cf6f22af1a1741,did:example:university1,academic,StudentID,14,2.18,24/09/2024,15/08/2027,revoked,eth-registry:587aada8,False
did:example:c5491d178b3adf20,did:example:employer1,professional,EmployeeID,14,1.84,18/08/2024,30/07/2026,revoked,eth-registry:49c7675c,True
did:example:3ee00e35d1355886,did:example:university1,academic,StudentID,15,2.04,05/06/2025,21/02/2028,revoked,eth-registry:564d133c,False
did:example:49ba32c8fedcfa41,did:example:employer1,professional,EmployeeID,10,1.71,23/06/2025,20/09/2026,revoked,eth-registry:aa4d506b,True
did:example:ec2e25337a8708c5,did:example:employer1,professional,EmployeeID,13,1.86,06/05/2024,23/10/2026,active,eth-registry:f4ad5fcd,True
did:example:038cbcb1e7d5c851,did:example:employer1,professional,EmployeeID,13,1.65,19/10/2025,13/06/2027,revoked,eth-registry:94a974cb,True
did:example:18bf81ae81eb3407,did:example:university1,academic,StudentID,12,2.24,05/05/2025,06/09/2027,revoked,eth-registry:a6b2fd32,True
did:example:153a23c4d14d9a92,did:example:gov_issuer,government,ProofOfResidence,17,2.53,02/05/2025,21/06/2027,revoked,eth-registry:b33ee530,False
did:example:ae4d2076f648b171,did:example:employer1,professional,EmployeeID,13,1.64,21/07/2025,22/08/2026,active,eth-registry:d66f5030,False
did:example:1b9f3756b264838a,did:example:university1,academic,StudentID,15,2.18,15/06/2025,26/02/2027,revoked,eth-registry:eaf6bac0,False
did:example:168ca28f2025365e,did:example:university1,academic,StudentID,12,2.07,30/07/2025,12/06/2027,revoked,eth-registry:077e6802,False
did:example:441f34fa6e74bae4,did:example:employer1,professional,EmployeeID,14,1.68,30/07/2024,16/03/2027,revoked,eth-registry:a9b880f8,True
did:example:01a364d8ed9ecf8e,did:example:gov_issuer,government,ProofOfAge,16,2.68,16/05/2025,04/08/2026,revoked,eth-registry:dfee366b,False
did:example:8bb110fef07766f0,did:example:university1,academic,StudentID,13,2.19,14/12/2025,05/11/2028,revoked,eth-registry:34544a50,True
did:example:c565b2651a43e8d2,did:example:gov_issuer,government,ProofOfResidence,15,2.54,05/07/2025,09/08/2026,active,eth-registry:d2d56d70,True
did:example:8fb81d09accf09aa,did:example:university1,academic,StudentID,15,2.24,25/10/2024,19/04/2026,revoked,eth-registry:1864eb3e,False
did:example:dafe75cf1d96a584,did:example:employer1,professional,EmployeeID,14,1.82,07/04/2025,20/07/2026,active,eth-registry:bdfbd66e,False
did:example:a1ac250596ed87e7,did:example:gov_issuer,government,ProofOfAge,15,2.48,29/10/2025,08/08/2028,revoked,eth-registry:c106e8f2,True
did:example:3aec60ab7d909a34,did:example:university1,academic,StudentID,15,1.98,24/04/2025,12/06/2027,revoked,eth-registry:c3ec4ce5,False
did:example:49507f7cfd93e402,did:example:university1,academic,StudentID,14,1.96,23/07/2025,28/12/2027,active,eth-registry:5208fdbc,False
did:example:8d636973f7b96653,did:example:university1,academic,StudentID,12,2.07,12/10/2025,26/02/2028,revoked,eth-registry:70ac7f71,True
did:example:ffe071b337979997,did:example:university1,academic,StudentID,14,2.08,25/09/2024,28/11/2026,active,eth-registry:6a004489,False
did:example:46dc280e43b7ec72,did:example:university1,academic,StudentID,15,2.19,02/09/2024,08/04/2026,active,eth-registry:eac8444d,True
did:example:b8300d7398d63f97,did:example:gov_issuer,government,ProofOfAge,14,2.48,07/09/2024,11/12/2025,revoked,eth-registry:9a172a82,True
did:example:1c369fa01ca64b25,did:example:gov_issuer,government,ProofOfAge,14,2.54,26/09/2024,10/08/2026,revoked,eth-registry:1c1b25d7,False
did:example:e7ca4a3f969c0541,did:example:gov_issuer,government,ProofOfResidence,14,2.63,11/05/2025,07/03/2027,revoked,eth-registry:e903a738,False
did:example:27dbbbafa159a7eb,did:example:university1,academic,StudentID,14,2.3,21/12/2024,05/11/2026,revoked,eth-registry:dda3b5da,False
did:example:797db8b4a5ec0392,did:example:employer1,professional,EmployeeID,10,1.73,18/11/2025,14/11/2028,active,eth-registry:44c2d81f,True
did:example:f08745dfc9617e87,did:example:university1,academic,StudentID,15,2.26,16/05/2025,17/08/2026,active,eth-registry:7e869078,True
did:example:6994fcd358627b1e,did:example:gov_issuer,government,ProofOfAge,14,2.62,06/05/2025,22/08/2027,active,eth-registry:9cf21501,True
did:example:df323b6d452ec729,did:example:employer1,professional,EmployeeID,10,1.63,25/11/2025,19/03/2027,revoked,eth-registry:d0860bc7,True
did:example:d5e431f050f3eea6,did:example:university1,academic,StudentID,13,2.03,18/09/2025,24/11/2027,revoked,eth-registry:8a8416f0,True
did:example:5fbae1378cf67800,did:example:employer1,professional,EmployeeID,13,1.69,24/01/2024,01/06/2026,revoked,eth-registry:51be6f62,False
did:example:c838176c9b07919d,did:example:employer1,professional,EmployeeID,14,1.87,07/12/2025,02/01/2027,active,eth-registry:18db679e,False
did:example:0fbad3232a6c4831,did:example:university1,academic,StudentID,13,2.12,06/10/2025,07/09/2027,revoked,eth-registry:f571273d,False
did:example:f66c2b851e682fc9,did:example:gov_issuer,government,ProofOfResidence,16,2.5,29/08/2024,20/04/2026,revoked,eth-registry:b0b8b460,False
did:example:4f0942dac6385579,did:example:university1,academic,StudentID,15,2.21,21/06/2024,12/06/2026,revoked,eth-registry:dcb75dbd,True
did:example:1e4c5aef4951636e,did:example:employer1,professional,EmployeeID,13,1.73,28/01/2025,19/01/2027,active,eth-registry:5524e1a1,False
did:example:10b521411be1efe7,did:example:employer1,professional,EmployeeID,10,1.75,31/12/2025,11/12/2027,active,eth-registry:aad72777,False
did:example:a67b8bc3b45bdb9f,did:example:employer1,professional,EmployeeID,14,1.95,21/03/2025,03/07/2027,active,eth-registry:6befd575,True
did:example:c5584db12cd4b0b6,did:example:gov_issuer,government,ProofOfAge,18,2.69,27/02/2025,23/07/2026,active,eth-registry:cd4d4674,True
did:example:62a047a669cfcf25,did:example:university1,academic,StudentID,14,2.21,07/06/2024,23/02/2027,active,eth-registry:f4a72865,False
did:example:a06184181b6ce858,did:example:university1,academic,StudentID,14,1.99,18/10/2025,23/06/2028,active,eth-registry:0a229852,False
did:example:61c9223637db0ce9,did:example:gov_issuer,government,ProofOfAge,15,2.35,06/08/2025,06/07/2027,active,eth-registry:455826b3,False
did:example:4b9803b31b8d4f4c,did:example:employer1,professional,EmployeeID,14,1.68,11/02/2024,05/12/2026,active,eth-registry:02deaa6e,True
did:example:9db915cacecdd832,did:example:university1,academic,StudentID,15,2.07,10/07/2024,26/01/2026,revoked,eth-registry:464e6a84,False
did:example:65643d5e6460a1de,did:example:employer1,professional,EmployeeID,12,1.69,06/10/2025,05/03/2027,revoked,eth-registry:2aa65b35,False
did:example:df14a3e2a4d067b1,did:example:gov_issuer,government,ProofOfResidence,17,2.66,31/05/2025,22/12/2026,active,eth-registry:4d5683f6,False
did:example:76e2888bddda6f05,did:example:university1,academic,StudentID,13,2.17,21/10/2024,14/05/2027,active,eth-registry:30115771,True
did:example:600504b04051db8c,did:example:gov_issuer,government,ProofOfResidence,17,2.47,17/01/2025,27/04/2026,revoked,eth-registry:cd3596ea,False
did:example:b10147e645ee88a1,did:example:university1,academic,StudentID,12,2.01,02/04/2024,10/11/2025,active,eth-registry:b528e852,True
did:example:880d894e40c602fb,did:example:employer1,professional,EmployeeID,14,1.75,03/09/2025,18/12/2026,revoked,eth-registry:29807209,True
did:example:5435bfdc476fa80a,did:example:university1,academic,StudentID,14,2.09,06/04/2025,24/02/2027,revoked,eth-registry:31a9a00f,False
did:example:736afb4aa185f0f7,did:example:employer1,professional,EmployeeID,12,1.89,08/01/2025,19/08/2026,active,eth-registry:bc995525,True
did:example:e679eaece317138a,did:example:university1,academic,StudentID,12,1.94,23/03/2025,10/11/2027,active,eth-registry:cc38a8cd,True
did:example:1f257952e128c02d,did:example:university1,academic,StudentID,14,2.24,04/03/2025,15/09/2027,active,eth-registry:3d91defc,True
did:example:13b506729efe568f,did:example:gov_issuer,government,ProofOfAge,14,2.35,13/11/2024,21/08/2027,active,eth-registry:365be3a2,False
did:example:63c5b10a26e5c731,did:example:university1,academic,StudentID,15,2.0,12/05/2024,10/03/2026,active,eth-registry:69d47da0,True
did:example:4ee89a5fd74cb0e6,did:example:employer1,professional,EmployeeID,13,2.0,17/12/2024,09/01/2027,active,eth-registry:a7baefcf,False
did:example:f8d23489a911b6f7,did:example:university1,academic,StudentID,13,1.98,13/08/2025,02/05/2028,active,eth-registry:ee274e55,False
did:example:1fdb787e28e4cd7c,did:example:employer1,professional,EmployeeID,14,1.64,09/02/2024,14/07/2026,revoked,eth-registry:99f5d2ee,False
did:example:23edbe0a6c0054ea,did:example:employer1,professional,EmployeeID,14,1.86,20/10/2024,13/09/2027,active,eth-registry:54301735,True
did:example:41c6150ed983f1c6,did:example:university1,academic,StudentID,12,2.06,23/08/2025,08/08/2028,revoked,eth-registry:3f513b86,False
did:example:c29bad74f10bed36,did:example:employer1,professional,EmployeeID,10,1.64,27/02/2025,23/04/2026,active,eth-registry:f7242215,False
did:example:614d7f01782c091b,did:example:university1,academic,StudentID,13,1.9,19/01/2024,08/07/2025,revoked,eth-registry:5dd34c54,False
did:example:399bc6966bf80a05,did:example:employer1,professional,EmployeeID,10,1.63,10/09/2025,11/02/2028,active,eth-registry:a66a1eda,False
did:example:0c8590cfad92d2bb,did:example:gov_issuer,government,ProofOfAge,16,2.51,09/02/2024,20/04/2025,active,eth-registry:bb125fc3,False
did:example:b2428c754d4890fa,did:example:university1,academic,StudentID,14,1.99,16/12/2024,16/02/2026,active,eth-registry:375d0684,True
did:example:9405fb94bff3e784,did:example:employer1,professional,EmployeeID,12,1.91,24/03/2024,02/07/2025,revoked,eth-registry:0d02d58a,True
did:example:adeff229c42ede44,did:example:employer1,professional,EmployeeID,10,1.94,19/07/2024,09/09/2025,revoked,eth-registry:ffae951a,True
did:example:eafb791d8a866812,did:example:university1,academic,StudentID,15,1.96,14/10/2024,12/02/2027,active,eth-registry:af6a4e81,True
did:example:264dc6270ffbd5bf,did:example:employer1,professional,EmployeeID,14,1.73,13/07/2024,30/01/2026,revoked,eth-registry:7480a1eb,False
did:example:7b8847741caf34a8,did:example:university1,academic,StudentID,14,1.96,02/10/2025,21/08/2028,active,eth-registry:96c2cc47,True
did:example:5c02aae6ef58eb5d,did:example:gov_issuer,government,ProofOfAge,14,2.41,17/02/2025,02/05/2026,revoked,eth-registry:3beb6d83,True
did:example:d96fecb751344dbf,did:example:university1,academic,StudentID,13,2.0,21/09/2024,20/08/2026,active,eth-registry:3c4d24c5,True
did:example:2d55c1bb23d5aea1,did:example:gov_issuer,government,ProofOfResidence,17,2.61,31/07/2024,27/11/2026,active,eth-registry:d942bf02,False
did:example:d949c695f176b3fb,did:example:university1,academic,StudentID,14,2.04,29/12/2024,18/09/2026,revoked,eth-registry:c56086f0,True
did:example:afaae34f6c600590,did:example:employer1,professional,EmployeeID,11,1.8,04/09/2024,09/02/2027,active,eth-registry:303a7667,False
did:example:6615d1c9f6f55a9b,did:example:employer1,professional,EmployeeID,14,1.87,12/08/2025,17/04/2028,revoked,eth-registry:4aa288a0,False
did:example:97327a808538ebde,did:example:university1,academic,StudentID,15,2.23,20/06/2024,30/09/2026,revoked,eth-registry:36b93306,True
did:example:c668a65d95fa7cba,did:example:university1,academic,StudentID,14,2.02,19/05/2025,05/08/2027,active,eth-registry:148a2f2b,True
did:example:08be90262c21c526,did:example:university1,academic,StudentID,13,1.98,22/11/2024,16/01/2027,revoked,eth-registry:4c2660f0,True
did:example:344f81a3ac67349b,did:example:employer1,professional,EmployeeID,12,1.99,11/07/2024,07/07/2027,revoked,eth-registry:82b83bbc,True
did:example:71d18b476e3f5f9d,did:example:employer1,professional,EmployeeID,10,1.73,06/12/2024,30/06/2027,revoked,eth-registry:89edce7c,True
did:example:8b5cbdfa83597a6d,did:example:gov_issuer,government,ProofOfAge,16,2.57,28/03/2024,10/05/2025,active,eth-registry:a8003edd,False
did:example:d9c91a59d50f8fb2,did:example:employer1,professional,EmployeeID,10,1.87,19/01/2025,06/08/2027,revoked,eth-registry:60e86b74,True
did:example:bcb67dfa9289e0a6,did:example:gov_issuer,government,ProofOfAge,14,2.51,08/06/2025,06/10/2026,active,eth-registry:ae645c04,True
did:example:297c76b221334dab,did:example:university1,academic,StudentID,14,1.99,09/03/2025,05/12/2027,revoked,eth-registry:12ea9ecd,False
did:example:09edd0404e20f0e7,did:example:university1,academic,StudentID,14,1.96,12/01/2024,05/09/2025,active,eth-registry:4df549aa,False
did:example:737797980ce17af7,did:example:gov_issuer,government,ProofOfResidence,18,2.49,05/03/2025,24/07/2027,revoked,eth-registry:9897f4dd,False
did:example:a70d66c0ea53e407,did:example:employer1,professional,EmployeeID,12,1.8,19/01/2024,12/07/2026,revoked,eth-registry:059ee778,False
did:example:2ba29d9f9b834784,did:example:gov_issuer,government,ProofOfAge,18,2.61,25/09/2024,12/06/2026,active,eth-registry:1ef3f8f5,False
did:example:0e45afa329fc1272,did:example:gov_issuer,government,ProofOfAge,18,2.58,09/04/2025,13/03/2028,revoked,eth-registry:5f731570,False
did:example:54ff64c36391a08f,did:example:university1,academic,StudentID,13,2.26,20/10/2025,07/11/2027,revoked,eth-registry:b89de3b1,True
did:example:1c392a423304108e,did:example:employer1,professional,EmployeeID,14,1.99,14/12/2025,18/10/2027,active,eth-registry:db18ec72,True
did:example:229da493b6522952,did:example:gov_issuer,government,ProofOfResidence,16,2.59,09/01/2025,02/01/2027,revoked,eth-registry:83b23c07,False
did:example:f53896c578aee421,did:example:employer1,professional,EmployeeID,12,1.63,04/06/2024,15/01/2026,revoked,eth-registry:9d683f5d,True
did:example:89e5e48c1af36b8c,did:example:university1,academic,StudentID,12,2.06,31/08/2025,17/11/2026,revoked,eth-registry:67a3f3ef,False
did:example:756da2a51af54762,did:example:gov_issuer,government,ProofOfAge,15,2.54,17/09/2024,04/09/2027,active,eth-registry:0f4ce7e1,True
did:example:93cc1e1b0f5f4cfa,did:example:gov_issuer,government,ProofOfAge,16,2.54,11/02/2025,27/09/2027,active,eth-registry:fa5e5a36,False
did:example:835d0c8d164a754d,did:example:university1,academic,StudentID,13,1.97,24/05/2024,09/01/2027,revoked,eth-registry:d5489817,False
did:example:99fba475e35f9505,did:example:employer1,professional,EmployeeID,12,1.83,27/09/2024,26/07/2027,active,eth-registry:8fef8f14,True
did:example:75cf25299b63ca11,did:example:gov_issuer,government,ProofOfAge,14,2.44,16/12/2024,08/03/2027,active,eth-registry:71f22bb6,True
did:example:833016bfc34e2f26,did:example:employer1,professional,EmployeeID,11,1.74,23/06/2025,11/06/2028,active,eth-registry:2d67b126,True
did:example:f700bd6b67d689cf,did:example:university1,academic,StudentID,14,2.23,19/10/2025,08/10/2028,revoked,eth-registry:ebf4c496,False
did:example:ba660951c39f7604,did:example:employer1,professional,EmployeeID,13,1.77,09/05/2024,06/11/2025,active,eth-registry:b44779c7,False
did:example:78f24afd74bc94b8,did:example:employer1,professional,EmployeeID,14,1.81,12/02/2025,31/12/2026,revoked,eth-registry:5b6be403,False
did:example:9daa04c54b1b7177,did:example:university1,academic,StudentID,15,2.13,09/12/2025,16/02/2027,revoked,eth-registry:753a2d49,True
did:example:ad738a0d58c4b238,did:example:university1,academic,StudentID,15,2.13,13/01/2024,09/06/2026,revoked,eth-registry:6641f541,False
did:example:1bf53bd0ad398f81,did:example:employer1,professional,EmployeeID,10,1.69,22/02/2025,14/05/2026,revoked,eth-registry:20b4ec3d,False
did:example:4d58804c778eff6d,did:example:university1,academic,StudentID,14,2.14,15/07/2025,23/01/2028,active,eth-registry:ca54fd75,True
did:example:5155dbb0141abe50,did:example:employer1,professional,EmployeeID,11,1.73,17/03/2024,25/10/2026,active,eth-registry:ac244d95,False
did:example:ec7aeefdcedcab9e,did:example:university1,academic,StudentID,13,2.16,03/05/2025,27/02/2027,revoked,eth-registry:95329f01,False
did:example:84e084f5bbdf30d5,did:example:employer1,professional,EmployeeID,11,1.66,04/11/2024,08/02/2027,active,eth-registry:b09dcf29,False
did:example:205180520e08a9b1,did:example:university1,academic,StudentID,13,2.3,15/03/2025,06/02/2028,revoked,eth-registry:7e9717bc,True
did:example:390e124fd0250f87,did:example:university1,academic,StudentID,12,2.21,04/06/2025,08/12/2027,active,eth-registry:d4756f72,True
did:example:22cc1e8c89131b0f,did:example:employer1,professional,EmployeeID,12,1.77,15/04/2024,03/03/2026,revoked,eth-registry:446afbe0,True
did:example:7fd856c281785391,did:example:employer1,professional,EmployeeID,10,1.72,19/02/2024,11/12/2026,active,eth-registry:471de424,True
did:example:951bed30352d74db,did:example:gov_issuer,government,ProofOfResidence,16,2.46,19/08/2024,17/09/2025,revoked,eth-registry:f6d19a1f,False
did:example:e7f165491561fad9,did:example:university1,academic,StudentID,14,2.19,10/07/2024,22/12/2025,active,eth-registry:b0f5bb2a,True
did:example:d6782e31ba6de0a7,did:example:gov_issuer,government,ProofOfResidence,14,2.56,30/07/2024,26/03/2026,active,eth-registry:8441ea39,True
did:example:69898cc5008bb291,did:example:employer1,professional,EmployeeID,10,1.88,06/11/2025,30/07/2027,active,eth-registry:bffde62e,True
did:example:f9478e3260120fe5,did:example:gov_issuer,government,ProofOfResidence,18,2.66,17/05/2025,20/09/2027,revoked,eth-registry:245503df,True
did:example:68a40c0101d9dfd4,did:example:employer1,professional,EmployeeID,13,1.78,17/09/2024,19/04/2027,active,eth-registry:d001a06d,True
did:example:fdf7333a9ce3a88d,did:example:gov_issuer,government,ProofOfResidence,15,2.57,18/03/2025,25/04/2026,revoked,eth-registry:a0e3907d,True
did:example:aa0382394e3bd1cd,did:example:university1,academic,StudentID,15,2.08,26/04/2024,01/11/2025,revoked,eth-registry:3bac0803,False
did:example:a2f187ee8c065b52,did:example:university1,academic,StudentID,12,2.16,13/05/2024,31/12/2026,revoked,eth-registry:7897920d,True
did:example:4071327dc1a245e4,did:example:gov_issuer,government,ProofOfAge,18,2.49,12/03/2024,16/03/2026,active,eth-registry:4f14eb53,True
did:example:cee5583725311d32,did:example:university1,academic,StudentID,12,2.21,07/11/2024,21/06/2026,active,eth-registry:0fcd1012,True
did:example:af3954dfac573bae,did:example:employer1,professional,EmployeeID,13,1.6,28/03/2025,15/02/2027,revoked,eth-registry:18cf9c08,True
did:example:1c418b31491cfddb,did:example:gov_issuer,government,ProofOfAge,14,2.39,06/01/2025,24/03/2027,revoked,eth-registry:fa04575d,True
did:example:2706d8dc1b59b5fe,did:example:gov_issuer,government,ProofOfAge,14,2.42,11/02/2025,22/04/2027,active,eth-registry:a8907483,False
did:example:40cfc5a47c703faa,did:example:university1,academic,StudentID,13,2.28,29/04/2024,26/12/2026,active,eth-registry:d199ec15,True
did:example:515396919a1f9aae,did:example:employer1,professional,EmployeeID,10,1.8,18/04/2025,09/04/2028,active,eth-registry:6981b07c,False
did:example:296c391bca8a8322,did:example:employer1,professional,EmployeeID,12,1.75,08/02/2025,21/09/2027,active,eth-registry:8a78b1b4,False
did:example:29acea214a330c92,did:example:employer1,professional,EmployeeID,11,1.76,01/12/2025,14/02/2027,active,eth-registry:22d89479,False
did:example:20d67f951e03131b,did:example:employer1,professional,EmployeeID,10,1.78,29/06/2024,03/05/2026,active,eth-registry:afdcdfb9,False
did:example:aa91a0f019955c40,did:example:gov_issuer,government,ProofOfAge,18,2.65,13/02/2024,01/02/2026,revoked,eth-registry:31b53588,False
did:example:9ace53c2c58e93d1,did:example:employer1,professional,EmployeeID,14,1.98,28/11/2024,03/03/2027,revoked,eth-registry:efb06893,True
did:example:53ef3fa25ab835ee,did:example:employer1,professional,EmployeeID,14,1.94,24/05/2024,25/04/2027,active,eth-registry:0e60bbdc,True
did:example:39101ae7d4eb62d3,did:example:employer1,professional,EmployeeID,10,1.94,07/05/2024,29/03/2026,active,eth-registry:08cb938d,False
did:example:5c1247b6e9ec8f59,did:example:gov_issuer,government,ProofOfResidence,15,2.38,19/06/2024,28/02/2026,revoked,eth-registry:064c3150,False
did:example:94c74945156d362f,did:example:employer1,professional,EmployeeID,11,1.71,12/05/2025,28/02/2028,active,eth-registry:19cf1da5,False
did:example:786e7cde47f69718,did:example:university1,academic,StudentID,13,2.14,08/11/2024,03/05/2027,revoked,eth-registry:bbfd87b5,True
did:example:f42c3cb81914b9e2,did:example:university1,academic,StudentID,13,2.16,01/10/2025,01/09/2027,active,eth-registry:255e42b6,True
did:example:10a7533bdd196a7e,did:example:employer1,professional,EmployeeID,12,1.68,29/03/2024,06/02/2027,revoked,eth-registry:86b25f17,False
did:example:41ce7999acc207d1,did:example:employer1,professional,EmployeeID,12,1.9,12/11/2025,21/06/2027,active,eth-registry:5756f9cf,False
did:example:63a713f69cc84fbf,did:example:university1,academic,StudentID,13,1.98,26/10/2024,19/04/2026,active,eth-registry:f8b5ba6b,True
did:example:3a32d3e755252f89,did:example:employer1,professional,EmployeeID,14,1.71,25/01/2025,09/02/2026,active,eth-registry:4a1632f6,True
did:example:1e5831e3729ee2fe,did:example:gov_issuer,government,ProofOfAge,18,2.42,19/08/2025,17/10/2026,revoked,eth-registry:99de32b0,False
did:example:b191053de855e4c7,did:example:university1,academic,StudentID,13,2.24,25/12/2024,17/09/2027,active,eth-registry:2a85996c,False
did:example:3810d0a117f8b8e7,did:example:university1,academic,StudentID,12,2.19,29/04/2024,23/06/2025,revoked,eth-registry:e995b291,True
did:example:5bc3fd5999da83a6,did:example:university1,academic,StudentID,14,2.11,24/06/2024,04/01/2027,active,eth-registry:46cb13b1,False
did:example:419b77b553681e52,did:example:employer1,professional,EmployeeID,11,1.93,01/11/2025,24/12/2026,active,eth-registry:9706861e,True
did:example:92f13a3ad2e9633b,did:example:university1,academic,StudentID,15,2.23,21/02/2024,07/08/2025,active,eth-registry:0572a349,True
did:example:11ae9a9dfbf036d0,did:example:employer1,professional,EmployeeID,12,1.76,28/10/2025,11/07/2027,revoked,eth-registry:17a46877,True
did:example:a9dde59b9e3a7665,did:example:university1,academic,StudentID,12,2.21,08/05/2025,11/10/2026,revoked,eth-registry:1322d1c3,True
did:example:e6972dc6ac25860f,did:example:employer1,professional,EmployeeID,10,1.68,09/01/2025,11/04/2026,active,eth-registry:25e1fd88,True
did:example:35b1f87ad051386e,did:example:employer1,professional,EmployeeID,10,1.8,19/08/2024,11/08/2027,revoked,eth-registry:d20dacee,True
did:example:a5da5c8def6dabb2,did:example:employer1,professional,EmployeeID,11,1.65,20/09/2025,13/07/2027,revoked,eth-registry:cb577575,False
did:example:0459e78225215434,did:example:gov_issuer,government,ProofOfResidence,15,2.47,24/01/2024,28/11/2025,active,eth-registry:7fd17970,True
did:example:91f2ac2c8b4616ea,did:example:university1,academic,StudentID,15,2.11,04/06/2025,07/12/2027,active,eth-registry:50824eaa,False
did:example:702b88fde74de628,did:example:gov_issuer,government,ProofOfResidence,18,2.33,02/06/2024,01/04/2027,revoked,eth-registry:158f66c8,True
did:example:5857d13aa5519976,did:example:employer1,professional,EmployeeID,10,1.79,17/09/2024,23/04/2026,revoked,eth-registry:fd6a1564,False
did:example:6ddcb81714a22390,did:example:employer1,professional,EmployeeID,14,1.86,16/02/2024,12/01/2026,active,eth-registry:cdfcc478,False
did:example:f2b45c779abd0ff5,did:example:employer1,professional,EmployeeID,12,1.85,14/02/2025,30/01/2027,revoked,eth-registry:b58500c6,False
did:example:64aaabdcdb8577f3,did:example:employer1,professional,EmployeeID,11,1.62,17/04/2024,24/10/2025,active,eth-registry:2a0f8324,True
did:example:1a8e0725e481037b,did:example:employer1,professional,EmployeeID,12,1.64,26/03/2024,27/06/2025,active,eth-registry:79238020,True
did:example:a32d0fc2ec86b1f9,did:example:employer1,professional,EmployeeID,12,1.74,28/08/2024,02/07/2027,revoked,eth-registry:326a9b9b,True
did:example:13bdbb66ee4fa62c,did:example:university1,academic,StudentID,12,2.24,28/12/2024,22/05/2027,revoked,eth-registry:f506ff98,False
did:example:fce34a5aeb4878fa,did:example:university1,academic,StudentID,15,2.25,21/11/2025,31/03/2028,revoked,eth-registry:044afd19,False
did:example:67e68463766e1071,did:example:employer1,professional,EmployeeID,10,1.72,29/08/2025,18/04/2027,active,eth-registry:fdf61cdf,False
did:example:48aff984072b91cb,did:example:gov_issuer,government,ProofOfAge,14,2.59,19/10/2024,13/02/2027,active,eth-registry:224c6950,False
did:example:01eb85695fb4ec4a,did:example:employer1,professional,EmployeeID,11,1.83,03/03/2025,09/06/2026,active,eth-registry:bc5bd772,True
did:example:a678f643460bfa4c,did:example:employer1,professional,EmployeeID,10,1.99,16/07/2025,10/10/2026,revoked,eth-registry:7dd26ad4,True
did:example:27c4304959750190,did:example:gov_issuer,government,ProofOfResidence,14,2.34,06/10/2024,03/09/2027,revoked,eth-registry:34973d8e,True
did:example:d5cddb4c746170e8,did:example:employer1,professional,EmployeeID,11,1.82,15/07/2025,29/12/2026,active,eth-registry:f578258f,True
did:example:eb08eb579ac87b03,did:example:gov_issuer,government,ProofOfResidence,15,2.54,30/04/2025,13/11/2027,active,eth-registry:25a0365f,False
did:example:c48c632b57f8fdb5,did:example:university1,academic,StudentID,12,2.02,28/05/2025,17/12/2026,revoked,eth-registry:e77f2b8a,False
did:example:2571515d4e003c02,did:example:university1,academic,StudentID,15,1.92,15/12/2025,04/04/2028,revoked,eth-registry:80c56e0b,False
did:example:a8473d6dcf09200e,did:example:university1,academic,StudentID,15,1.92,02/10/2024,23/12/2026,revoked,eth-registry:52f7034c,True
did:example:63be6525e41cb45d,did:example:employer1,professional,EmployeeID,13,1.78,19/02/2024,31/07/2026,revoked,eth-registry:57294f36,True
did:example:2f7e38b7ba4e94f8,did:example:employer1,professional,EmployeeID,12,1.88,27/01/2025,25/12/2027,active,eth-registry:47043b21,True
did:example:7b41743801d606ee,did:example:employer1,professional,EmployeeID,14,1.88,29/08/2024,06/07/2026,revoked,eth-registry:88eea6e8,False
did:example:7e051f41005665ba,did:example:gov_issuer,government,ProofOfAge,15,2.37,13/02/2024,06/11/2026,active,eth-registry:8a41f449,True
did:example:ac4d8a08c7c1d427,did:example:university1,academic,StudentID,13,2.24,23/04/2024,27/11/2025,revoked,eth-registry:e5d0f9e5,True
did:example:758147e84045b879,did:example:employer1,professional,EmployeeID,10,1.75,25/01/2025,30/12/2027,active,eth-registry:3dd0d528,False
did:example:68239955d3eff04d,did:example:university1,academic,StudentID,14,2.29,30/11/2025,30/11/2027,active,eth-registry:9cdae955,True
did:example:cf72bd7d70f34ca3,did:example:employer1,professional,EmployeeID,10,1.65,04/09/2024,14/05/2027,revoked,eth-registry:9f447110,False
did:example:f2b32899ba89c191,did:example:university1,academic,StudentID,14,2.23,03/02/2025,29/09/2027,active,eth-registry:05c4c63e,False
did:example:1f2a25e165860e84,did:example:employer1,professional,EmployeeID,13,1.96,09/05/2024,15/08/2026,revoked,eth-registry:254673d1,False
did:example:9dc411a232a27caf,did:example:employer1,professional,EmployeeID,11,1.93,04/04/2024,09/03/2027,active,eth-registry:2cf8a6c6,False
did:example:56a30aecac0f950e,did:example:university1,academic,StudentID,14,2.22,25/07/2025,30/11/2027,active,eth-registry:644d06ac,False
did:example:773292ddf4b360dc,did:example:employer1,professional,EmployeeID,11,1.74,23/03/2025,08/06/2027,revoked,eth-registry:e6994b2d,False
did:example:22f0f1dce0b2cd7e,did:example:employer1,professional,EmployeeID,11,1.89,18/05/2024,19/11/2025,revoked,eth-registry:a13238fe,True
did:example:83990092c5159883,did:example:university1,academic,StudentID,14,2.13,31/12/2024,02/10/2026,active,eth-registry:3789b837,True
did:example:460f61ddfd90606a,did:example:university1,academic,StudentID,12,2.07,28/02/2025,04/03/2026,revoked,eth-registry:b49ee44e,False
did:example:9b735bdffba4d78c,did:example:university1,academic,StudentID,15,2.3,13/02/2024,22/07/2026,active,eth-registry:22850207,True
did:example:2e39b0fb0355b506,did:example:employer1,professional,EmployeeID,11,1.72,07/08/2024,24/10/2026,revoked,eth-registry:2d0a7c3c,True
did:example:eedbe658ceb11818,did:example:gov_issuer,government,ProofOfAge,16,2.47,23/09/2025,14/02/2028,active,eth-registry:5e28043f,True
did:example:d820a6a8cef8e176,did:example:employer1,professional,EmployeeID,14,1.96,22/09/2024,25/12/2026,revoked,eth-registry:09b38869,False
did:example:0e5721c3ce6ecc5e,did:example:gov_issuer,government,ProofOfAge,15,2.42,02/06/2025,29/11/2026,revoked,eth-registry:2321966c,False
did:example:75729bcc71d39810,did:example:employer1,professional,EmployeeID,12,1.66,18/03/2025,17/03/2028,active,eth-registry:d112413c,True
did:example:8b8f19f974d0d994,did:example:employer1,professional,EmployeeID,14,1.72,04/01/2024,17/11/2025,active,eth-registry:78867941,True
did:example:2b7a22848a6d8e78,did:example:university1,academic,StudentID,13,2.2,23/11/2025,17/04/2028,active,eth-registry:1cb718f8,True
did:example:22aaae4fb9a1b4d6,did:example:employer1,professional,EmployeeID,10,1.94,02/12/2025,09/03/2027,revoked,eth-registry:ad8217a2,False
did:example:f59d26f4050691fa,did:example:employer1,professional,EmployeeID,11,1.65,03/05/2025,13/07/2027,revoked,eth-registry:0f4fbdd9,True
did:example:3c768de45d76a77a,did:example:university1,academic,StudentID,15,2.15,26/04/2024,14/02/2026,revoked,eth-registry:b21d838e,True
did:example:56a470512a0a5751,did:example:employer1,professional,EmployeeID,13,1.83,09/09/2025,18/07/2028,revoked,eth-registry:2351eb3f,True
did:example:252bf020388eace7,did:example:gov_issuer,government,ProofOfResidence,18,2.57,01/01/2024,11/07/2026,active,eth-registry:51846459,True
did:example:71e82b435f2781f2,did:example:gov_issuer,government,ProofOfResidence,15,2.57,07/01/2025,21/11/2027,revoked,eth-registry:627345bb,False
did:example:05ff604e6cb013ce,did:example:university1,academic,StudentID,15,2.28,08/11/2024,25/06/2026,active,eth-registry:9136cef0,True
did:example:16ce2439b051c5a7,did:example:university1,academic,StudentID,13,2.04,24/05/2025,18/09/2027,revoked,eth-registry:b687ea8e,False
did:example:faba2cadaf222006,did:example:employer1,professional,EmployeeID,13,1.72,12/04/2024,18/07/2026,active,eth-registry:cba73998,True
did:example:29f3ba439b29b654,did:example:employer1,professional,EmployeeID,14,1.83,01/10/2025,02/04/2027,revoked,eth-registry:06863e1b,False
did:example:cfb3d608eb3273fc,did:example:university1,academic,StudentID,12,2.07,20/02/2025,17/10/2026,revoked,eth-registry:3528522d,True
did:example:ab7933dd4d6cc169,did:example:university1,academic,StudentID,15,2.09,09/07/2024,14/11/2026,active,eth-registry:84cabe72,True
did:example:a66375b604ab7ce7,did:example:university1,academic,StudentID,14,1.93,15/08/2024,30/11/2025,active,eth-registry:b8a1fab4,False
did:example:7d90fa35d8da4426,did:example:gov_issuer,government,ProofOfAge,17,2.36,16/05/2025,04/03/2027,revoked,eth-registry:4ccb7c50,False
did:example:11915b49dd9407ed,did:example:employer1,professional,EmployeeID,13,1.97,15/05/2024,07/11/2026,revoked,eth-registry:9e353f11,True
did:example:1aaebec76df6def0,did:example:employer1,professional,EmployeeID,10,1.63,04/08/2024,10/04/2027,active,eth-registry:472eac14,False
did:example:aae2c691cd1f7f6e,did:example:gov_issuer,government,ProofOfResidence,17,2.54,21/12/2025,24/02/2028,active,eth-registry:ebb80fd4,False
did:example:76eae80da1879e29,did:example:university1,academic,StudentID,12,2.2,05/10/2025,06/02/2028,revoked,eth-registry:4796bcbf,False
did:example:c0cbf362885f0060,did:example:employer1,professional,EmployeeID,11,1.6,31/08/2024,26/04/2027,active,eth-registry:3fc1bba0,False
did:example:5a79f4a3dcec77de,did:example:gov_issuer,government,ProofOfAge,14,2.39,10/02/2025,28/07/2026,revoked,eth-registry:e171d38e,False
did:example:4aef86192ac8271b,did:example:gov_issuer,government,ProofOfAge,14,2.45,30/10/2024,10/03/2027,revoked,eth-registry:283dfcdf,False
did:example:824875751138894e,did:example:gov_issuer,government,ProofOfAge,18,2.5,26/05/2024,14/11/2026,active,eth-registry:08f63bb3,False
did:example:12064ce76a445502,did:example:gov_issuer,government,ProofOfAge,15,2.44,03/08/2024,23/03/2027,revoked,eth-registry:b19dbf66,False
did:example:97d576fa5092dd89,did:example:university1,academic,StudentID,13,2.16,20/03/2024,07/06/2026,active,eth-registry:b88f118d,True
did:example:c97a5117b5730850,did:example:gov_issuer,government,ProofOfAge,16,2.39,03/09/2025,25/12/2026,revoked,eth-registry:27e2d76a,False
did:example:78316071a129abd9,did:example:university1,academic,StudentID,14,1.91,28/06/2024,03/08/2025,active,eth-registry:8a0f480e,True
did:example:e4f47fdb76e373c8,did:example:employer1,professional,EmployeeID,12,1.6,23/05/2024,15/08/2026,active,eth-registry:1ef786cb,False
did:example:4bbf8a9cd38eeb30,did:example:employer1,professional,EmployeeID,12,1.74,11/04/2025,30/10/2026,revoked,eth-registry:a3d35161,False
did:example:1c71aa85a4d869c2,did:example:employer1,professional,EmployeeID,14,1.74,03/04/2024,27/12/2025,active,eth-registry:c61e15ab,False
did:example:f896c5d609f77c77,did:example:university1,academic,StudentID,13,2.28,30/11/2025,02/11/2027,revoked,eth-registry:19e14b26,True
did:example:42f091f5e112c768,did:example:university1,academic,StudentID,15,1.92,06/10/2025,03/04/2028,active,eth-registry:a88514d0,True
did:example:14befc4cae2f5365,did:example:employer1,professional,EmployeeID,14,1.81,28/10/2024,14/07/2026,active,eth-registry:4f280bba,True
did:example:e21461c178134c40,did:example:employer1,professional,EmployeeID,13,1.83,14/05/2024,12/07/2026,active,eth-registry:c5c81577,False
did:example:ea15275d2c3e7813,did:example:university1,academic,StudentID,12,2.18,12/04/2024,10/04/2026,revoked,eth-registry:f0f8bf6c,True
did:example:00f2d6236f72ba38,did:example:employer1,professional,EmployeeID,11,1.86,19/09/2025,28/10/2026,active,eth-registry:544bebea,False
did:example:9ebb27af0c157421,did:example:employer1,professional,EmployeeID,13,1.6,18/11/2024,07/04/2027,revoked,eth-registry:66e8e334,False
did:example:a07aaf875cff65b2,did:example:gov_issuer,government,ProofOfAge,16,2.55,26/02/2025,23/03/2027,revoked,eth-registry:3f2f699d,False
did:example:88735580e33a8b27,did:example:employer1,professional,EmployeeID,11,1.73,31/03/2024,08/09/2025,revoked,eth-registry:4eac0daa,True
did:example:645e6fb03c912741,did:example:university1,academic,StudentID,13,2.21,24/08/2025,19/02/2028,active,eth-registry:05b0c590,True
did:example:ca720b16fed3af5a,did:example:employer1,professional,EmployeeID,10,1.68,13/01/2025,26/03/2026,active,eth-registry:1f25f824,False
did:example:0404b8703e4cee72,did:example:employer1,professional,EmployeeID,11,1.89,21/02/2024,31/08/2025,active,eth-registry:fac8e3a6,True
did:example:aba97a50fc65f8f1,did:example:employer1,professional,EmployeeID,13,1.85,25/02/2024,17/08/2025,revoked,eth-registry:156b1125,False
did:example:d68ab6086a25e3ee,did:example:university1,academic,StudentID,12,2.16,05/12/2025,27/03/2028,active,eth-registry:4a5f407f,False
did:example:8234ba6b8b841875,did:example:university1,academic,StudentID,15,1.97,11/02/2024,03/02/2027,active,eth-registry:8675d05c,False
did:example:f6ac93875202e794,did:example:gov_issuer,government,ProofOfAge,15,2.57,07/08/2024,13/04/2027,active,eth-registry:8b6faf39,False
did:example:a3295b49fb7adca9,did:example:employer1,professional,EmployeeID,14,1.89,10/01/2024,20/04/2025,active,eth-registry:2ee460b9,False
did:example:1973821c5ffa545e,did:example:employer1,professional,EmployeeID,11,1.8,12/02/2024,30/03/2025,active,eth-registry:1fca190e,True
did:example:6d4fe7a5b5589be9,did:example:gov_issuer,government,ProofOfResidence,18,2.44,17/08/2025,15/03/2028,active,eth-registry:81a5ab02,False
did:example:5dfe92f1ed96d4e8,did:example:university1,academic,StudentID,14,1.97,13/07/2025,08/09/2027,revoked,eth-registry:a83bfb61,True
did:example:ed105b9daf15d171,did:example:employer1,professional,EmployeeID,14,1.72,29/08/2024,18/05/2026,active,eth-registry:ba4d95e2,False
did:example:b8df6c6955184698,did:example:university1,academic,StudentID,12,2.21,10/05/2024,17/02/2027,active,eth-registry:8116698a,False
did:example:68062462b8592257,did:example:employer1,professional,EmployeeID,13,1.76,30/06/2024,07/11/2025,active,eth-registry:6be7e1f7,True
did:example:0ff92ccf658fcc28,did:example:gov_issuer,government,ProofOfAge,15,2.58,13/09/2024,14/12/2025,revoked,eth-registry:4421de9f,True
did:example:cd73d21183db0cfb,did:example:employer1,professional,EmployeeID,11,1.9,21/07/2025,21/07/2027,active,eth-registry:280c843e,False
did:example:0e53e5967605b4c4,did:example:gov_issuer,government,ProofOfResidence,14,2.57,10/03/2025,22/09/2026,active,eth-registry:d3948fa9,True
did:example:2db8d7abbd88f254,did:example:employer1,professional,EmployeeID,14,1.87,20/11/2024,08/05/2026,revoked,eth-registry:b86833f3,False
did:example:5652a3df308ffc8e,did:example:gov_issuer,government,ProofOfResidence,17,2.54,20/02/2024,22/05/2026,active,eth-registry:7c633d66,True
did:example:19510e713359fe63,did:example:university1,academic,StudentID,15,2.11,25/03/2024,02/11/2025,revoked,eth-registry:321fff04,True
did:example:719593432089e221,did:example:university1,academic,StudentID,14,1.98,27/05/2024,28/07/2026,revoked,eth-registry:e25b202e,False
did:example:c8b80126c4009eb8,did:example:university1,academic,StudentID,12,2.24,04/06/2024,23/07/2026,active,eth-registry:0f358e87,True
did:example:1b1974f5cd110729,did:example:gov_issuer,government,ProofOfResidence,15,2.69,23/12/2024,25/07/2027,revoked,eth-registry:ea90b0c6,False
did:example:218b11ab64fbe1e1,did:example:university1,academic,StudentID,13,2.09,22/09/2025,04/09/2028,active,eth-registry:5bec7e79,False
did:example:42e6c657699ca212,did:example:university1,academic,StudentID,12,2.27,04/11/2024,06/02/2027,active,eth-registry:f9acd130,False
did:example:15235f8c12e7611b,did:example:employer1,professional,EmployeeID,14,2.0,28/08/2024,25/03/2026,active,eth-registry:25117431,False
did:example:d3a692468fbd6ebb,did:example:employer1,professional,EmployeeID,14,1.79,11/02/2025,07/04/2027,active,eth-registry:c828efed,False
did:example:aff906e11bc3a3da,did:example:employer1,professional,EmployeeID,12,1.89,25/02/2024,11/02/2026,active,eth-registry:478d819f,False
did:example:cc90794c812236bb,did:example:university1,academic,StudentID,14,2.16,16/06/2025,12/05/2027,active,eth-registry:c0d7f7a6,False
did:example:5330fbe35cd4bd25,did:example:gov_issuer,government,ProofOfAge,17,2.39,10/02/2024,19/10/2025,active,eth-registry:9d9fa69e,True
did:example:6ec1890abf398e7b,did:example:employer1,professional,EmployeeID,13,1.62,15/09/2024,11/11/2025,active,eth-registry:41e43d06,False
did:example:ec3f376c915dd93c,did:example:university1,academic,StudentID,12,2.08,27/11/2025,26/05/2027,active,eth-registry:6d8233d1,True
did:example:d1965cbb94c7d517,did:example:employer1,professional,EmployeeID,12,1.91,22/10/2024,28/12/2026,active,eth-registry:6e3052b7,True
did:example:68f6d3ec2c4467a9,did:example:gov_issuer,government,ProofOfResidence,17,2.43,30/06/2025,20/08/2026,active,eth-registry:17ee99d8,True
did:example:e4b3601226e9a8bf,did:example:university1,academic,StudentID,15,2.21,18/07/2024,09/11/2025,revoked,eth-registry:aa771fcc,True
did:example:97fea58d035c3259,did:example:gov_issuer,government,ProofOfAge,16,2.56,14/09/2025,04/11/2027,active,eth-registry:bfab7a7b,False
did:example:49226a38b9fcc45e,did:example:employer1,professional,EmployeeID,14,1.88,05/09/2024,02/09/2027,revoked,eth-registry:aa968380,True
did:example:6dc84e0b27902412,did:example:university1,academic,StudentID,14,2.01,15/06/2024,15/10/2025,revoked,eth-registry:73cd0613,True
did:example:f1499fc2b5c6accc,did:example:university1,academic,StudentID,13,2.09,07/02/2024,04/04/2025,active,eth-registry:0c1e4e29,True
did:example:aa7f869a5c90ae1d,did:example:gov_issuer,government,ProofOfAge,16,2.37,12/08/2024,24/04/2026,active,eth-registry:bf50044c,False
did:example:b2b1a601c5c457d6,did:example:university1,academic,StudentID,14,2.0,28/02/2025,24/04/2026,active,eth-registry:a4a47e83,True
did:example:6a55dce6d6bff293,did:example:employer1,professional,EmployeeID,14,1.64,16/02/2024,02/12/2026,active,eth-registry:ed266e70,False
did:example:3a38cc0a6e0c6a4b,did:example:university1,academic,StudentID,12,1.95,06/05/2024,02/12/2026,active,eth-registry:8b087353,False
did:example:4d645724c456600d,did:example:university1,academic,StudentID,13,1.98,10/09/2024,04/12/2025,revoked,eth-registry:810c9b22,False
did:example:607d3aba21f7c06a,did:example:employer1,professional,EmployeeID,13,1.83,07/06/2025,19/08/2026,active,eth-registry:5a97db57,True
did:example:57823e1e6ea6d9f4,did:example:gov_issuer,government,ProofOfResidence,17,2.48,12/03/2025,11/04/2027,revoked,eth-registry:7ceaa06b,False
did:example:8ab2512bf74c9da0,did:example:employer1,professional,EmployeeID,11,1.71,31/01/2024,22/11/2025,active,eth-registry:5c120e7e,True
did:example:e061488f205d00b8,did:example:university1,academic,StudentID,14,2.24,27/01/2024,16/06/2026,revoked,eth-registry:54436280,False
did:example:ae39a0ddb2eab2d8,did:example:employer1,professional,EmployeeID,10,1.81,13/02/2024,22/12/2026,revoked,eth-registry:7111c86d,False
did:example:c7c7e912d5e18aa5,did:example:university1,academic,StudentID,13,2.27,29/08/2024,30/04/2026,revoked,eth-registry:1aa5c925,False
did:example:c150107d031e1647,did:example:employer1,professional,EmployeeID,14,1.85,27/07/2024,22/02/2027,active,eth-registry:ba31de94,False
did:example:d1fcf1b61e01c78b,did:example:employer1,professional,EmployeeID,12,1.61,26/03/2024,24/11/2025,active,eth-registry:6320c30a,True
did:example:9a99d7697ac5252c,did:example:gov_issuer,government,ProofOfAge,18,2.67,16/11/2024,05/05/2026,revoked,eth-registry:93d9165c,False
did:example:b4149dcab75fa796,did:example:university1,academic,StudentID,12,2.24,08/03/2025,15/02/2028,revoked,eth-registry:24125052,True
did:example:9ed51764043a2849,did:example:university1,academic,StudentID,13,2.15,22/05/2025,21/11/2026,active,eth-registry:f027b9b7,True
did:example:235c185f2b231bd1,did:example:employer1,professional,EmployeeID,14,1.81,28/12/2025,11/04/2027,active,eth-registry:f9ef14cb,False
did:example:3971cf7d6f837bec,did:example:employer1,professional,EmployeeID,14,1.78,20/05/2025,26/07/2027,revoked,eth-registry:027c5c9f,False
did:example:ba7c685d5afc358c,did:example:gov_issuer,government,ProofOfResidence,18,2.49,21/12/2025,29/02/2028,active,eth-registry:5f38aaef,False
did:example:bc49c0064df7400a,did:example:employer1,professional,EmployeeID,11,1.91,12/12/2025,02/12/2027,revoked,eth-registry:7855a7c0,False
did:example:abcb6a0d1219cd8c,did:example:gov_issuer,government,ProofOfAge,18,2.51,11/09/2025,13/11/2026,revoked,eth-registry:9518093f,False
did:example:7e5be6a42cdd680f,did:example:employer1,professional,EmployeeID,12,1.67,14/09/2024,08/12/2025,revoked,eth-registry:dc5eb040,False
did:example:c7fbe0cb053c7909,did:example:university1,academic,StudentID,15,1.92,01/02/2024,07/08/2026,active,eth-registry:a9463af2,False
did:example:876944509a99b790,did:example:employer1,professional,EmployeeID,14,1.65,13/02/2024,07/06/2025,revoked,eth-registry:7f0756fa,True
did:example:a195048e42a6f4cb,did:example:university1,academic,StudentID,13,2.0,28/09/2025,17/04/2027,active,eth-registry:cd0e067b,True
did:example:12af0e0de188206e,did:example:university1,academic,StudentID,13,2.05,21/09/2025,29/04/2028,revoked,eth-registry:2081ad71,True
did:example:9e5d49a97265d4b0,did:example:gov_issuer,government,ProofOfResidence,18,2.66,14/08/2024,18/04/2026,active,eth-registry:5882337d,True
did:example:70b68133f9ec36f9,did:example:gov_issuer,government,ProofOfResidence,16,2.4,18/06/2025,25/02/2027,revoked,eth-registry:ae94f7a3,False
did:example:c6aea3438acaf38e,did:example:university1,academic,StudentID,13,2.03,28/11/2024,28/09/2027,active,eth-registry:42e893c9,False
did:example:a65e9fc5aeb28ca7,did:example:gov_issuer,government,ProofOfResidence,17,2.39,19/02/2024,25/09/2026,active,eth-registry:406a48f3,False
did:example:c90aee41d170a53a,did:example:university1,academic,StudentID,15,2.12,23/04/2025,22/09/2027,active,eth-registry:7438da88,True
did:example:cc94f3a886d08ab4,did:example:university1,academic,StudentID,12,2.15,01/03/2024,17/07/2025,active,eth-registry:4dd5db93,False
did:example:68e1bbf77e1d8069,did:example:university1,academic,StudentID,15,2.11,05/04/2024,29/10/2025,active,eth-registry:61a280c6,False
did:example:ee4cfdfbbf369750,did:example:gov_issuer,government,ProofOfResidence,16,2.68,14/12/2024,25/02/2027,active,eth-registry:6c5b5326,True
did:example:5f57b91c28782732,did:example:employer1,professional,EmployeeID,10,2.0,21/02/2024,26/10/2026,active,eth-registry:3832d1ff,True
did:example:de5ef0087ac1691e,did:example:university1,academic,StudentID,13,2.23,06/09/2024,10/09/2026,revoked,eth-registry:c3bf8de5,False
did:example:ec602767f142f078,did:example:university1,academic,StudentID,13,2.22,04/07/2025,29/12/2027,active,eth-registry:4f43c26a,True
did:example:677ccede5b56e96a,did:example:university1,academic,StudentID,14,2.05,11/03/2025,04/11/2026,revoked,eth-registry:28189bfc,False
did:example:303f727ae95bdebd,did:example:university1,academic,StudentID,14,2.13,10/02/2024,03/11/2025,revoked,eth-registry:fe2a42ba,False
did:example:73b1864e34a7dc7f,did:example:gov_issuer,government,ProofOfResidence,14,2.44,09/06/2024,27/08/2026,revoked,eth-registry:1674e9c7,True
did:example:76dd46f2473e3f2d,did:example:employer1,professional,EmployeeID,12,1.91,27/12/2025,14/02/2028,active,eth-registry:b3455c18,True
did:example:2d3172b49028e24a,did:example:university1,academic,StudentID,12,1.97,02/12/2025,03/03/2027,active,eth-registry:9c4d8f7b,False
did:example:78fab850550221b2,did:example:employer1,professional,EmployeeID,11,1.69,02/11/2025,13/08/2027,revoked,eth-registry:fcf52426,True
did:example:c0f71c7bbdfc9bb9,did:example:university1,academic,StudentID,14,1.92,09/01/2025,27/09/2027,revoked,eth-registry:566695e2,False
did:example:3bdda0955157a52b,did:example:employer1,professional,EmployeeID,14,1.84,10/11/2024,04/12/2026,active,eth-registry:f4c26c2c,True
did:example:00b5459245cb4360,did:example:employer1,professional,EmployeeID,10,1.88,02/07/2025,27/12/2027,revoked,eth-registry:8d2e7421,True
did:example:fce95bed9a63a381,did:example:employer1,professional,EmployeeID,13,1.6,30/11/2025,26/07/2028,revoked,eth-registry:d2fd5f8c,False
did:example:fc38927a12db62e5,did:example:gov_issuer,government,ProofOfAge,16,2.5,01/04/2024,27/10/2025,revoked,eth-registry:6f200a6e,False
did:example:7c04e8dd3c47d9f0,did:example:university1,academic,StudentID,13,2.05,16/10/2025,05/04/2027,active,eth-registry:e795ecb7,True
did:example:d2f28897213c0972,did:example:university1,academic,StudentID,14,2.22,26/03/2025,24/05/2027,revoked,eth-registry:b87b87b7,True
did:example:8570a04aab82181f,did:example:gov_issuer,government,ProofOfAge,15,2.32,13/04/2024,29/03/2026,active,eth-registry:bdcd10a6,True
did:example:5b4057ed93788e1b,did:example:employer1,professional,EmployeeID,13,1.62,24/09/2025,14/07/2028,revoked,eth-registry:bcf34ad1,True
did:example:d757339c64df7690,did:example:gov_issuer,government,ProofOfAge,16,2.55,24/01/2024,05/06/2025,active,eth-registry:15c76de3,True
did:example:64efbc524ecd3442,did:example:employer1,professional,EmployeeID,10,1.84,17/01/2024,20/11/2025,revoked,eth-registry:cbacd225,True
did:example:e90b089108e43ee7,did:example:employer1,professional,EmployeeID,13,1.93,25/09/2024,30/10/2025,revoked,eth-registry:44fdc7f4,False
did:example:5deffd9357f68320,did:example:employer1,professional,EmployeeID,14,1.84,29/01/2025,21/10/2026,active,eth-registry:bee946d0,False
did:example:1da5201decba1217,did:example:gov_issuer,government,ProofOfResidence,16,2.68,08/11/2024,11/01/2027,active,eth-registry:3a872ce1,False
did:example:576af6548cd9f4e3,did:example:university1,academic,StudentID,14,2.03,29/06/2024,03/02/2027,revoked,eth-registry:794b9df9,False
did:example:aadd2733d1bb40e7,did:example:gov_issuer,government,ProofOfResidence,14,2.46,25/04/2025,02/01/2028,revoked,eth-registry:d28687cb,False
did:example:96e15feb3e1ef3fd,did:example:employer1,professional,EmployeeID,11,1.99,15/12/2024,15/12/2025,revoked,eth-registry:4f4b4c03,False
did:example:3c9c8a08e621f603,did:example:employer1,professional,EmployeeID,11,1.64,28/03/2024,25/12/2026,revoked,eth-registry:af4d6a91,False
did:example:1814723ef70d3a19,did:example:employer1,professional,EmployeeID,13,1.92,19/08/2025,02/01/2028,revoked,eth-registry:0011bf56,False
did:example:5984d85981f19e29,did:example:employer1,professional,EmployeeID,11,1.6,13/08/2024,07/01/2026,active,eth-registry:40765411,True
did:example:425f1306bcda2e89,did:example:university1,academic,StudentID,14,2.09,19/05/2025,23/10/2026,revoked,eth-registry:a4090a35,False
did:example:df3e47c2eab417a9,did:example:gov_issuer,government,ProofOfResidence,15,2.36,13/09/2024,03/04/2027,revoked,eth-registry:65492ce8,False
did:example:9c99f5284b61b3a4,did:example:employer1,professional,EmployeeID,13,1.84,05/07/2025,24/11/2027,active,eth-registry:61f13ee0,True
did:example:a1ffcd83960f26c5,did:example:employer1,professional,EmployeeID,11,1.92,25/07/2024,22/12/2025,revoked,eth-registry:f1bb914c,True
did:example:634bd9b69bde354c,did:example:university1,academic,StudentID,14,1.91,03/06/2024,19/04/2026,revoked,eth-registry:026b92dc,True
did:example:8c27bc4776445bb8,did:example:university1,academic,StudentID,12,1.97,24/02/2024,12/11/2026,revoked,eth-registry:e01a3500,False
did:example:c2358fd929dc7222,did:example:university1,academic,StudentID,14,2.04,31/08/2025,14/09/2026,revoked,eth-registry:9ef69322,False
did:example:8120ee3b63bda8f5,did:example:employer1,professional,EmployeeID,10,1.7,11/06/2025,19/06/2027,active,eth-registry:26eb96ba,True
did:example:08f15b26d395f239,did:example:employer1,professional,EmployeeID,14,1.75,24/03/2025,23/12/2027,revoked,eth-registry:e9793e6c,True
did:example:21eb47f6345a52b8,did:example:university1,academic,StudentID,15,2.28,20/03/2025,22/03/2026,active,eth-registry:5caf4e25,True
did:example:5a00a11bab52363d,did:example:university1,academic,StudentID,14,1.94,20/02/2024,25/03/2026,revoked,eth-registry:17465a29,False
did:example:416fbf7f2bc273d5,did:example:university1,academic,StudentID,15,2.07,28/10/2024,10/12/2026,active,eth-registry:4b393710,True
did:example:801446d9556ba7af,did:example:gov_issuer,government,ProofOfResidence,18,2.48,22/09/2025,09/05/2027,active,eth-registry:9f454b55,False
did:example:7b175b4284964833,did:example:gov_issuer,government,ProofOfAge,14,2.41,30/07/2024,28/08/2026,revoked,eth-registry:cd328a82,True
did:example:aa3de62cd9fcc93b,did:example:gov_issuer,government,ProofOfResidence,17,2.41,10/02/2024,08/07/2026,active,eth-registry:ecbe70c6,True
did:example:42cc5cf750dbde1c,did:example:gov_issuer,government,ProofOfResidence,15,2.59,05/09/2025,31/03/2027,revoked,eth-registry:0a144bea,True
did:example:cb7f1d7b9efc90ac,did:example:gov_issuer,government,ProofOfAge,18,2.55,22/01/2024,18/01/2026,revoked,eth-registry:c3226763,True
did:example:78337423478f0a0b,did:example:university1,academic,StudentID,15,2.23,18/05/2025,14/06/2027,active,eth-registry:e8a8e904,False
did:example:77f8910666adf7bc,did:example:employer1,professional,EmployeeID,14,1.76,01/09/2025,26/09/2026,revoked,eth-registry:1a273879,True
did:example:cae9814b0241eb89,did:example:employer1,professional,EmployeeID,12,1.84,28/06/2025,30/11/2026,revoked,eth-registry:d3feed02,False
did:example:db094b233c4d6f69,did:example:employer1,professional,EmployeeID,10,1.96,10/01/2024,29/04/2026,revoked,eth-registry:3cb4664f,False
did:example:8e14850c81ca46be,did:example:employer1,professional,EmployeeID,10,1.94,17/10/2025,09/10/2027,active,eth-registry:17e835b7,False
did:example:fd2c122da40a5e51,did:example:employer1,professional,EmployeeID,10,1.97,05/03/2024,11/02/2027,revoked,eth-registry:0794a086,False
did:example:ce9b7187cd9f8f65,did:example:employer1,professional,EmployeeID,14,1.71,14/09/2025,27/05/2028,revoked,eth-registry:5a8c0577,True
did:example:9df82db4b600e7e5,did:example:employer1,professional,EmployeeID,12,1.99,13/01/2024,23/06/2025,revoked,eth-registry:19daa95e,False
did:example:437a3fc63a8d6e7a,did:example:university1,academic,StudentID,13,2.23,24/12/2024,22/12/2027,revoked,eth-registry:0bf9acec,False
did:example:b3481b52bab290b6,did:example:university1,academic,StudentID,13,2.22,05/10/2025,26/06/2028,active,eth-registry:168a6a39,False
did:example:979c67d121e5f2b7,did:example:employer1,professional,EmployeeID,10,1.87,11/07/2024,14/05/2026,active,eth-registry:2759cf0f,False
did:example:e17514d1258fabf7,did:example:gov_issuer,government,ProofOfAge,16,2.69,02/02/2024,30/04/2026,active,eth-registry:bbeb7a1f,False
did:example:b7fa45861c77abf7,did:example:employer1,professional,EmployeeID,12,1.78,05/03/2024,25/09/2025,revoked,eth-registry:35127c72,True
did:example:a8cd9e62b506d153,did:example:employer1,professional,EmployeeID,13,1.9,29/09/2024,24/11/2025,active,eth-registry:36ec04ea,False
did:example:fbd9ff3e93e95660,did:example:gov_issuer,government,ProofOfResidence,14,2.58,20/09/2024,12/03/2026,revoked,eth-registry:fef34389,False
did:example:9eac39678354f07a,did:example:employer1,professional,EmployeeID,14,1.89,07/06/2024,22/11/2026,active,eth-registry:ddf7faec,True
did:example:ac5a2fccc65c624d,did:example:gov_issuer,government,ProofOfAge,14,2.6,30/11/2024,21/01/2027,active,eth-registry:cd79ca89,True
did:example:6b710c0090f51095,did:example:gov_issuer,government,ProofOfResidence,16,2.38,06/09/2024,25/07/2026,revoked,eth-registry:4531e5e8,True
did:example:2fec03149b238946,did:example:gov_issuer,government,ProofOfResidence,15,2.44,07/03/2025,21/02/2027,active,eth-registry:7bb87863,False
did:example:40e389c4ee65b1ec,did:example:employer1,professional,EmployeeID,13,1.76,31/07/2024,03/03/2027,active,eth-registry:4f8dbc69,True
did:example:83d53a219d7d1781,did:example:university1,academic,StudentID,14,2.2,17/08/2024,07/01/2027,active,eth-registry:ba5788d0,True
did:example:179c8dddfb56e015,did:example:employer1,professional,EmployeeID,10,1.89,11/10/2025,18/01/2028,active,eth-registry:23b293e0,False
did:example:76011477bf52a0c8,did:example:employer1,professional,EmployeeID,12,1.93,27/07/2025,28/07/2027,revoked,eth-registry:0333e922,True
did:example:e38ae3fb3d124bbb,did:example:employer1,professional,EmployeeID,12,1.92,15/07/2025,17/07/2026,revoked,eth-registry:9784c94b,False
did:example:3925a854f1802ab2,did:example:employer1,professional,EmployeeID,12,1.84,04/10/2024,04/06/2026,revoked,eth-registry:7a9e570b,False
did:example:fef284bc873654ab,did:example:employer1,professional,EmployeeID,10,1.66,08/10/2025,08/01/2027,revoked,eth-registry:ba1119e3,False
did:example:eba135510215abd3,did:example:university1,academic,StudentID,12,2.15,06/09/2024,25/03/2027,active,eth-registry:6b0bf462,True
did:example:459ca3e7eafa9eac,did:example:employer1,professional,EmployeeID,12,1.95,10/06/2025,22/02/2027,revoked,eth-registry:f2b14341,True
did:example:1e2c614fcd5ff7e1,did:example:university1,academic,StudentID,13,2.16,03/07/2025,29/12/2026,revoked,eth-registry:8d9271f5,True
did:example:cad89874de91297d,did:example:employer1,professional,EmployeeID,12,1.96,29/08/2024,16/08/2026,active,eth-registry:4cb0752c,True
did:example:f76205492f2cea62,did:example:university1,academic,StudentID,12,2.3,25/03/2025,10/03/2027,active,eth-registry:c08896f0,False
did:example:6ff5d1f222b9c53b,did:example:employer1,professional,EmployeeID,13,1.74,15/05/2024,27/03/2027,active,eth-registry:822ca3c7,True
did:example:65ccc0274ad91823,did:example:employer1,professional,EmployeeID,10,1.89,07/10/2024,14/02/2026,revoked,eth-registry:9e6ce9ed,False
did:example:1859310e4ff1076f,did:example:university1,academic,StudentID,14,2.12,22/01/2025,14/09/2027,active,eth-registry:f25eca28,False
did:example:6c34bbbe7290bc91,did:example:employer1,professional,EmployeeID,14,1.78,01/05/2025,05/10/2026,revoked,eth-registry:6643c930,True
did:example:35225138cb3cf356,did:example:university1,academic,StudentID,13,2.0,17/09/2024,25/04/2027,active,eth-registry:75051a4d,False
did:example:6072db9a504101a7,did:example:gov_issuer,government,ProofOfResidence,14,2.4,04/06/2025,02/07/2027,active,eth-registry:6eaa7828,True
did:example:13e8d2c1e46739ef,did:example:university1,academic,StudentID,12,1.97,15/04/2025,14/05/2027,revoked,eth-registry:7e2020a3,True
did:example:36386d49f8d18306,did:example:university1,academic,StudentID,13,2.15,23/09/2025,20/02/2028,active,eth-registry:7b4f3354,True
did:example:9938ee2b9a0d114e,did:example:gov_issuer,government,ProofOfResidence,14,2.36,29/01/2024,05/04/2025,revoked,eth-registry:f9e433b4,True
did:example:060162ed40576d2a,did:example:university1,academic,StudentID,15,2.07,10/01/2025,15/08/2027,revoked,eth-registry:6cd8d747,False
did:example:31547133a646f676,did:example:university1,academic,StudentID,15,2.11,05/06/2025,02/12/2027,active,eth-registry:bfd8beea,True
did:example:6e3e3228c6106a51,did:example:employer1,professional,EmployeeID,14,1.78,04/11/2024,29/03/2026,revoked,eth-registry:abe69970,True
did:example:dd7dafe9024a11fc,did:example:employer1,professional,EmployeeID,14,1.94,06/08/2024,08/10/2025,active,eth-registry:8b323234,False
did:example:b01bf93efe158738,did:example:employer1,professional,EmployeeID,12,1.78,01/03/2025,11/08/2027,active,eth-registry:8108d118,True
did:example:cebdb5a1f5d47402,did:example:university1,academic,StudentID,13,1.93,03/12/2024,07/02/2026,revoked,eth-registry:e6cf015a,True
did:example:f087ce29bddc8b89,did:example:employer1,professional,EmployeeID,12,2.0,10/11/2024,07/01/2027,revoked,eth-registry:291a026d,True
did:example:667a19c7b3415b82,did:example:university1,academic,StudentID,13,2.24,16/12/2025,20/06/2027,revoked,eth-registry:8520e8e4,False
did:example:bfab1c0b4148ba21,did:example:university1,academic,StudentID,15,2.16,05/11/2024,13/04/2027,revoked,eth-registry:8a5dfe71,False
did:example:dd516fe608e13dd7,did:example:university1,academic,StudentID,13,2.2,06/06/2024,11/04/2027,revoked,eth-registry:0c7aaded,True
did:example:515c4366c8fcc7bb,did:example:gov_issuer,government,ProofOfResidence,15,2.35,13/01/2024,19/09/2026,revoked,eth-registry:220c63b8,True
did:example:3ddf0e546672dfaa,did:example:university1,academic,StudentID,14,2.21,27/03/2024,26/09/2026,active,eth-registry:ea1eb147,False
did:example:afe4044955422db8,did:example:university1,academic,StudentID,13,1.98,27/01/2025,11/05/2027,revoked,eth-registry:3f6d6a85,True
did:example:8987fb22843dd33c,did:example:university1,academic,StudentID,13,2.1,02/06/2024,28/07/2025,revoked,eth-registry:bb1fe5a9,True
did:example:9a71c43d789ff3ba,did:example:university1,academic,StudentID,12,1.97,21/03/2024,13/02/2027,active,eth-registry:beffcdf6,False
did:example:62b8e1bc9bd95cbe,did:example:gov_issuer,government,ProofOfResidence,14,2.6,13/09/2024,16/07/2027,active,eth-registry:ddbf07a6,False
did:example:992bfa7d68f7eca5,did:example:university1,academic,StudentID,12,2.0,24/06/2024,08/08/2025,active,eth-registry:28345157,True
did:example:24affc4c4ded55a1,did:example:employer1,professional,EmployeeID,12,1.7,26/01/2025,21/08/2027,active,eth-registry:210c1e03,False
did:example:a19953ea718c3a89,did:example:gov_issuer,government,ProofOfResidence,18,2.34,11/02/2024,29/04/2025,active,eth-registry:5d8296ff,True
did:example:b8751036a7d88558,did:example:university1,academic,StudentID,13,2.19,17/12/2025,02/03/2028,revoked,eth-registry:13ed632d,True
did:example:add9a779abfbc2f9,did:example:university1,academic,StudentID,14,2.02,28/10/2025,28/04/2027,active,eth-registry:f1583d4c,False
did:example:df10cf2dd7e8f1d6,did:example:employer1,professional,EmployeeID,11,1.81,27/09/2025,28/12/2026,active,eth-registry:0a668319,True
did:example:7751808e48a5b02b,did:example:university1,academic,StudentID,13,2.03,05/05/2024,20/10/2025,active,eth-registry:bae601a3,False
did:example:47efdda3ad248263,did:example:university1,academic,StudentID,12,2.21,06/06/2025,26/01/2027,revoked,eth-registry:027e05b5,True
did:example:bb14a60a88c859df,did:example:university1,academic,StudentID,14,1.99,10/01/2024,21/09/2025,active,eth-registry:34a0fae0,False
did:example:feb491ed51aa250e,did:example:employer1,professional,EmployeeID,13,1.98,10/06/2025,15/01/2027,active,eth-registry:b625855f,False
did:example:438c6589037cfaa4,did:example:university1,academic,StudentID,13,2.03,06/08/2025,10/07/2027,revoked,eth-registry:536d8c27,True
did:example:dff0d62e80d381a2,did:example:employer1,professional,EmployeeID,12,1.64,26/07/2024,05/11/2026,revoked,eth-registry:74e975a6,True
did:example:34447d63243b8bba,did:example:university1,academic,StudentID,13,2.0,05/12/2024,09/11/2026,revoked,eth-registry:9f8bedd5,False
did:example:78d8238c13eb7ab4,did:example:gov_issuer,government,ProofOfAge,15,2.33,09/11/2025,12/01/2028,active,eth-registry:ab981c1d,False
did:example:d146c13d2bc14039,did:example:employer1,professional,EmployeeID,13,1.79,24/05/2024,01/03/2026,revoked,eth-registry:af26af8f,False
did:example:2e5389a1d762c080,did:example:employer1,professional,EmployeeID,12,1.7,29/01/2025,19/08/2026,active,eth-registry:1eb58f72,False
did:example:5353ab1f7f920dbc,did:example:university1,academic,StudentID,12,2.25,10/08/2024,26/11/2025,revoked,eth-registry:eb578d39,False
did:example:0fec30d677342886,did:example:gov_issuer,government,ProofOfResidence,16,2.51,28/04/2024,11/12/2025,revoked,eth-registry:817b3232,True
did:example:6b6f6910587287ff,did:example:employer1,professional,EmployeeID,11,1.69,13/05/2025,30/09/2026,active,eth-registry:b9bf6293,True
did:example:e1de2ed5b1b9bc33,did:example:employer1,professional,EmployeeID,13,1.78,25/11/2025,08/12/2027,revoked,eth-registry:9bba299f,False
did:example:600c5c8356a12d4e,did:example:employer1,professional,EmployeeID,11,1.68,17/02/2025,10/06/2027,active,eth-registry:f2ddf894,False
did:example:ab5bf77a03067d5f,did:example:gov_issuer,government,ProofOfResidence,18,2.37,05/01/2025,14/09/2027,revoked,eth-registry:2f502e52,True
did:example:e1c375a88c47dbb4,did:example:university1,academic,StudentID,14,2.02,25/01/2025,28/08/2026,active,eth-registry:7b0da5a3,True
did:example:aea42b2ef6d3fabd,did:example:gov_issuer,government,ProofOfResidence,14,2.34,23/04/2024,24/07/2025,revoked,eth-registry:20c68b21,True
did:example:abce52ad7c3677b2,did:example:gov_issuer,government,ProofOfAge,16,2.38,27/05/2024,13/01/2027,active,eth-registry:c976d649,False
did:example:b4dde31c6a941a22,did:example:gov_issuer,government,ProofOfAge,18,2.68,21/06/2025,03/12/2027,active,eth-registry:ccb98e14,False
did:example:453cc40bc0e9d894,did:example:gov_issuer,government,ProofOfResidence,15,2.57,04/03/2025,21/10/2026,revoked,eth-registry:13af6cd0,False
did:example:9e0b2c8e5e30ba6b,did:example:university1,academic,StudentID,14,2.27,19/06/2024,16/06/2027,active,eth-registry:b26aa25e,False
did:example:8249c8ae66311bdb,did:example:university1,academic,StudentID,15,2.0,15/01/2024,28/04/2026,active,eth-registry:8afdf77e,True
did:example:7f92cda8470345b0,did:example:university1,academic,StudentID,14,2.24,17/05/2024,16/11/2026,revoked,eth-registry:d61f9726,False
did:example:fe1af7853b7049b8,did:example:university1,academic,StudentID,12,2.04,04/01/2025,17/09/2026,revoked,eth-registry:a9ea4111,True
did:example:4eb2fa914ee727df,did:example:university1,academic,StudentID,13,1.96,14/07/2024,01/06/2026,revoked,eth-registry:6bb63695,True
did:example:0d906b5fc3b0c464,did:example:gov_issuer,government,ProofOfAge,15,2.62,18/06/2025,28/02/2027,revoked,eth-registry:ca143256,False
did:example:b9b807618916ba7c,did:example:gov_issuer,government,ProofOfAge,15,2.32,26/02/2025,14/08/2027,revoked,eth-registry:31e566ca,False
did:example:94909d367bc2609d,did:example:gov_issuer,government,ProofOfResidence,18,2.46,17/04/2024,03/12/2026,revoked,eth-registry:8aa1d96c,False
did:example:3979dffd04fa0500,did:example:employer1,professional,EmployeeID,10,1.93,01/08/2024,22/04/2027,revoked,eth-registry:a345d43f,False
did:example:5709bbe7f2bd1cee,did:example:university1,academic,StudentID,14,2.15,27/01/2024,25/09/2025,active,eth-registry:d2bb5c86,True
did:example:051099f56f7d8442,did:example:gov_issuer,government,ProofOfAge,18,2.51,30/01/2024,13/08/2026,active,eth-registry:cf6b977c,True
did:example:71c79e49f8055270,did:example:employer1,professional,EmployeeID,14,1.74,03/07/2025,14/11/2027,revoked,eth-registry:84e9a32d,True
did:example:f73525bac1b534f4,did:example:gov_issuer,government,ProofOfResidence,17,2.33,10/10/2024,19/10/2025,revoked,eth-registry:46d418ea,True
did:example:522aba7833791c03,did:example:employer1,professional,EmployeeID,14,2.0,06/10/2025,09/05/2028,revoked,eth-registry:ff7a7627,False
did:example:dc80bde5415adeed,did:example:employer1,professional,EmployeeID,12,1.67,20/06/2024,24/09/2025,revoked,eth-registry:2d9faaf9,False
did:example:641e224d429751b5,did:example:university1,academic,StudentID,14,2.0,23/08/2024,24/11/2025,active,eth-registry:117409e7,True
did:example:fb8d27d1dcb41161,did:example:university1,academic,StudentID,14,1.99,08/01/2025,27/03/2026,active,eth-registry:a75e2afb,False
did:example:68e5175b3d43ec8b,did:example:university1,academic,StudentID,12,2.26,24/07/2024,29/08/2026,active,eth-registry:8aa6c079,False
did:example:2f3d0bc7b7fae038,did:example:university1,academic,StudentID,12,2.21,01/12/2024,24/12/2025,revoked,eth-registry:215ff114,True
did:example:6569b1a80765bce0,did:example:gov_issuer,government,ProofOfAge,18,2.48,30/03/2024,02/04/2026,revoked,eth-registry:3acf75db,False
did:example:97cfeb8c8e0b6464,did:example:gov_issuer,government,ProofOfAge,14,2.68,27/02/2024,02/08/2026,revoked,eth-registry:38e86cc7,False
did:example:9c4a0a059ad96ff5,did:example:employer1,professional,EmployeeID,11,1.62,21/09/2025,17/10/2027,active,eth-registry:66674f22,False
did:example:72bf6d74b5ecee1a,did:example:employer1,professional,EmployeeID,13,1.96,28/06/2024,09/01/2026,active,eth-registry:fceced19,True
did:example:bcdc57eb1e2fcd11,did:example:employer1,professional,EmployeeID,12,1.62,15/03/2024,14/11/2025,active,eth-registry:78e262e5,False
did:example:79b20f018a9b0841,did:example:university1,academic,StudentID,14,2.06,24/07/2024,02/01/2027,active,eth-registry:8d0329ac,True
did:example:47ab8187a5354503,did:example:gov_issuer,government,ProofOfResidence,18,2.32,02/11/2024,08/07/2026,revoked,eth-registry:1be96c76,False
did:example:e3e9f61f82f90853,did:example:employer1,professional,EmployeeID,13,2.0,20/12/2024,20/04/2027,revoked,eth-registry:69bfb780,True
did:example:b3aa7cc3c49c964e,did:example:university1,academic,StudentID,15,2.27,13/07/2025,27/11/2027,revoked,eth-registry:1e81a2ab,True
did:example:07e16ff28d1d0bca,did:example:university1,academic,StudentID,14,2.13,24/08/2025,10/09/2027,revoked,eth-registry:7965b3ae,True
did:example:bd2175c2eb61f351,did:example:employer1,professional,EmployeeID,14,1.69,01/08/2024,29/04/2026,revoked,eth-registry:d4f226e6,False
did:example:9ab559955a599c37,did:example:gov_issuer,government,ProofOfAge,17,2.41,08/06/2024,21/07/2025,revoked,eth-registry:b2aa8bfb,True
did:example:fdaf1a42f5fdd553,did:example:gov_issuer,government,ProofOfResidence,16,2.48,31/03/2024,26/09/2026,revoked,eth-registry:541526fb,True
did:example:3e7366f45c0093ad,did:example:university1,academic,StudentID,15,2.03,25/04/2024,04/12/2025,revoked,eth-registry:f5f3b4f1,False
did:example:fb2b137c038040c9,did:example:university1,academic,StudentID,15,1.91,21/01/2024,18/12/2025,revoked,eth-registry:271f06ec,False
did:example:bec77f35699b758a,did:example:employer1,professional,EmployeeID,10,1.86,01/01/2024,19/01/2025,revoked,eth-registry:885f6dba,False
did:example:e75d7e617854c8e5,did:example:university1,academic,StudentID,15,2.15,01/11/2024,27/04/2027,active,eth-registry:774e7ddb,False
did:example:36021335fd1cd8e7,did:example:university1,academic,StudentID,14,2.26,19/03/2025,13/01/2028,revoked,eth-registry:9083c735,False
did:example:6f822b98cc14ed66,did:example:employer1,professional,EmployeeID,14,1.79,21/08/2025,24/05/2028,revoked,eth-registry:f5aa8adf,False
did:example:95ea789a04ef5e76,did:example:employer1,professional,EmployeeID,13,1.74,26/08/2024,08/04/2026,active,eth-registry:2f9c3adc,True
did:example:f5ff416b92a01345,did:example:university1,academic,StudentID,15,2.1,30/07/2024,03/10/2025,revoked,eth-registry:74819a92,True
did:example:5e6a0aabe3d912fc,did:example:university1,academic,StudentID,13,1.98,04/05/2025,12/07/2026,active,eth-registry:c7ca36f2,True
did:example:32dd7606ca16b9a7,did:example:university1,academic,StudentID,12,2.15,10/04/2025,12/01/2027,active,eth-registry:3d7f5f96,False
did:example:990e4629d9146195,did:example:employer1,professional,EmployeeID,10,1.91,19/05/2025,20/05/2026,revoked,eth-registry:554f4301,False
did:example:aa6a1c4265cd3df1,did:example:university1,academic,StudentID,13,1.96,04/05/2024,11/09/2025,revoked,eth-registry:ac5ed5ac,True
did:example:bec3ab816c0b2d36,did:example:gov_issuer,government,ProofOfResidence,15,2.43,02/02/2024,24/04/2026,active,eth-registry:7b8d001c,False
did:example:f708ecb20fa640e3,did:example:gov_issuer,government,ProofOfAge,16,2.65,02/02/2025,04/03/2026,active,eth-registry:139a4c78,True
did:example:e7746ae6703b0102,did:example:employer1,professional,EmployeeID,10,1.8,01/11/2024,28/01/2027,revoked,eth-registry:ca9da80e,False
did:example:36db96f7c94086a3,did:example:university1,academic,StudentID,12,2.11,07/07/2024,02/04/2027,revoked,eth-registry:82fa3e54,True
did:example:bf7ff02c86fb333c,did:example:university1,academic,StudentID,14,2.19,08/12/2025,04/12/2028,active,eth-registry:a7c2cbcf,False
did:example:54bd56749b47240e,did:example:gov_issuer,government,ProofOfResidence,17,2.53,26/04/2024,06/04/2027,revoked,eth-registry:62337f63,False
did:example:f33b3b62a6808ab1,did:example:employer1,professional,EmployeeID,10,1.63,20/07/2024,15/02/2026,active,eth-registry:3d11cc04,True
did:example:58ff8df06283201b,did:example:gov_issuer,government,ProofOfAge,16,2.62,02/07/2025,16/10/2027,revoked,eth-registry:99bfb800,False
did:example:443c8a77a56dc400,did:example:employer1,professional,EmployeeID,13,1.97,22/01/2025,25/02/2026,active,eth-registry:5bc11401,True
did:example:e28ff2d6a45399ce,did:example:university1,academic,StudentID,14,1.92,18/06/2024,09/12/2025,revoked,eth-registry:c482218d,False
did:example:e217f159135461c0,did:example:university1,academic,StudentID,12,1.95,28/01/2025,20/08/2027,revoked,eth-registry:ca354f37,True
did:example:4045dedd9cdda59d,did:example:gov_issuer,government,ProofOfResidence,17,2.58,02/11/2024,31/03/2026,active,eth-registry:18e66ebf,True
did:example:7f7b95f321abd1b2,did:example:gov_issuer,government,ProofOfAge,14,2.54,09/07/2024,16/02/2026,revoked,eth-registry:f7ab45d7,True
did:example:d19430caa30bc591,did:example:gov_issuer,government,ProofOfAge,15,2.45,05/05/2025,01/03/2027,revoked,eth-registry:59723db4,False
did:example:ec9f6c3ba7b86663,did:example:university1,academic,StudentID,13,2.12,23/07/2025,21/03/2027,active,eth-registry:15f95d71,False
did:example:0e342f1169b76c61,did:example:gov_issuer,government,ProofOfAge,18,2.58,20/02/2024,13/08/2026,active,eth-registry:da3d31ed,True
did:example:b7062be137ee17d2,did:example:employer1,professional,EmployeeID,10,1.8,03/01/2024,27/10/2026,revoked,eth-registry:38e16436,False
did:example:1098180aa0a1331d,did:example:university1,academic,StudentID,15,1.96,22/10/2025,19/11/2027,active,eth-registry:268480ee,True
did:example:eee43da9ddba4fbb,did:example:university1,academic,StudentID,15,1.94,14/06/2024,08/08/2026,revoked,eth-registry:26b96c2a,False
did:example:9b0be369fe30d88f,did:example:employer1,professional,EmployeeID,14,1.78,04/03/2024,20/08/2026,revoked,eth-registry:917fbd78,False
did:example:a30fd72b01af631d,did:example:employer1,professional,EmployeeID,11,1.97,09/03/2025,26/12/2026,revoked,eth-registry:971c950d,False
did:example:29f535b4b5090c30,did:example:gov_issuer,government,ProofOfResidence,14,2.52,23/08/2024,21/07/2026,active,eth-registry:382cd24b,False
did:example:c7770dc8e2c80783,did:example:employer1,professional,EmployeeID,11,1.74,01/11/2025,25/09/2028,revoked,eth-registry:c1ab8c25,True
did:example:b58d9e781de11bef,did:example:gov_issuer,government,ProofOfAge,17,2.66,03/12/2025,10/09/2027,revoked,eth-registry:9cb02f2f,False
did:example:30d7f681124696a7,did:example:employer1,professional,EmployeeID,10,1.76,07/01/2024,18/07/2025,revoked,eth-registry:e2093155,False
did:example:d9a5341d72305810,did:example:university1,academic,StudentID,14,2.1,20/05/2024,04/06/2025,active,eth-registry:84a86139,False
did:example:bc44f918ed895c5e,did:example:university1,academic,StudentID,13,1.95,15/03/2025,30/03/2026,revoked,eth-registry:13e30124,False
did:example:01848d643a0ac933,did:example:employer1,professional,EmployeeID,13,1.89,02/09/2024,17/03/2027,active,eth-registry:5db4aa12,False
did:example:942e1de2a1590f04,did:example:gov_issuer,government,ProofOfResidence,17,2.58,03/01/2024,19/06/2025,revoked,eth-registry:2476de8b,False
did:example:06c578018e48c035,did:example:university1,academic,StudentID,14,2.22,04/12/2024,29/05/2027,revoked,eth-registry:21500a3f,False
did:example:2d1d604701e5fffc,did:example:university1,academic,StudentID,15,2.03,31/03/2025,02/05/2026,revoked,eth-registry:25b7e446,False
did:example:dec92dbd4e3a429f,did:example:university1,academic,StudentID,15,2.07,24/12/2025,27/07/2028,active,eth-registry:4f5de055,False
did:example:a001efd6ca36ffb5,did:example:gov_issuer,government,ProofOfAge,15,2.37,27/10/2024,21/08/2026,active,eth-registry:f03086fc,True
did:example:d8fadfb1dcf7ab4d,did:example:university1,academic,StudentID,14,2.29,31/07/2025,18/03/2028,revoked,eth-registry:2016b83c,False
did:example:710673e1ae34ce6c,did:example:gov_issuer,government,ProofOfAge,17,2.33,13/11/2024,13/07/2027,active,eth-registry:fe99f718,False
did:example:4b45eef2d96208ac,did:example:university1,academic,StudentID,15,2.16,05/05/2025,26/06/2027,active,eth-registry:897f8553,False
did:example:3c0fed1a6f29a36e,did:example:employer1,professional,EmployeeID,12,1.88,08/12/2025,19/11/2028,revoked,eth-registry:1c1163a1,True
did:example:eba2c5bff09e4eb8,did:example:employer1,professional,EmployeeID,11,1.66,16/08/2025,07/07/2028,active,eth-registry:811f86cb,True
did:example:f146fb2087bde459,did:example:employer1,professional,EmployeeID,14,1.75,13/05/2025,06/10/2027,revoked,eth-registry:dc8dfba6,False
did:example:39b1dc871ec48f0a,did:example:university1,academic,StudentID,15,1.92,27/08/2025,21/08/2027,active,eth-registry:263165c1,False
did:example:d5ca0c67514ec213,did:example:employer1,professional,EmployeeID,12,1.82,23/05/2024,30/03/2027,active,eth-registry:8d3494e2,False
did:example:1b004d55dad140f1,did:example:gov_issuer,government,ProofOfResidence,14,2.7,04/08/2025,12/07/2028,active,eth-registry:5b77bc33,True
did:example:0d1c886f2d635f73,did:example:university1,academic,StudentID,13,2.07,30/12/2025,24/10/2027,revoked,eth-registry:86d90010,True
did:example:1351d26dcffb1c2a,did:example:employer1,professional,EmployeeID,12,2.0,12/12/2025,06/08/2027,revoked,eth-registry:ec712259,False
did:example:559ffc18a13eaeed,did:example:employer1,professional,EmployeeID,13,1.65,06/07/2024,12/02/2026,revoked,eth-registry:46b39171,False
did:example:b4a46ecd9467437a,did:example:gov_issuer,government,ProofOfAge,17,2.46,08/11/2024,22/09/2027,revoked,eth-registry:e3a1b31b,True
did:example:1571e47d099da9fd,did:example:university1,academic,StudentID,15,2.26,16/05/2025,05/09/2026,active,eth-registry:46718b05,True
did:example:965bef2b04746f30,did:example:gov_issuer,government,ProofOfAge,14,2.65,23/02/2024,24/02/2025,active,eth-registry:e1af3e48,False
did:example:5e64ecbd561bb529,did:example:employer1,professional,EmployeeID,12,1.73,12/05/2025,13/05/2027,active,eth-registry:4a6db276,True
did:example:b62b45cb917cad23,did:example:employer1,professional,EmployeeID,13,1.87,20/07/2024,15/06/2027,active,eth-registry:03882cce,True
did:example:9f78b5218bc2930f,did:example:gov_issuer,government,ProofOfResidence,18,2.65,13/09/2025,09/05/2027,active,eth-registry:128d616e,False
did:example:64224debcc24c5e7,did:example:gov_issuer,government,ProofOfResidence,14,2.61,24/03/2025,27/03/2027,active,eth-registry:b613185c,False
did:example:a0c7e281bf05b8de,did:example:university1,academic,StudentID,15,2.15,18/10/2024,04/01/2026,revoked,eth-registry:2e60ae40,True
did:example:e47c9b27c7fd0929,did:example:gov_issuer,government,ProofOfAge,14,2.36,06/02/2024,27/09/2026,active,eth-registry:d77113eb,False
did:example:ed7412bfbf765117,did:example:university1,academic,StudentID,12,1.93,23/05/2025,03/04/2028,active,eth-registry:efeefbd0,False
did:example:e2bdae74cb466ac8,did:example:employer1,professional,EmployeeID,14,1.85,27/01/2025,05/05/2027,active,eth-registry:529cf862,False
did:example:47a51740bbaded62,did:example:employer1,professional,EmployeeID,13,1.8,02/04/2025,01/07/2026,active,eth-registry:a6b44b42,True
did:example:ae6ef8b08e4d7d85,did:example:employer1,professional,EmployeeID,14,1.7,14/01/2024,25/03/2025,active,eth-registry:703686ce,False
did:example:03c465b02bd15366,did:example:university1,academic,StudentID,14,2.02,15/11/2024,09/05/2027,revoked,eth-registry:2a4f3bca,True
did:example:24e021f89e30748f,did:example:university1,academic,StudentID,14,2.06,06/07/2025,07/10/2026,active,eth-registry:02908572,True
did:example:7489bccaf9a3c9ae,did:example:gov_issuer,government,ProofOfResidence,16,2.5,31/10/2025,19/12/2026,active,eth-registry:07ee83a3,False
did:example:838537f55d8efd6f,did:example:gov_issuer,government,ProofOfResidence,16,2.46,13/09/2024,25/06/2027,revoked,eth-registry:909f8fc2,True
did:example:295547e41429911b,did:example:employer1,professional,EmployeeID,12,1.75,03/07/2024,23/07/2026,revoked,eth-registry:a1d19c2c,True
did:example:fd7f6e4730251131,did:example:gov_issuer,government,ProofOfAge,15,2.35,31/05/2025,08/08/2027,revoked,eth-registry:ad96f54d,False
did:example:23416a5ddbee4be3,did:example:university1,academic,StudentID,15,2.25,12/06/2024,18/10/2026,active,eth-registry:fc950951,True
did:example:c9d276a43b62be03,did:example:gov_issuer,government,ProofOfResidence,15,2.54,11/10/2025,19/06/2027,active,eth-registry:e5b11e92,False
did:example:d4455b8b3210a182,did:example:university1,academic,StudentID,14,1.96,05/04/2025,23/09/2026,active,eth-registry:9319680a,False
did:example:dcb0cd5be0e81e65,did:example:employer1,professional,EmployeeID,13,1.77,07/11/2025,21/11/2027,revoked,eth-registry:50fd3611,True
did:example:79351f80022d764b,did:example:gov_issuer,government,ProofOfResidence,16,2.47,19/05/2024,13/07/2025,revoked,eth-registry:4713ee57,False
did:example:c8a5346704bf2d94,did:example:university1,academic,StudentID,14,2.14,02/03/2024,03/10/2025,active,eth-registry:6c52e4a7,False
did:example:4114f0716cc065ef,did:example:employer1,professional,EmployeeID,10,1.84,29/08/2025,05/11/2027,active,eth-registry:8898f034,False
did:example:6986686bff18785e,did:example:university1,academic,StudentID,13,2.16,30/07/2024,19/06/2027,active,eth-registry:f299c63b,False
did:example:b7f4c9008f708eed,did:example:employer1,professional,EmployeeID,12,1.88,05/09/2024,19/11/2026,active,eth-registry:8784816b,True
did:example:2e186d10b066cf74,did:example:university1,academic,StudentID,13,1.94,14/07/2024,14/01/2027,active,eth-registry:776cb390,False
did:example:7684cfd876c97cf4,did:example:gov_issuer,government,ProofOfResidence,18,2.42,03/11/2024,19/06/2026,active,eth-registry:0e6b9287,True
did:example:5c24e8ad606a49e8,did:example:university1,academic,StudentID,15,1.91,19/10/2025,29/11/2026,active,eth-registry:0ae0a617,False
did:example:7811d1244afd14e0,did:example:gov_issuer,government,ProofOfAge,17,2.48,13/05/2025,11/02/2027,revoked,eth-registry:f947e6c4,True
did:example:72dea49f80dea942,did:example:university1,academic,StudentID,13,2.07,22/02/2024,11/07/2026,revoked,eth-registry:dfe101cc,False
did:example:cd80e6d7a0a6c232,did:example:university1,academic,StudentID,12,2.19,09/10/2025,11/11/2026,active,eth-registry:f853d6d0,False
did:example:b8febccc7dd90d81,did:example:gov_issuer,government,ProofOfAge,17,2.37,18/11/2024,13/08/2027,revoked,eth-registry:fd99c3c2,True
did:example:6f732f17a209c8ad,did:example:university1,academic,StudentID,15,2.15,19/05/2025,21/12/2026,revoked,eth-registry:572902c2,False
did:example:dbaa9de919240f67,did:example:university1,academic,StudentID,13,2.02,24/09/2024,08/02/2027,revoked,eth-registry:8aaa845d,True
did:example:cadbea01def668e2,did:example:gov_issuer,government,ProofOfResidence,18,2.45,09/03/2024,14/12/2026,active,eth-registry:d06edd0c,True
did:example:2583aca70486c03b,did:example:employer1,professional,EmployeeID,14,1.89,02/11/2024,22/01/2027,revoked,eth-registry:25249b46,False
did:example:b6b582c0147f9791,did:example:employer1,professional,EmployeeID,12,1.63,04/09/2024,07/01/2026,revoked,eth-registry:67a762ab,True
did:example:3f8cd0a5fe547a6a,did:example:employer1,professional,EmployeeID,11,1.74,14/01/2024,18/07/2025,active,eth-registry:6c1e84b2,True
did:example:1eed07aabebd7d21,did:example:gov_issuer,government,ProofOfResidence,14,2.46,02/07/2025,09/06/2027,active,eth-registry:da6f7d64,True
did:example:f70cc99d7f1c035f,did:example:gov_issuer,government,ProofOfAge,17,2.59,21/09/2025,05/09/2028,revoked,eth-registry:efce3d9b,True
did:example:3a28cb65113ee1df,did:example:gov_issuer,government,ProofOfAge,16,2.38,25/10/2025,02/03/2028,active,eth-registry:596fb73c,False
did:example:1dd5b8b497c57310,did:example:gov_issuer,government,ProofOfResidence,14,2.68,27/06/2024,20/09/2026,revoked,eth-registry:e5d6879e,False
did:example:95e3f3d7458ff994,did:example:university1,academic,StudentID,12,2.3,08/04/2025,15/11/2027,revoked,eth-registry:c907a7b1,True
did:example:979a645ad780f58a,did:example:university1,academic,StudentID,15,2.23,23/01/2025,06/05/2026,active,eth-registry:8c2f5d8d,False
did:example:6458f2cea3f0fd77,did:example:university1,academic,StudentID,13,2.02,11/03/2025,09/05/2026,active,eth-registry:acaf5bbd,False
did:example:48d39a4c8f7dc9d7,did:example:employer1,professional,EmployeeID,11,1.87,06/08/2025,06/10/2027,revoked,eth-registry:7b33dd33,False
did:example:f73b525b19577e45,did:example:employer1,professional,EmployeeID,13,1.63,04/10/2024,10/12/2026,revoked,eth-registry:b49ea379,False
did:example:3c373ee7b65498ed,did:example:university1,academic,StudentID,13,2.25,19/07/2024,23/01/2026,active,eth-registry:c215dfb5,True
did:example:d8e423afb1a6c8c2,did:example:university1,academic,StudentID,15,2.11,15/12/2024,18/03/2027,active,eth-registry:7bbf93bb,False
did:example:9a9224566d883898,did:example:gov_issuer,government,ProofOfResidence,17,2.37,01/05/2025,20/08/2026,active,eth-registry:18e8b31a,True
did:example:efb766caa5653cc7,did:example:gov_issuer,government,ProofOfAge,15,2.43,11/11/2024,04/04/2026,revoked,eth-registry:51d28bd0,False
did:example:dee8b413ffa6af7f,did:example:employer1,professional,EmployeeID,11,1.92,09/08/2024,24/05/2027,active,eth-registry:2247859b,True
did:example:52022c3a723c9a05,did:example:gov_issuer,government,ProofOfAge,18,2.65,10/02/2024,03/03/2025,active,eth-registry:26dd3083,False
did:example:5139a2be4592f3e0,did:example:gov_issuer,government,ProofOfResidence,16,2.51,22/02/2025,05/04/2027,revoked,eth-registry:b5b77868,True
did:example:6d358dd296608623,did:example:university1,academic,StudentID,15,2.09,16/01/2024,24/09/2026,revoked,eth-registry:4e5657ee,False
did:example:4724a937f0c3f656,did:example:employer1,professional,EmployeeID,11,1.9,10/12/2024,15/05/2027,active,eth-registry:47f66e85,True
did:example:bd7bc2925b55346b,did:example:employer1,professional,EmployeeID,10,1.93,27/03/2025,11/02/2027,active,eth-registry:a535001e,False
did:example:586442aa545f4af7,did:example:employer1,professional,EmployeeID,14,1.91,03/12/2024,20/07/2026,revoked,eth-registry:e650d284,False
did:example:820e9cd7474d1c69,did:example:employer1,professional,EmployeeID,11,1.75,07/01/2025,20/02/2026,revoked,eth-registry:1babf7a1,True
did:example:d1d1fb79179497bd,did:example:employer1,professional,EmployeeID,14,1.86,21/07/2024,19/10/2025,active,eth-registry:da8c9829,True
did:example:dfce304f77b8c9d8,did:example:employer1,professional,EmployeeID,13,1.94,28/06/2024,24/08/2026,revoked,eth-registry:2b1aa63f,False
did:example:7c18d5f075a7bfbf,did:example:employer1,professional,EmployeeID,11,1.66,09/09/2025,30/09/2027,revoked,eth-registry:f78b3d00,False
did:example:ef7642fd8a5ecbaf,did:example:employer1,professional,EmployeeID,13,1.76,14/10/2025,16/07/2027,active,eth-registry:529489b3,False
did:example:79ab3ef33aa8fa1a,did:example:gov_issuer,government,ProofOfResidence,14,2.32,27/04/2024,26/11/2025,revoked,eth-registry:1351d63d,False
did:example:072351c9ade73b6b,did:example:gov_issuer,government,ProofOfResidence,15,2.46,31/05/2024,28/07/2025,active,eth-registry:77a5f56a,False
did:example:c60c4a7851867adc,did:example:employer1,professional,EmployeeID,11,1.91,18/09/2024,17/12/2025,revoked,eth-registry:cbe0feb5,True
did:example:9a3579bb8a2e5dd4,did:example:university1,academic,StudentID,14,1.98,27/05/2025,22/12/2026,active,eth-registry:6bcc123f,False
did:example:8787ef31000f1ca8,did:example:university1,academic,StudentID,14,2.12,15/02/2024,21/12/2026,revoked,eth-registry:a055ac86,False
did:example:72e9270782d5a4ac,did:example:gov_issuer,government,ProofOfResidence,17,2.31,30/07/2025,25/03/2027,active,eth-registry:35286752,False
did:example:e5437999cd09b7b4,did:example:university1,academic,StudentID,13,2.26,06/01/2024,30/03/2025,revoked,eth-registry:24186ecf,False
did:example:f798663203e5e87e,did:example:employer1,professional,EmployeeID,13,1.93,06/09/2025,31/10/2027,revoked,eth-registry:1cf12acf,True
did:example:4e58cc1d754efd53,did:example:university1,academic,StudentID,12,2.11,30/01/2024,01/05/2025,active,eth-registry:f654f567,False
did:example:bc1981436e6c25c8,did:example:employer1,professional,EmployeeID,13,1.88,05/09/2025,26/06/2027,active,eth-registry:9904edec,False
did:example:0890baec1e7ba620,did:example:employer1,professional,EmployeeID,10,1.64,20/11/2025,05/05/2028,revoked,eth-registry:cff03a9b,True
did:example:fdab2b44f7e2e45d,did:example:university1,academic,StudentID,12,2.24,03/08/2025,20/10/2026,revoked,eth-registry:f3000d59,False
did:example:9d8e5a3ff4e4dd5c,did:example:university1,academic,StudentID,14,2.19,20/12/2025,24/10/2028,revoked,eth-registry:ba7d5235,False
did:example:45316116d0b7dfc5,did:example:university1,academic,StudentID,12,1.95,30/11/2024,09/03/2027,revoked,eth-registry:339dd1cd,False
did:example:6960a07335116a43,did:example:university1,academic,StudentID,15,2.29,14/04/2025,11/02/2028,active,eth-registry:411736d2,False
did:example:02aa26e6e2dc1bf1,did:example:gov_issuer,government,ProofOfResidence,14,2.31,01/04/2025,15/09/2027,revoked,eth-registry:5ab0c97c,True
did:example:512534a50b7cff6b,did:example:employer1,professional,EmployeeID,10,1.85,09/01/2024,15/12/2026,revoked,eth-registry:ce3e67cd,False
did:example:5cdef6fb91180184,did:example:gov_issuer,government,ProofOfAge,18,2.37,18/09/2025,23/09/2027,active,eth-registry:7451590e,True
did:example:547ee5fdd5ea7e3d,did:example:employer1,professional,EmployeeID,10,1.89,30/05/2025,10/06/2026,active,eth-registry:1abaa3b8,False
did:example:cec16a2082964249,did:example:gov_issuer,government,ProofOfAge,18,2.33,03/11/2024,19/12/2025,revoked,eth-registry:6b5bbf13,False
did:example:aa2c0e00fa53b7d2,did:example:university1,academic,StudentID,13,1.93,05/06/2024,16/10/2025,revoked,eth-registry:0e5f9ea4,True
did:example:c09c9494dd00fea3,did:example:gov_issuer,government,ProofOfAge,17,2.49,05/05/2025,19/07/2026,revoked,eth-registry:114cc077,True
did:example:762b34ebf8796428,did:example:employer1,professional,EmployeeID,14,2.0,18/12/2025,30/07/2028,active,eth-registry:68849fc5,False
did:example:d1bd0d4d50dc3728,did:example:employer1,professional,EmployeeID,10,1.71,26/04/2024,17/03/2027,revoked,eth-registry:37f666c4,False
did:example:e9a63512446f435d,did:example:gov_issuer,government,ProofOfAge,15,2.55,03/11/2025,31/01/2028,active,eth-registry:8461e883,False
did:example:4eb8560651c51890,did:example:employer1,professional,EmployeeID,12,1.81,16/02/2025,04/07/2026,active,eth-registry:d5087a1b,False
did:example:04d17387a4c31d7b,did:example:employer1,professional,EmployeeID,14,1.94,30/07/2025,14/07/2028,active,eth-registry:1affe8e3,True
did:example:9588e48550214b2b,did:example:gov_issuer,government,ProofOfResidence,14,2.42,13/04/2024,23/11/2025,revoked,eth-registry:ecf43a14,True
did:example:5b9b55a49a0ec190,did:example:university1,academic,StudentID,12,2.12,17/03/2024,21/12/2026,revoked,eth-registry:15d91d7c,True
did:example:16bc4a29d8351417,did:example:employer1,professional,EmployeeID,11,1.98,27/04/2025,11/09/2027,active,eth-registry:239320e1,False
did:example:62c03ac6df01418d,did:example:employer1,professional,EmployeeID,11,1.73,26/07/2024,11/06/2026,active,eth-registry:0a252302,True
did:example:00b42ad5c4fb7af2,did:example:university1,academic,StudentID,13,2.08,02/10/2024,03/05/2027,revoked,eth-registry:ee5f7aca,False
did:example:0f2f17ebdb2e24eb,did:example:employer1,professional,EmployeeID,10,1.96,30/03/2025,28/07/2027,active,eth-registry:06c0876c,False
did:example:05dea92f9a27f015,did:example:employer1,professional,EmployeeID,14,1.73,15/06/2024,11/04/2027,revoked,eth-registry:dbf37cdb,False
did:example:4766918102da8378,did:example:university1,academic,StudentID,15,2.05,06/09/2024,24/11/2026,active,eth-registry:189c28c8,True
did:example:561b3d729e50b13b,did:example:university1,academic,StudentID,12,2.02,20/09/2024,05/07/2026,revoked,eth-registry:b76e568b,True
did:example:bb7cc8a1c3e0f95e,did:example:gov_issuer,government,ProofOfResidence,16,2.62,14/09/2024,22/11/2025,revoked,eth-registry:b395edac,False
did:example:3c29e4b1cae0b37a,did:example:gov_issuer,government,ProofOfAge,17,2.67,27/05/2025,21/05/2028,revoked,eth-registry:68889912,True
did:example:abba30f8e4df6d4a,did:example:university1,academic,StudentID,14,2.15,20/04/2024,11/11/2026,revoked,eth-registry:2a2cfe82,False
did:example:4cfbad77975e13d3,did:example:gov_issuer,government,ProofOfAge,18,2.55,25/10/2025,08/01/2027,active,eth-registry:4182c1d9,True
did:example:4177cda2b5f7c2a7,did:example:university1,academic,StudentID,14,2.06,07/06/2025,24/08/2027,active,eth-registry:dd637350,False
did:example:9795d133e93d9cfc,did:example:university1,academic,StudentID,14,1.9,09/01/2024,04/09/2026,active,eth-registry:74605ae2,False
did:example:1cd320e0ef52d370,did:example:gov_issuer,government,ProofOfAge,14,2.37,17/02/2025,13/07/2027,active,eth-registry:8ca6c420,False
did:example:d1b1e3ea68ce5136,did:example:university1,academic,StudentID,12,1.96,02/05/2024,16/11/2025,revoked,eth-registry:9d7d188e,True
did:example:42716d413526579e,did:example:university1,academic,StudentID,14,1.95,21/04/2024,30/07/2025,revoked,eth-registry:1cd72ccf,True
did:example:0927abe54cd45815,did:example:university1,academic,StudentID,15,2.16,30/05/2025,14/04/2028,revoked,eth-registry:dda6543f,True
did:example:ba6e7883aa0c47c9,did:example:employer1,professional,EmployeeID,11,1.65,01/07/2024,28/03/2026,revoked,eth-registry:dcf81032,False
did:example:412edca327e5923e,did:example:university1,academic,StudentID,14,1.93,19/02/2025,16/11/2027,active,eth-registry:9270a1b9,True
did:example:04035c1d78b27715,did:example:university1,academic,StudentID,12,2.05,26/07/2024,01/07/2026,active,eth-registry:c0834dd0,True
did:example:95b321f8153df058,did:example:employer1,professional,EmployeeID,12,1.7,21/08/2024,01/03/2027,revoked,eth-registry:fb4c6555,False
did:example:9513f583734d8754,did:example:gov_issuer,government,ProofOfAge,17,2.36,05/05/2025,29/10/2026,revoked,eth-registry:3567c432,False
did:example:88df48e054a52c5f,did:example:university1,academic,StudentID,14,1.96,21/04/2025,06/07/2027,revoked,eth-registry:59e7c657,True
did:example:44ca572d3f6d9b08,did:example:university1,academic,StudentID,12,2.0,16/01/2024,28/02/2026,active,eth-registry:8722dffd,False
did:example:2f86f47ff72ff6f0,did:example:employer1,professional,EmployeeID,14,1.81,25/09/2025,28/02/2027,revoked,eth-registry:2f24b021,False
did:example:731938b6faec1a49,did:example:university1,academic,StudentID,15,2.2,05/03/2025,15/07/2027,revoked,eth-registry:c5e64815,True
did:example:5821c8695f52e32f,did:example:university1,academic,StudentID,13,2.24,07/07/2024,09/06/2026,active,eth-registry:14a42e39,False
did:example:75298d76d3f761f2,did:example:gov_issuer,government,ProofOfAge,15,2.6,23/03/2024,13/07/2026,revoked,eth-registry:6bc65f6b,True
did:example:5c099b37ddfc2924,did:example:gov_issuer,government,ProofOfAge,16,2.55,21/12/2024,15/01/2026,revoked,eth-registry:e16f034c,False
did:example:cab7c672f47126f8,did:example:employer1,professional,EmployeeID,14,1.96,23/05/2025,20/08/2026,active,eth-registry:b6382e90,True
did:example:b713d1fd5283254b,did:example:employer1,professional,EmployeeID,12,1.81,16/01/2024,17/06/2026,revoked,eth-registry:b25cc1d0,True
did:example:c3732d7235f09090,did:example:university1,academic,StudentID,12,2.15,30/07/2024,28/07/2027,revoked,eth-registry:e53efe64,False
did:example:1c32031e182a7847,did:example:employer1,professional,EmployeeID,10,1.76,22/11/2025,14/02/2027,active,eth-registry:213f4ce8,True
did:example:0120c4ab378d291b,did:example:gov_issuer,government,ProofOfResidence,18,2.43,14/03/2024,01/04/2025,revoked,eth-registry:a272f2d8,False
did:example:58ff209fd7e566ed,did:example:university1,academic,StudentID,15,2.03,09/08/2025,13/02/2027,active,eth-registry:63e0d1f0,True
did:example:2995fc77d94afa8f,did:example:gov_issuer,government,ProofOfAge,17,2.36,23/06/2024,24/07/2025,revoked,eth-registry:4d8e62ba,False
did:example:7b5575dea234c306,did:example:university1,academic,StudentID,12,2.22,04/01/2025,02/07/2026,revoked,eth-registry:5c327eb4,True
did:example:ab4d12b450485ec8,did:example:university1,academic,StudentID,12,1.92,11/07/2025,28/11/2027,active,eth-registry:aaf729eb,False
did:example:56f2f2a5eb9d69b7,did:example:university1,academic,StudentID,13,2.17,26/12/2025,23/07/2028,active,eth-registry:fccd113f,True
did:example:903d84ff00220eee,did:example:employer1,professional,EmployeeID,11,1.95,17/03/2025,21/06/2027,active,eth-registry:42092a4e,False
did:example:ff5a82ceaba59175,did:example:employer1,professional,EmployeeID,11,1.8,09/06/2024,28/03/2026,active,eth-registry:ca73f4c1,True
did:example:994bd3779ff7a916,did:example:employer1,professional,EmployeeID,12,1.63,29/02/2024,21/06/2025,revoked,eth-registry:2f32f54a,True
did:example:a010b8512a656f20,did:example:gov_issuer,government,ProofOfResidence,15,2.47,27/06/2025,22/07/2027,revoked,eth-registry:77fcb520,True
did:example:bffadfc8f518186d,did:example:gov_issuer,government,ProofOfAge,14,2.44,26/02/2025,01/02/2028,active,eth-registry:f5f4179e,False
did:example:3725b688cc53ba4a,did:example:employer1,professional,EmployeeID,12,1.99,16/07/2025,15/12/2026,revoked,eth-registry:df0bb290,True
did:example:1ecbd8eb3a2cfaaa,did:example:university1,academic,StudentID,14,2.18,22/12/2025,22/01/2028,revoked,eth-registry:cdf829f0,False
did:example:7366af39ed4898ec,did:example:gov_issuer,government,ProofOfAge,17,2.59,30/08/2025,01/05/2027,revoked,eth-registry:b0bd131e,True
did:example:9285131701259265,did:example:employer1,professional,EmployeeID,11,1.81,01/01/2025,19/09/2026,active,eth-registry:26844573,False
did:example:e337ceee0181f571,did:example:gov_issuer,government,ProofOfResidence,15,2.58,15/05/2025,24/05/2027,revoked,eth-registry:00106682,True
did:example:58c8d3ca0ce0f579,did:example:employer1,professional,EmployeeID,12,1.89,01/04/2025,02/08/2026,revoked,eth-registry:4cd258d9,True
did:example:78544ef998b3c1e2,did:example:university1,academic,StudentID,12,1.93,19/05/2024,07/10/2025,active,eth-registry:10f5b86e,False
did:example:d692b5f47ba5e251,did:example:university1,academic,StudentID,15,1.99,13/08/2024,11/09/2025,revoked,eth-registry:7070e054,True
did:example:e107d6fc85acb2b0,did:example:university1,academic,StudentID,15,1.91,07/03/2024,24/07/2026,active,eth-registry:f5b507b5,False
did:example:3c2a0f382eba1f48,did:example:gov_issuer,government,ProofOfResidence,14,2.5,26/09/2024,22/07/2027,active,eth-registry:d2928fe8,False
did:example:0d4aefbe1280c1b2,did:example:university1,academic,StudentID,15,2.25,11/05/2024,04/04/2026,revoked,eth-registry:651c0319,False
did:example:540050005aa0cfa6,did:example:gov_issuer,government,ProofOfAge,14,2.54,17/10/2025,13/01/2028,active,eth-registry:d882d675,True
did:example:cd88346bc00361ee,did:example:gov_issuer,government,ProofOfAge,16,2.5,19/09/2025,07/09/2028,revoked,eth-registry:5bac1fc2,True
did:example:f3319ab17cb8c97f,did:example:employer1,professional,EmployeeID,13,1.97,16/06/2025,23/12/2027,revoked,eth-registry:64d3b3a8,True
did:example:ece4d97d2cd286ca,did:example:gov_issuer,government,ProofOfAge,15,2.37,20/10/2024,18/04/2026,revoked,eth-registry:5d5db227,True
did:example:52ccb9d11daac13d,did:example:employer1,professional,EmployeeID,11,1.63,06/01/2024,26/07/2026,active,eth-registry:e44d71ae,False
did:example:5caf6a31f71603fa,did:example:employer1,professional,EmployeeID,10,1.97,03/02/2025,19/11/2026,active,eth-registry:ec75863d,False
did:example:d1f1c6632d5f438b,did:example:employer1,professional,EmployeeID,13,1.96,19/01/2024,20/12/2026,revoked,eth-registry:11a4dbdb,False
did:example:42032ba501335ecd,did:example:university1,academic,StudentID,12,2.17,19/01/2024,24/11/2026,revoked,eth-registry:e901c7e7,False
did:example:0d6721a060f56ca9,did:example:university1,academic,StudentID,13,2.0,23/04/2024,23/05/2025,revoked,eth-registry:ade601d3,False
did:example:558acab28ea909e5,did:example:gov_issuer,government,ProofOfAge,15,2.69,25/12/2024,03/10/2027,active,eth-registry:ac7d3f36,False
did:example:8fc4dab276be92fa,did:example:employer1,professional,EmployeeID,14,1.91,01/07/2025,23/12/2026,active,eth-registry:507ab6b0,True
did:example:8b1f94f44c9b57de,did:example:gov_issuer,government,ProofOfResidence,18,2.57,26/10/2024,14/10/2026,revoked,eth-registry:76946278,True
did:example:fb04e14beaa7c5d7,did:example:employer1,professional,EmployeeID,14,1.69,20/07/2025,18/01/2028,revoked,eth-registry:9101cb81,True
did:example:4fe0ce28a7da9c45,did:example:university1,academic,StudentID,14,2.11,25/01/2025,25/04/2026,revoked,eth-registry:ea5ecc52,True
did:example:c9f2253065c244df,did:example:gov_issuer,government,ProofOfAge,16,2.63,15/10/2025,26/10/2026,active,eth-registry:42037db6,False
did:example:ebf70353f3290f61,did:example:employer1,professional,EmployeeID,11,1.94,01/10/2024,26/07/2026,active,eth-registry:9148da48,False
did:example:b35351ed68da568e,did:example:university1,academic,StudentID,12,2.12,07/08/2024,06/10/2026,revoked,eth-registry:74ec6a33,True
did:example:7840cc60d4ea5cf1,did:example:employer1,professional,EmployeeID,14,1.81,25/02/2024,29/04/2026,active,eth-registry:ea75287c,True
did:example:7d8b3299759c2e27,did:example:employer1,professional,EmployeeID,11,1.88,09/06/2024,06/05/2027,active,eth-registry:7a198e51,False
did:example:fbeedf78203428cf,did:example:university1,academic,StudentID,13,2.11,02/02/2024,05/08/2025,active,eth-registry:dff2a419,False
did:example:2039fe23f7450d0d,did:example:employer1,professional,EmployeeID,10,1.77,06/05/2024,08/10/2026,active,eth-registry:eb9f0fd7,True
did:example:9335721e41d21f31,did:example:gov_issuer,government,ProofOfAge,15,2.33,25/11/2025,13/04/2027,revoked,eth-registry:d2f48618,False
did:example:dcb5352004b02656,did:example:university1,academic,StudentID,14,1.95,02/02/2025,27/12/2026,active,eth-registry:dbdf993b,False
did:example:ef82dfbad959ed87,did:example:gov_issuer,government,ProofOfAge,16,2.6,17/03/2025,09/04/2027,active,eth-registry:6ca5baf5,True
did:example:b0a6639456dd8356,did:example:university1,academic,StudentID,14,1.91,08/10/2024,17/08/2026,revoked,eth-registry:cfaf87d4,False
did:example:33767b5ed972174a,did:example:university1,academic,StudentID,12,1.92,15/04/2025,21/08/2026,revoked,eth-registry:dcafa327,False
did:example:e4974a4fb5bf760a,did:example:gov_issuer,government,ProofOfAge,14,2.66,14/02/2025,03/07/2026,revoked,eth-registry:af3368e4,False
did:example:ffeb9ada947645ae,did:example:employer1,professional,EmployeeID,14,1.88,31/10/2025,31/07/2028,active,eth-registry:a26b1e77,False
did:example:48fb9a3221130f0e,did:example:employer1,professional,EmployeeID,12,1.6,04/08/2025,28/06/2028,revoked,eth-registry:9ec5a43e,True
did:example:7dd20cd0c7d88172,did:example:university1,academic,StudentID,13,2.02,06/02/2025,01/04/2026,revoked,eth-registry:1aa161be,False
did:example:6b5ea59b0292310c,did:example:gov_issuer,government,ProofOfAge,15,2.61,25/07/2025,10/01/2027,revoked,eth-registry:f42711d6,False
did:example:5f48a4771b203203,did:example:gov_issuer,government,ProofOfAge,17,2.47,25/03/2025,15/03/2028,revoked,eth-registry:a8da9b15,True
did:example:2ed1b5bfa52047cc,did:example:university1,academic,StudentID,14,2.09,28/12/2025,23/03/2027,revoked,eth-registry:a402f099,True
did:example:6183e7923fddae27,did:example:university1,academic,StudentID,13,2.08,17/01/2025,14/02/2027,active,eth-registry:307ef0e3,False
did:example:31533f436df0b5ba,did:example:gov_issuer,government,ProofOfResidence,18,2.38,14/09/2025,13/04/2027,active,eth-registry:18501412,False
did:example:f8415ae6f13757c0,did:example:university1,academic,StudentID,15,2.19,08/05/2024,26/04/2027,active,eth-registry:d2278ae9,False
did:example:e65108d50fd70657,did:example:university1,academic,StudentID,12,1.94,03/05/2024,29/10/2026,active,eth-registry:639f95f5,False
did:example:8ef2486a0043a978,did:example:university1,academic,StudentID,14,2.1,15/08/2024,15/02/2027,active,eth-registry:76e6a7a7,False
did:example:8e026d8c09474d8e,did:example:university1,academic,StudentID,15,1.97,24/08/2025,10/10/2026,active,eth-registry:0cda90d6,False
did:example:c980cb906bc0278d,did:example:university1,academic,StudentID,13,1.92,08/10/2025,27/01/2027,active,eth-registry:e03a5b68,False
did:example:f315c2e4d5b2bc02,did:example:employer1,professional,EmployeeID,10,1.66,20/10/2024,23/05/2027,revoked,eth-registry:9dd25298,True
did:example:8160ad3eee124bea,did:example:employer1,professional,EmployeeID,10,1.95,20/11/2024,05/05/2026,active,eth-registry:610fab4a,True
did:example:b3921de6460d06d6,did:example:employer1,professional,EmployeeID,13,1.67,23/12/2024,05/11/2026,revoked,eth-registry:46fff003,True
did:example:065a072d6b901c39,did:example:gov_issuer,government,ProofOfAge,18,2.41,29/05/2024,15/08/2025,revoked,eth-registry:83c2594a,True
did:example:315237603763c23e,did:example:gov_issuer,government,ProofOfAge,14,2.36,27/01/2025,12/02/2026,revoked,eth-registry:1055ca5c,True
did:example:48817e46f53b7086,did:example:university1,academic,StudentID,14,2.19,28/08/2025,11/02/2028,revoked,eth-registry:719fc103,False
did:example:31af6af84e026683,did:example:gov_issuer,government,ProofOfResidence,16,2.48,03/07/2025,09/11/2026,active,eth-registry:fe21dab8,False
did:example:6157beb53b01921f,did:example:gov_issuer,government,ProofOfResidence,15,2.68,04/03/2024,05/07/2025,revoked,eth-registry:e624e5f8,False
did:example:2b4bc757f64df77f,did:example:employer1,professional,EmployeeID,13,1.87,15/09/2024,24/05/2027,revoked,eth-registry:bbbc5aa8,False
did:example:899977f2ccc95901,did:example:gov_issuer,government,ProofOfAge,18,2.51,12/04/2025,16/09/2027,revoked,eth-registry:62441d23,True
did:example:7760013f2399a11a,did:example:gov_issuer,government,ProofOfAge,15,2.56,09/03/2025,12/08/2026,revoked,eth-registry:d0697ab9,True
did:example:cc460bc6192517b0,did:example:employer1,professional,EmployeeID,10,1.62,26/05/2025,13/02/2028,revoked,eth-registry:645bb80d,True
did:example:067f0f25804e8e1d,did:example:employer1,professional,EmployeeID,11,1.98,30/06/2025,08/06/2028,active,eth-registry:9f70ca83,False
did:example:4b896dfa57b7fb7a,did:example:gov_issuer,government,ProofOfResidence,15,2.68,10/08/2024,06/06/2026,revoked,eth-registry:f0a6bd32,True
did:example:7dc7f0ba29e177ae,did:example:employer1,professional,EmployeeID,13,1.71,09/12/2024,06/11/2026,active,eth-registry:1a6039df,True
did:example:d204ec382fd099b0,did:example:university1,academic,StudentID,14,2.15,01/05/2024,27/08/2026,active,eth-registry:ea2186c8,True
did:example:c0d09f6e11949109,did:example:gov_issuer,government,ProofOfAge,14,2.38,08/06/2025,23/09/2026,revoked,eth-registry:d7e71bc3,False
did:example:06037de77fb956c5,did:example:employer1,professional,EmployeeID,11,1.82,23/11/2024,08/09/2027,active,eth-registry:78055c79,False
did:example:b88df00fe6997cb9,did:example:university1,academic,StudentID,14,2.21,11/09/2024,11/12/2025,active,eth-registry:668ba68c,True
did:example:48899703ce4446f3,did:example:university1,academic,StudentID,13,2.28,05/07/2025,06/01/2028,active,eth-registry:aeb29081,True
did:example:1837c9973cc74856,did:example:university1,academic,StudentID,14,2.04,16/11/2025,11/01/2028,revoked,eth-registry:335a0947,True
did:example:30be815b02514890,did:example:university1,academic,StudentID,13,2.18,10/10/2025,13/01/2027,revoked,eth-registry:51391744,False
did:example:79ed05fd099199d9,did:example:gov_issuer,government,ProofOfResidence,15,2.59,08/04/2024,25/02/2026,revoked,eth-registry:898b4221,True
did:example:a4831cb6deaff40a,did:example:gov_issuer,government,ProofOfAge,14,2.39,19/08/2025,20/03/2027,active,eth-registry:4855de55,True
did:example:52e5d3ed08178839,did:example:university1,academic,StudentID,12,2.15,18/02/2025,04/01/2028,active,eth-registry:1e0a130d,True
did:example:b8e9b47cc2ec1421,did:example:university1,academic,StudentID,12,2.16,21/03/2024,16/04/2026,revoked,eth-registry:6a51ebe6,True
did:example:d24b9c62e5443947,did:example:employer1,professional,EmployeeID,13,1.91,10/10/2024,05/07/2026,revoked,eth-registry:bbd52007,True
did:example:b00305142fd284df,did:example:employer1,professional,EmployeeID,10,2.0,11/06/2024,21/12/2025,active,eth-registry:24deafa2,False
did:example:b73b226ea5cfcb27,did:example:university1,academic,StudentID,14,1.92,07/07/2024,19/10/2025,active,eth-registry:da72dd1e,False
did:example:93b1d522dcfbba3e,did:example:employer1,professional,EmployeeID,14,1.68,27/03/2025,31/03/2027,revoked,eth-registry:814c34b5,False
did:example:10c29c20abd5166c,did:example:employer1,professional,EmployeeID,13,1.66,22/10/2024,29/10/2026,active,eth-registry:619ce977,True
did:example:05a53a33c9a5e941,did:example:gov_issuer,government,ProofOfAge,16,2.36,02/06/2025,28/04/2028,revoked,eth-registry:ebcfee47,False
did:example:20c51d5c89368bdb,did:example:gov_issuer,government,ProofOfResidence,14,2.48,12/08/2025,28/11/2027,revoked,eth-registry:d1325ae3,False
did:example:d3383fa92eca56bd,did:example:employer1,professional,EmployeeID,12,1.95,07/01/2024,03/12/2025,active,eth-registry:fb76b4c7,True
did:example:23fdaee7f98d485a,did:example:gov_issuer,government,ProofOfAge,18,2.48,25/08/2025,24/05/2027,revoked,eth-registry:cc0c32de,True
did:example:1cd760abea0407f0,did:example:university1,academic,StudentID,13,2.17,14/04/2024,22/10/2025,revoked,eth-registry:f55f6e36,True
did:example:0df41196105ac346,did:example:employer1,professional,EmployeeID,14,1.75,05/01/2024,21/04/2026,active,eth-registry:199154c4,False
did:example:f93d90e5a58c296f,did:example:gov_issuer,government,ProofOfResidence,17,2.43,09/03/2024,24/06/2025,revoked,eth-registry:58cf5c6f,False
did:example:211c6bbe34f01fbd,did:example:university1,academic,StudentID,13,2.23,07/02/2024,10/02/2025,active,eth-registry:8165abef,True
did:example:fc411e229d3bf841,did:example:university1,academic,StudentID,12,2.16,06/09/2024,26/06/2027,revoked,eth-registry:7bec7afd,False
did:example:f02843dba73931d7,did:example:employer1,professional,EmployeeID,10,1.74,05/09/2025,29/09/2026,revoked,eth-registry:ef71f1f3,True
did:example:eac58e43f1da8f51,did:example:employer1,professional,EmployeeID,11,1.97,12/05/2025,26/10/2026,active,eth-registry:d4223961,False
did:example:38511dc5b7d61778,did:example:university1,academic,StudentID,13,2.1,19/11/2024,01/01/2027,active,eth-registry:e4b6f650,True
did:example:40ab57b8bc0652c5,did:example:university1,academic,StudentID,14,1.98,20/11/2025,10/04/2027,revoked,eth-registry:89e3edc4,True
did:example:e892abaff1551b0c,did:example:university1,academic,StudentID,14,2.09,22/12/2024,25/04/2027,active,eth-registry:92a13b0f,False
did:example:0fa769e1299df3a6,did:example:employer1,professional,EmployeeID,12,1.87,06/03/2024,12/04/2026,revoked,eth-registry:c9f951f0,True
did:example:ff736548710a16f0,did:example:gov_issuer,government,ProofOfResidence,17,2.45,15/01/2024,09/03/2025,active,eth-registry:f5b57f61,True
did:example:8b388dc36b249435,did:example:gov_issuer,government,ProofOfAge,17,2.64,04/01/2025,07/12/2026,active,eth-registry:82931e70,False
did:example:fb7bf30e09265982,did:example:university1,academic,StudentID,14,2.11,13/06/2024,10/02/2027,active,eth-registry:d6f580e5,True
did:example:99098e1def8134aa,did:example:employer1,professional,EmployeeID,14,1.79,29/09/2024,07/07/2026,revoked,eth-registry:0c380a21,True
did:example:c178ca07bae79050,did:example:gov_issuer,government,ProofOfAge,15,2.64,14/08/2024,22/12/2026,active,eth-registry:13c43c05,True
did:example:9f1df4b5eb46b36b,did:example:university1,academic,StudentID,15,2.09,18/10/2024,14/12/2026,revoked,eth-registry:002b4ba6,False
did:example:1c28a3847f3ae5a7,did:example:gov_issuer,government,ProofOfAge,16,2.47,04/12/2025,05/11/2027,revoked,eth-registry:e1388799,True
did:example:5f569d58bbcb2b9b,did:example:university1,academic,StudentID,12,1.94,19/02/2024,10/04/2026,revoked,eth-registry:84019387,False
did:example:c6e1af2070fa810c,did:example:employer1,professional,EmployeeID,10,1.74,20/03/2024,11/03/2026,active,eth-registry:2cfd4067,True
did:example:1f9f299cb8bdc326,did:example:gov_issuer,government,ProofOfResidence,14,2.46,29/07/2024,17/09/2025,active,eth-registry:6ad3d08f,False
did:example:0a84c313a07d39cf,did:example:employer1,professional,EmployeeID,14,1.67,26/06/2025,10/05/2027,active,eth-registry:0ce48249,True
did:example:1d70cd1245c3deb0,did:example:gov_issuer,government,ProofOfAge,14,2.54,03/07/2024,02/05/2026,active,eth-registry:5101ca89,True
did:example:e2e4a8889dd74b09,did:example:employer1,professional,EmployeeID,14,1.66,01/07/2024,21/01/2027,revoked,eth-registry:7685e147,True
did:example:2b8fa89bd3538b06,did:example:university1,academic,StudentID,15,1.99,09/06/2025,18/11/2027,revoked,eth-registry:00bc0d7a,True
did:example:403772ea3345c139,did:example:gov_issuer,government,ProofOfResidence,16,2.52,15/03/2025,08/05/2027,revoked,eth-registry:0a083ad5,False
did:example:1ba97863ea738013,did:example:university1,academic,StudentID,15,2.01,14/04/2025,18/01/2027,active,eth-registry:22eb87fd,False
did:example:d684ced30afad2ca,did:example:gov_issuer,government,ProofOfResidence,18,2.56,27/04/2025,31/07/2027,revoked,eth-registry:8dd32b9a,False
did:example:2be6cef36df5d7b6,did:example:university1,academic,StudentID,15,2.18,10/04/2025,08/04/2028,revoked,eth-registry:d6508f94,False
did:example:492a85c18497663b,did:example:university1,academic,StudentID,13,2.02,10/02/2025,14/10/2027,active,eth-registry:d3b81741,True
did:example:9995956fb0c30069,did:example:employer1,professional,EmployeeID,11,1.63,14/01/2025,05/07/2026,revoked,eth-registry:f4495525,True
did:example:3f4caf0bbf95c6bd,did:example:employer1,professional,EmployeeID,10,1.8,14/07/2025,03/02/2027,revoked,eth-registry:52688edc,True
did:example:614afae4e075e476,did:example:employer1,professional,EmployeeID,14,1.64,07/09/2024,04/09/2026,revoked,eth-registry:b71ac5ec,True
did:example:d6cc006c6d385d12,did:example:gov_issuer,government,ProofOfResidence,18,2.51,23/08/2024,18/12/2026,active,eth-registry:aca84e69,False
did:example:4d9123ad90f96281,did:example:employer1,professional,EmployeeID,12,1.89,27/06/2024,01/11/2026,active,eth-registry:c928e1f8,False
did:example:540f4f65ec383f72,did:example:employer1,professional,EmployeeID,10,1.85,29/08/2025,23/03/2028,active,eth-registry:51812fed,False
did:example:12688c8112534011,did:example:employer1,professional,EmployeeID,14,1.78,09/01/2024,12/02/2026,active,eth-registry:03e551a9,True
did:example:c7837193a6ad5c44,did:example:employer1,professional,EmployeeID,11,1.98,01/06/2024,24/01/2027,active,eth-registry:9f16f1ab,True
did:example:8cc5cdb46a545e7c,did:example:gov_issuer,government,ProofOfAge,16,2.34,18/04/2024,16/05/2025,active,eth-registry:d25e77d0,False
did:example:61eacf447c264954,did:example:employer1,professional,EmployeeID,13,1.95,30/09/2024,07/03/2026,active,eth-registry:9925a959,True
did:example:dd58a2505c1a7ef2,did:example:employer1,professional,EmployeeID,10,1.92,09/06/2024,19/06/2026,revoked,eth-registry:fb769309,False
did:example:f1e95dc3582766d8,did:example:university1,academic,StudentID,12,2.07,04/01/2025,20/01/2027,active,eth-registry:34c46aa0,True
did:example:e503848949dd41b7,did:example:employer1,professional,EmployeeID,10,1.66,14/12/2025,19/11/2028,active,eth-registry:088bb1cd,True
did:example:d1777ac12b8998f6,did:example:gov_issuer,government,ProofOfAge,18,2.36,08/11/2024,05/03/2027,active,eth-registry:768bec20,False
did:example:71e4ae8a22e9efd2,did:example:university1,academic,StudentID,15,2.27,10/12/2025,03/10/2027,revoked,eth-registry:019261cf,True
did:example:779f1aeaae52eb94,did:example:university1,academic,StudentID,13,1.99,13/08/2024,15/10/2026,revoked,eth-registry:10f36c1d,False
did:example:3c8dd848e5f71fd3,did:example:gov_issuer,government,ProofOfResidence,16,2.65,15/07/2025,07/10/2026,active,eth-registry:53f43e8a,True
did:example:14f65a99d6da87a9,did:example:university1,academic,StudentID,13,2.1,10/04/2024,21/01/2026,active,eth-registry:984c17ed,True
did:example:c993c049c1170351,did:example:employer1,professional,EmployeeID,11,1.78,22/03/2025,06/04/2026,revoked,eth-registry:ecf45663,True
did:example:13d766bc1d32615c,did:example:employer1,professional,EmployeeID,12,1.85,03/07/2025,20/10/2026,active,eth-registry:82eac059,True
did:example:7c34b21308cb579f,did:example:university1,academic,StudentID,13,1.99,03/05/2025,28/02/2027,revoked,eth-registry:2e056dfc,False
did:example:c92b0bae656f0a0e,did:example:employer1,professional,EmployeeID,13,1.77,16/11/2025,19/11/2026,revoked,eth-registry:3761be6e,True
did:example:1379e766fcfa1435,did:example:university1,academic,StudentID,13,2.28,15/03/2025,28/07/2026,revoked,eth-registry:8bf2bc63,False
did:example:74c8979195aaa4be,did:example:employer1,professional,EmployeeID,13,1.7,04/03/2025,17/12/2027,active,eth-registry:f4b1741e,True
did:example:e525fe70a21cd21e,did:example:university1,academic,StudentID,15,2.27,17/04/2025,18/12/2027,revoked,eth-registry:45c3b189,False
did:example:494a336255eaaa4d,did:example:employer1,professional,EmployeeID,11,2.0,15/09/2024,04/11/2026,revoked,eth-registry:e30cce88,False
did:example:4e1b83df4c994127,did:example:employer1,professional,EmployeeID,10,1.62,09/06/2024,06/05/2027,active,eth-registry:f53bff20,False
did:example:47768a6fec797c29,did:example:employer1,professional,EmployeeID,12,1.81,23/10/2025,14/11/2026,revoked,eth-registry:7e648f03,True
did:example:cd6b431f385b771e,did:example:university1,academic,StudentID,12,1.97,14/12/2025,31/10/2028,active,eth-registry:25a3e4ff,False
did:example:f3460f308c6d6dff,did:example:university1,academic,StudentID,12,2.15,11/11/2025,08/11/2027,revoked,eth-registry:97190ff0,False
did:example:35a3a1b5449be73b,did:example:gov_issuer,government,ProofOfResidence,17,2.7,07/07/2025,06/04/2027,active,eth-registry:4ab0ca32,True
did:example:310af42dbab7fe31,did:example:gov_issuer,government,ProofOfAge,16,2.66,12/06/2024,10/01/2027,active,eth-registry:3976e75e,True
did:example:251655903bd08621,did:example:university1,academic,StudentID,14,2.27,20/06/2024,18/05/2026,revoked,eth-registry:d0e042dc,False
did:example:5d95f0de30267e6e,did:example:university1,academic,StudentID,15,1.99,14/08/2024,27/10/2026,active,eth-registry:6eb5aa60,True
did:example:c7b1cb275214805c,did:example:university1,academic,StudentID,12,2.12,10/01/2025,28/08/2026,revoked,eth-registry:c61b457d,True
did:example:3e18996fbaa45719,did:example:university1,academic,StudentID,13,1.99,21/06/2024,09/07/2026,revoked,eth-registry:fd0ae77a,False
did:example:cf07c458ac88d3b0,did:example:gov_issuer,government,ProofOfResidence,14,2.66,30/07/2025,01/11/2026,active,eth-registry:c5941ea8,True
did:example:8fc1e62f02ef53a0,did:example:employer1,professional,EmployeeID,12,1.68,02/03/2024,06/08/2025,revoked,eth-registry:afd9f5a5,True
did:example:16f663ab79cd2707,did:example:gov_issuer,government,ProofOfAge,15,2.36,28/10/2025,10/12/2027,revoked,eth-registry:cd10a971,True
did:example:da03e84f5a068e4d,did:example:gov_issuer,government,ProofOfResidence,18,2.3,26/11/2024,16/10/2027,revoked,eth-registry:2dea42ed,True
did:example:dbddd811761bddb1,did:example:university1,academic,StudentID,13,1.97,07/10/2024,20/02/2026,revoked,eth-registry:04fae5c7,False
did:example:30b306b8512a48e2,did:example:employer1,professional,EmployeeID,11,1.68,25/11/2024,21/01/2027,revoked,eth-registry:d34cb1d8,False
did:example:7d861d9be6c4b420,did:example:university1,academic,StudentID,12,1.93,19/12/2024,31/01/2026,revoked,eth-registry:00c8353c,True
did:example:3500cf8bf5db659f,did:example:gov_issuer,government,ProofOfResidence,14,2.65,07/02/2025,12/02/2027,revoked,eth-registry:51e2f85f,True
did:example:76f99652bc5085fa,did:example:employer1,professional,EmployeeID,11,1.91,14/08/2024,26/04/2027,revoked,eth-registry:3f027642,False
did:example:79cc51b43becff91,did:example:university1,academic,StudentID,12,2.0,10/08/2024,15/04/2026,active,eth-registry:0a768b6f,False
did:example:c462b17bd899eca4,did:example:gov_issuer,government,ProofOfAge,17,2.61,02/10/2024,08/05/2027,active,eth-registry:5fce78d0,True
did:example:9b39c0341c5bb142,did:example:university1,academic,StudentID,15,2.07,24/04/2024,05/02/2026,revoked,eth-registry:f53eb4a6,False
did:example:3f43045c41a41c06,did:example:employer1,professional,EmployeeID,14,1.91,15/06/2024,23/04/2027,revoked,eth-registry:709b505c,False
did:example:56e79fc7a26a43be,did:example:university1,academic,StudentID,15,2.03,02/11/2024,04/02/2027,revoked,eth-registry:6269e341,True
did:example:3e3cf1bd5e046edb,did:example:gov_issuer,government,ProofOfAge,18,2.53,22/01/2024,17/09/2025,revoked,eth-registry:ef470a1c,False
did:example:ca0ef37ecbbefdd9,did:example:employer1,professional,EmployeeID,12,1.75,02/11/2024,14/05/2026,active,eth-registry:366ab84e,False
did:example:3c3ade6c1e20318e,did:example:gov_issuer,government,ProofOfAge,15,2.38,31/10/2024,29/07/2027,active,eth-registry:da2ab6ce,False
did:example:73622581b6dbe141,did:example:gov_issuer,government,ProofOfAge,17,2.53,02/01/2024,18/12/2025,revoked,eth-registry:7ab121f3,True
did:example:c6fbde14630ed923,did:example:university1,academic,StudentID,13,2.2,09/12/2024,26/09/2026,revoked,eth-registry:fd13b7df,True
did:example:5670f48184ec9aa6,did:example:employer1,professional,EmployeeID,13,1.9,28/04/2025,30/06/2027,active,eth-registry:99649c41,False
did:example:f02e04e9ef25811b,did:example:employer1,professional,EmployeeID,14,1.74,24/07/2025,15/09/2026,revoked,eth-registry:a72b76c4,True
did:example:6e4b329a53f8fb50,did:example:gov_issuer,government,ProofOfAge,14,2.51,10/10/2024,21/02/2026,active,eth-registry:4234ec96,False
did:example:8bf7639b671b7205,did:example:gov_issuer,government,ProofOfResidence,17,2.61,17/01/2025,17/12/2026,active,eth-registry:82f0c9a7,False
did:example:2891a75ef6fd0b27,did:example:university1,academic,StudentID,15,1.92,27/02/2024,26/09/2025,revoked,eth-registry:3649da8d,True
did:example:702ead7b8b253944,did:example:university1,academic,StudentID,14,1.93,26/08/2024,04/10/2026,active,eth-registry:dcfa6495,False
did:example:4a926adf5c3f8dad,did:example:university1,academic,StudentID,13,2.05,30/04/2025,09/01/2027,revoked,eth-registry:393a3f3c,True
did:example:b5fb7dbec3bf5735,did:example:university1,academic,StudentID,13,1.99,04/12/2024,15/10/2026,active,eth-registry:b2306b90,False
did:example:af6bc369e4d6a550,did:example:university1,academic,StudentID,12,2.05,28/11/2025,19/06/2028,revoked,eth-registry:43832ff2,False
did:example:7273f93ba83e1a25,did:example:employer1,professional,EmployeeID,11,1.64,04/08/2025,29/02/2028,revoked,eth-registry:6a9a84e5,True
did:example:2b13f0f02d2cb043,did:example:employer1,professional,EmployeeID,13,1.84,25/10/2025,26/05/2027,revoked,eth-registry:451f18f1,False
did:example:e5c6c2b083413a19,did:example:employer1,professional,EmployeeID,12,1.87,17/12/2024,31/08/2026,revoked,eth-registry:03fd663c,True
did:example:9a01f48a23719247,did:example:university1,academic,StudentID,12,2.22,26/02/2024,07/06/2026,revoked,eth-registry:39dd3d2d,True
did:example:de6dd6ab7f73a460,did:example:employer1,professional,EmployeeID,12,1.86,09/02/2025,14/12/2027,active,eth-registry:c400577b,True
did:example:a3594423f89e3f78,did:example:university1,academic,StudentID,15,2.06,22/11/2025,24/12/2027,revoked,eth-registry:f15313a4,False
did:example:48808c50768125b2,did:example:gov_issuer,government,ProofOfAge,14,2.67,06/05/2024,29/06/2025,revoked,eth-registry:cf31342e,False
did:example:1dd8a1ecc3374bcf,did:example:gov_issuer,government,ProofOfAge,14,2.59,03/12/2025,11/02/2028,active,eth-registry:48f5cd54,False
did:example:c0599cc124714283,did:example:gov_issuer,government,ProofOfAge,18,2.51,06/01/2024,15/06/2026,revoked,eth-registry:3ed22d3b,True
did:example:35c170def1492d4f,did:example:employer1,professional,EmployeeID,13,1.68,24/03/2025,06/02/2028,active,eth-registry:12b42531,False
did:example:2816a9d1fd979ebd,did:example:employer1,professional,EmployeeID,12,1.86,10/11/2025,19/09/2028,revoked,eth-registry:32824a95,False
did:example:7d7b943ee55925d2,did:example:university1,academic,StudentID,15,2.14,03/06/2024,20/10/2026,revoked,eth-registry:2ddcbc61,False
did:example:affa4c8e50ea5874,did:example:university1,academic,StudentID,14,2.17,14/07/2024,22/08/2026,revoked,eth-registry:9e34bc06,False
did:example:a7e1dfef8d85abc3,did:example:employer1,professional,EmployeeID,12,1.91,13/08/2025,13/12/2026,revoked,eth-registry:22570673,True
did:example:b88aba3ebc705feb,did:example:employer1,professional,EmployeeID,11,1.97,11/09/2024,15/06/2027,revoked,eth-registry:83cacf9a,False
did:example:9f6ce99b992b3feb,did:example:employer1,professional,EmployeeID,14,1.98,23/04/2025,06/04/2027,active,eth-registry:d4af805f,True
did:example:b29463de66dc6a89,did:example:employer1,professional,EmployeeID,13,1.85,24/03/2024,11/08/2026,revoked,eth-registry:6d6394ef,True
did:example:df1c6ec9b6276262,did:example:university1,academic,StudentID,13,2.29,06/05/2025,25/10/2027,revoked,eth-registry:cc667250,True
did:example:76b8005e87d1e26d,did:example:university1,academic,StudentID,14,2.26,10/01/2025,20/01/2026,revoked,eth-registry:2003ce19,False
did:example:93a8a10e1550c73d,did:example:university1,academic,StudentID,14,1.9,01/01/2025,30/09/2026,active,eth-registry:b478dbed,False
did:example:bda31fa3bc5c36a8,did:example:university1,academic,StudentID,12,2.16,22/06/2025,25/10/2027,revoked,eth-registry:85bbbad3,True
did:example:ad5f9f4e8680c15f,did:example:employer1,professional,EmployeeID,10,1.67,23/11/2024,04/11/2026,active,eth-registry:f43d17f7,True
did:example:1f203e78476134e6,did:example:university1,academic,StudentID,14,2.02,16/05/2025,07/09/2027,active,eth-registry:c3e0cd90,True
did:example:81580e82a82d25b2,did:example:employer1,professional,EmployeeID,13,1.72,07/11/2024,23/12/2026,active,eth-registry:f2ed3151,True
did:example:e99f89cf040a90b5,did:example:gov_issuer,government,ProofOfAge,17,2.49,17/09/2025,17/09/2026,active,eth-registry:3c441bbe,False
did:example:9776215bbdd25661,did:example:university1,academic,StudentID,13,1.9,10/02/2025,21/09/2026,active,eth-registry:cd48b2b9,False
did:example:d693d08f4dc529c2,did:example:gov_issuer,government,ProofOfResidence,18,2.39,28/07/2024,23/05/2026,active,eth-registry:78d07451,True
did:example:b79c332e408dca55,did:example:gov_issuer,government,ProofOfAge,16,2.31,04/10/2025,12/07/2027,revoked,eth-registry:d2a1cb12,True
did:example:f6fd16ed204028d6,did:example:gov_issuer,government,ProofOfResidence,15,2.56,18/08/2024,15/09/2025,revoked,eth-registry:8959e7c8,False
did:example:27f8132d45a1e9ed,did:example:university1,academic,StudentID,12,2.26,19/11/2025,02/12/2026,active,eth-registry:c4c1ea38,True
did:example:092a656638a4b453,did:example:employer1,professional,EmployeeID,14,2.0,06/12/2025,08/07/2027,revoked,eth-registry:5ed51dc4,False
did:example:26b6212dbc7391de,did:example:university1,academic,StudentID,14,2.08,11/02/2025,26/10/2027,revoked,eth-registry:c5864fef,False
did:example:8d8afebff3e4e1fa,did:example:university1,academic,StudentID,13,2.0,29/11/2024,20/11/2027,active,eth-registry:9a72af44,False
did:example:e661ffc766509a26,did:example:gov_issuer,government,ProofOfAge,15,2.64,13/07/2024,16/03/2027,revoked,eth-registry:38ecd56c,False
did:example:57e2825f2b9faa5b,did:example:employer1,professional,EmployeeID,10,1.65,02/09/2025,20/07/2028,revoked,eth-registry:343c31fe,False
did:example:db2600ee517f6c52,did:example:university1,academic,StudentID,12,2.29,15/07/2024,23/05/2027,revoked,eth-registry:9141dc68,False
did:example:65f85dbafe401f1d,did:example:university1,academic,StudentID,12,2.19,23/03/2025,05/08/2027,revoked,eth-registry:d909b9c6,False
did:example:def2aece11b0fa53,did:example:gov_issuer,government,ProofOfResidence,16,2.5,10/08/2025,07/11/2026,revoked,eth-registry:d8bc61ad,False
did:example:d2f09b407e8819a7,did:example:employer1,professional,EmployeeID,10,1.64,12/05/2024,04/02/2026,revoked,eth-registry:cdf7987a,True
did:example:909c5f5b7e0b1ba1,did:example:employer1,professional,EmployeeID,10,1.61,06/05/2024,26/10/2026,active,eth-registry:78a8717b,True
did:example:af76efbe85399787,did:example:gov_issuer,government,ProofOfResidence,15,2.52,30/11/2025,15/09/2027,revoked,eth-registry:eff0b677,True
did:example:588c9780604ce9a9,did:example:employer1,professional,EmployeeID,13,1.77,22/12/2025,06/07/2027,active,eth-registry:e9a0ffe8,False
did:example:065ef6f83014042a,did:example:employer1,professional,EmployeeID,12,1.94,25/08/2024,21/09/2025,active,eth-registry:f8266f63,False
did:example:9ee6baff5dc4eefd,did:example:employer1,professional,EmployeeID,10,1.86,18/06/2024,20/02/2026,active,eth-registry:6b4a3085,True
did:example:ece03d810651287d,did:example:university1,academic,StudentID,14,2.07,14/04/2025,17/12/2026,revoked,eth-registry:1086e841,True
did:example:ec3179ee684e7257,did:example:gov_issuer,government,ProofOfAge,16,2.39,02/03/2025,17/10/2027,active,eth-registry:9926b2ef,True
did:example:366047c0bb36b1f6,did:example:employer1,professional,EmployeeID,10,1.79,05/07/2024,29/01/2027,active,eth-registry:e4f9c8c5,True
did:example:e337b3012d228a60,did:example:employer1,professional,EmployeeID,13,1.67,06/06/2024,27/08/2025,revoked,eth-registry:f47fe400,False
did:example:cb97b7b69217dc6c,did:example:university1,academic,StudentID,15,2.17,24/02/2025,10/03/2027,active,eth-registry:c32f7f2e,True
did:example:e60e9e423dfbf5d3,did:example:gov_issuer,government,ProofOfAge,16,2.54,19/07/2024,10/05/2027,revoked,eth-registry:c041058d,True
did:example:765f04e13cddcca4,did:example:gov_issuer,government,ProofOfResidence,14,2.62,30/01/2025,13/01/2027,revoked,eth-registry:cf9d8d91,False
did:example:d3f2a84707e9d41a,did:example:employer1,professional,EmployeeID,11,1.78,17/05/2025,15/04/2028,revoked,eth-registry:0f90dd74,False
did:example:053400e7efbcb518,did:example:gov_issuer,government,ProofOfResidence,16,2.41,09/07/2024,13/09/2025,revoked,eth-registry:4061cfc5,False
did:example:680463cdc87acb3a,did:example:university1,academic,StudentID,15,2.23,21/02/2025,14/10/2026,revoked,eth-registry:4508c3b2,True
did:example:4cebf6ef0cf61adc,did:example:university1,academic,StudentID,15,2.18,23/12/2025,24/10/2028,active,eth-registry:61f92d07,True
did:example:90f2d108558c09d2,did:example:university1,academic,StudentID,15,2.18,28/01/2025,05/07/2027,revoked,eth-registry:742b3718,False
did:example:19ad0594900dfb97,did:example:employer1,professional,EmployeeID,14,1.81,12/04/2024,04/11/2025,active,eth-registry:93b0d619,False
did:example:8f95fc99dc693aea,did:example:university1,academic,StudentID,14,2.25,21/06/2025,02/04/2028,active,eth-registry:49195efc,False
did:example:08b8538fad45040a,did:example:university1,academic,StudentID,14,1.99,19/11/2024,25/08/2026,revoked,eth-registry:f79da6a6,False
did:example:b8e908c9e1abacfc,did:example:employer1,professional,EmployeeID,13,1.76,07/06/2025,07/01/2028,active,eth-registry:c986f574,False
did:example:04a4615f1c6a5f77,did:example:employer1,professional,EmployeeID,13,1.92,23/01/2024,20/09/2025,active,eth-registry:a8cb3e45,False
did:example:629b4ca520f7ee50,did:example:university1,academic,StudentID,14,1.95,04/06/2025,06/02/2027,active,eth-registry:5c8121bc,False
did:example:49be93d87b0e4315,did:example:university1,academic,StudentID,12,2.22,14/05/2025,09/01/2027,revoked,eth-registry:bcd73806,False
did:example:afc9f3268328baa9,did:example:university1,academic,StudentID,15,2.04,03/01/2024,25/09/2025,revoked,eth-registry:eb50ff34,False
did:example:537b15803d440ab8,did:example:university1,academic,StudentID,12,1.95,03/12/2024,14/02/2027,active,eth-registry:b9b1ee98,False
did:example:42572027aae46992,did:example:employer1,professional,EmployeeID,12,1.63,09/12/2024,23/07/2027,active,eth-registry:9112f72a,False
did:example:041d06ffaab16a8d,did:example:employer1,professional,EmployeeID,12,1.94,13/02/2025,17/05/2027,active,eth-registry:ad29ce14,True
did:example:a2b83b47fe44c2ac,did:example:employer1,professional,EmployeeID,14,1.91,26/03/2025,13/04/2026,active,eth-registry:12253c69,False
did:example:41b2b8632a842062,did:example:university1,academic,StudentID,12,2.02,25/05/2025,05/08/2027,revoked,eth-registry:a17615f6,True
did:example:39903321ae4b43df,did:example:employer1,professional,EmployeeID,12,1.65,29/10/2025,09/09/2027,revoked,eth-registry:5c45843e,True
did:example:e3e0dfcd263d88f1,did:example:university1,academic,StudentID,13,2.0,12/07/2025,31/08/2026,revoked,eth-registry:311b19a9,True
did:example:14a5573fa80ffab1,did:example:gov_issuer,government,ProofOfAge,14,2.39,15/08/2024,13/04/2026,active,eth-registry:e2b0bee6,True
did:example:a4bf6f4c4ba801bb,did:example:employer1,professional,EmployeeID,11,1.89,07/12/2025,14/11/2028,revoked,eth-registry:2cebdf54,True
did:example:089f9a7c2e6a99de,did:example:university1,academic,StudentID,13,1.99,15/12/2024,26/08/2026,revoked,eth-registry:5cd2cb63,False
did:example:92a17c57921d36e7,did:example:gov_issuer,government,ProofOfResidence,18,2.39,23/09/2025,26/02/2028,revoked,eth-registry:ad5532fa,True
did:example:d2e950299b0b919f,did:example:gov_issuer,government,ProofOfResidence,15,2.31,20/12/2024,14/05/2026,active,eth-registry:79ca07de,False
did:example:ba66303bcbf7f342,did:example:employer1,professional,EmployeeID,14,1.84,24/08/2024,31/05/2027,active,eth-registry:f26567d6,True
did:example:bd2b3dad373ed705,did:example:gov_issuer,government,ProofOfResidence,17,2.58,12/06/2025,28/01/2028,active,eth-registry:00fc7200,True
did:example:13742d8da48b640b,did:example:university1,academic,StudentID,15,2.16,15/06/2025,09/10/2026,revoked,eth-registry:21771bd6,True
did:example:cfcc4e0624b614b1,did:example:gov_issuer,government,ProofOfAge,18,2.53,29/03/2024,16/08/2026,revoked,eth-registry:fd183422,False
did:example:9d2679d3f476b4fd,did:example:university1,academic,StudentID,14,2.29,25/02/2024,06/01/2027,revoked,eth-registry:8b3d0260,False
did:example:6686c1826b95dea8,did:example:employer1,professional,EmployeeID,13,1.79,07/07/2025,28/04/2028,active,eth-registry:cb084581,True
did:example:c706bb4f983b9c1d,did:example:university1,academic,StudentID,12,2.24,09/04/2024,18/09/2026,active,eth-registry:303bbb18,True
did:example:22cdb93b86d29ced,did:example:gov_issuer,government,ProofOfResidence,17,2.56,01/12/2024,18/05/2027,revoked,eth-registry:60c8e3ff,False
did:example:37ad82b4408a7b9f,did:example:gov_issuer,government,ProofOfResidence,14,2.33,01/12/2024,02/12/2026,active,eth-registry:2ae0083f,False
did:example:be6b8d5aea397347,did:example:university1,academic,StudentID,14,2.22,17/11/2024,06/03/2026,revoked,eth-registry:97dc6e45,True
did:example:d64fc782faf5e9c8,did:example:university1,academic,StudentID,14,2.13,01/12/2024,17/12/2025,active,eth-registry:124f06dd,True
did:example:9c54b9a0a714904a,did:example:university1,academic,StudentID,15,2.16,25/11/2025,27/06/2027,active,eth-registry:626c9e17,False
did:example:bc00e9869b389d13,did:example:employer1,professional,EmployeeID,13,1.67,04/01/2025,08/07/2026,revoked,eth-registry:3af0120d,True
did:example:70d5d621f7252c85,did:example:university1,academic,StudentID,13,2.07,26/09/2025,25/07/2028,revoked,eth-registry:5e912cde,False
did:example:23a6972c8fc77212,did:example:university1,academic,StudentID,13,2.25,13/12/2024,18/08/2027,active,eth-registry:78fde948,False
did:example:a632bd44a21805c7,did:example:university1,academic,StudentID,14,1.99,10/12/2024,04/08/2026,revoked,eth-registry:92e08008,True
did:example:4cc56a81e2515f25,did:example:employer1,professional,EmployeeID,12,1.6,13/04/2025,15/01/2027,revoked,eth-registry:2635f4e9,False
did:example:73df3e55bd6844ef,did:example:university1,academic,StudentID,13,2.0,19/06/2024,14/12/2026,revoked,eth-registry:1f0494ae,False
did:example:5208f0fa120dfd86,did:example:university1,academic,StudentID,13,2.1,28/11/2025,06/04/2028,revoked,eth-registry:fbcb9b38,True
did:example:d74871dff66ec1b9,did:example:employer1,professional,EmployeeID,12,1.93,12/11/2025,21/08/2028,revoked,eth-registry:1662f5f4,True
did:example:7e197ba7f919700f,did:example:university1,academic,StudentID,12,2.16,06/05/2024,22/10/2026,revoked,eth-registry:31af8544,False
did:example:1d06c837a11e867d,did:example:university1,academic,StudentID,14,2.27,17/04/2024,04/09/2026,revoked,eth-registry:78177779,False
did:example:e5656ce85843030d,did:example:university1,academic,StudentID,13,2.08,18/09/2024,07/04/2027,active,eth-registry:1d16fbfd,True
did:example:2c3d6d9b4a406f41,did:example:gov_issuer,government,ProofOfResidence,15,2.46,19/05/2024,03/03/2027,active,eth-registry:fc9ab0ae,False
did:example:a31fa7ad5b171723,did:example:gov_issuer,government,ProofOfAge,16,2.39,24/02/2024,29/11/2025,revoked,eth-registry:2a21e08b,True
did:example:45df8ccee23c668c,did:example:gov_issuer,government,ProofOfResidence,14,2.39,13/08/2025,12/02/2027,active,eth-registry:543fe6f3,True
did:example:6f8405a4d133e623,did:example:employer1,professional,EmployeeID,13,1.89,26/05/2024,22/03/2027,active,eth-registry:1e32a7da,True
did:example:3ce62553e6953c72,did:example:employer1,professional,EmployeeID,13,1.63,26/09/2024,22/01/2026,revoked,eth-registry:278e168a,False
did:example:e7596938f661aaf3,did:example:gov_issuer,government,ProofOfAge,18,2.4,22/12/2025,23/07/2027,active,eth-registry:3e7d69c1,True
did:example:47bb6c4f715e7a68,did:example:employer1,professional,EmployeeID,11,1.95,18/10/2024,25/01/2026,active,eth-registry:1eb56859,False
did:example:f99da7a37c119766,did:example:gov_issuer,government,ProofOfAge,16,2.53,29/01/2024,01/10/2026,active,eth-registry:5a9a01e3,False
did:example:5a52eff68ef60f5b,did:example:employer1,professional,EmployeeID,12,1.62,26/06/2024,27/04/2027,active,eth-registry:0a004d9f,True
did:example:fb9c928136f4caf5,did:example:university1,academic,StudentID,14,2.18,05/06/2024,11/04/2026,active,eth-registry:1e5aaa74,True
did:example:7d1cb1b81bf45c0a,did:example:university1,academic,StudentID,14,2.1,10/02/2025,23/04/2026,active,eth-registry:a40cea00,False
did:example:ac12d6293a373940,did:example:gov_issuer,government,ProofOfAge,18,2.64,07/11/2024,27/04/2026,revoked,eth-registry:d5df6901,True
did:example:f22d940ae6e8db65,did:example:university1,academic,StudentID,15,2.17,26/02/2024,24/04/2026,revoked,eth-registry:5fdaa6e8,True
did:example:c11a28fe5bd8d77c,did:example:employer1,professional,EmployeeID,10,1.6,01/08/2024,09/04/2026,revoked,eth-registry:98f65907,False
did:example:fc3eb121b09a71ba,did:example:university1,academic,StudentID,13,1.98,08/12/2024,09/06/2027,active,eth-registry:d760fcec,False
did:example:f0ef2314cdba2c2a,did:example:university1,academic,StudentID,14,2.0,02/02/2025,09/09/2027,active,eth-registry:94b121d0,True
did:example:1767476439f5e85a,did:example:employer1,professional,EmployeeID,12,1.88,01/11/2024,16/09/2026,revoked,eth-registry:cfd720f2,False
did:example:05d8b9c4a3e99c41,did:example:university1,academic,StudentID,13,2.1,25/12/2025,18/03/2028,active,eth-registry:1c0b3bd9,False
did:example:bfd204e430c3caa2,did:example:gov_issuer,government,ProofOfAge,14,2.6,25/12/2024,09/02/2026,active,eth-registry:923d796d,True
did:example:016937a75d07b31b,did:example:gov_issuer,government,ProofOfResidence,16,2.51,29/05/2025,05/09/2026,active,eth-registry:95a8ae85,True
did:example:3403a73e0da8e235,did:example:university1,academic,StudentID,14,2.03,21/02/2025,24/10/2026,active,eth-registry:59760c52,False
did:example:59f0aabda1809901,did:example:employer1,professional,EmployeeID,10,1.64,23/10/2024,21/01/2026,active,eth-registry:742ce1ea,True
did:example:e426ca8663236023,did:example:gov_issuer,government,ProofOfResidence,16,2.38,21/01/2024,30/01/2025,revoked,eth-registry:a878a505,True
did:example:1b294624de11c6d0,did:example:university1,academic,StudentID,15,2.06,14/05/2025,28/09/2027,revoked,eth-registry:9ad43b1e,True
did:example:718075e34b249c02,did:example:employer1,professional,EmployeeID,12,1.82,20/09/2025,07/10/2026,active,eth-registry:6971cfb6,False
did:example:b5ec659dc4f91669,did:example:university1,academic,StudentID,15,2.28,29/09/2025,23/03/2027,revoked,eth-registry:5526d022,True
did:example:7ae2ea681dc55278,did:example:university1,academic,StudentID,13,2.0,02/08/2025,11/01/2028,active,eth-registry:dcc928b9,True
did:example:96507f84101bf9f1,did:example:gov_issuer,government,ProofOfAge,14,2.57,16/06/2024,15/11/2025,revoked,eth-registry:fd41ebd2,False
did:example:15e670fc9b4c31c7,did:example:employer1,professional,EmployeeID,13,1.66,26/11/2024,11/05/2026,active,eth-registry:63206205,False
did:example:4cab6c88f0853b28,did:example:gov_issuer,government,ProofOfAge,15,2.59,08/06/2025,07/12/2027,revoked,eth-registry:b4d11525,True
did:example:a691a4da1913efa3,did:example:university1,academic,StudentID,12,1.9,18/06/2025,04/07/2026,revoked,eth-registry:b757e710,False
did:example:c9f0895005c587b6,did:example:employer1,professional,EmployeeID,10,1.86,24/03/2025,14/11/2026,active,eth-registry:fb8aa9fd,True
did:example:ce4922f0e0c6af7a,did:example:university1,academic,StudentID,15,1.97,05/02/2024,02/03/2026,revoked,eth-registry:1c03f48c,True
did:example:0c12823910b69376,did:example:university1,academic,StudentID,15,1.97,20/06/2025,08/08/2026,revoked,eth-registry:a2a1c7dc,True
did:example:211e606ad5010d79,did:example:gov_issuer,government,ProofOfAge,15,2.52,17/02/2025,08/06/2027,active,eth-registry:8f1ff710,False
did:example:0d14f80fab678f43,did:example:university1,academic,StudentID,14,2.05,02/03/2024,06/01/2026,active,eth-registry:37548e26,True
did:example:02978d4bb599d71e,did:example:university1,academic,StudentID,13,2.09,28/01/2025,12/09/2026,active,eth-registry:70ae0cd1,False
did:example:5b4122af242ffb6a,did:example:university1,academic,StudentID,12,2.02,19/06/2025,09/08/2027,revoked,eth-registry:4124b8e9,True
did:example:29a700d0f5733b20,did:example:employer1,professional,EmployeeID,14,1.98,14/11/2025,12/12/2026,revoked,eth-registry:20bbd684,False
did:example:c7b4b87a05c4cff4,did:example:university1,academic,StudentID,15,2.02,30/07/2025,12/10/2027,active,eth-registry:94c0fe5c,False
did:example:dc1398baa35e4394,did:example:university1,academic,StudentID,13,2.12,10/07/2024,13/06/2026,active,eth-registry:daf79684,False
did:example:214b8fcd500fae05,did:example:university1,academic,StudentID,13,2.24,17/05/2025,28/06/2026,revoked,eth-registry:a6ac5d16,False
did:example:5f5307d06d220835,did:example:employer1,professional,EmployeeID,14,1.87,08/05/2025,03/12/2027,active,eth-registry:ffe48cab,False
did:example:8b62ac83af4acb31,did:example:employer1,professional,EmployeeID,12,1.73,24/05/2024,20/04/2026,active,eth-registry:37f98089,False
did:example:4249d85c30461948,did:example:employer1,professional,EmployeeID,11,1.82,29/08/2025,18/10/2026,revoked,eth-registry:b924b8d1,True
did:example:2172cddc4221fdd3,did:example:employer1,professional,EmployeeID,11,1.63,27/04/2024,14/01/2026,active,eth-registry:f453b0f0,False
did:example:3b683ac6b05d5fae,did:example:gov_issuer,government,ProofOfResidence,16,2.52,02/07/2025,28/12/2027,active,eth-registry:2b160d83,False
did:example:e57559fdab89998b,did:example:employer1,professional,EmployeeID,12,1.77,23/06/2025,17/05/2027,revoked,eth-registry:59b07e72,True
did:example:5e56278c23bcefc1,did:example:university1,academic,StudentID,12,2.2,03/12/2025,12/09/2027,revoked,eth-registry:acdfb93b,True
did:example:289a3fe62238185f,did:example:university1,academic,StudentID,13,2.24,18/04/2025,18/05/2026,revoked,eth-registry:dd1f28a3,True
did:example:9f47db3f9a73e624,did:example:university1,academic,StudentID,13,1.98,22/02/2024,09/04/2025,active,eth-registry:c7d81ca8,False
did:example:032bd5fa89592d24,did:example:university1,academic,StudentID,13,1.93,20/12/2025,24/07/2027,active,eth-registry:edf7d45c,True
did:example:a9df51403a59603b,did:example:employer1,professional,EmployeeID,11,1.76,07/10/2024,23/04/2026,revoked,eth-registry:461b1689,True
did:example:baf7eb8719d9f134,did:example:university1,academic,StudentID,13,2.11,28/11/2024,13/03/2027,active,eth-registry:0a4127c3,True
did:example:659d4f3020a862c0,did:example:employer1,professional,EmployeeID,11,1.75,26/09/2025,04/09/2027,revoked,eth-registry:0105bf28,False
did:example:8b69333345e80ca1,did:example:gov_issuer,government,ProofOfAge,18,2.55,16/06/2024,16/09/2025,revoked,eth-registry:a6b3fe20,True
did:example:4e65b6db900a48f2,did:example:employer1,professional,EmployeeID,12,1.8,29/04/2025,18/08/2027,revoked,eth-registry:a5f969f4,False
did:example:6087bbeb90e82615,did:example:employer1,professional,EmployeeID,12,1.97,16/07/2025,16/06/2028,active,eth-registry:3dc5b3b2,False
did:example:6650ccacf1c29dd5,did:example:employer1,professional,EmployeeID,11,1.76,22/01/2025,11/10/2027,revoked,eth-registry:b24fd783,True
did:example:3c3d87225c7e4c5b,did:example:gov_issuer,government,ProofOfAge,18,2.33,01/07/2025,26/06/2028,revoked,eth-registry:72cd393e,False
did:example:0a269f2464c41844,did:example:gov_issuer,government,ProofOfResidence,14,2.42,05/06/2025,21/05/2027,revoked,eth-registry:09d3eab9,True
did:example:44651099ef702ab7,did:example:employer1,professional,EmployeeID,12,1.84,17/01/2025,07/10/2026,active,eth-registry:6f21e5c5,False
did:example:58b3f4c7c6aa92d9,did:example:employer1,professional,EmployeeID,10,1.7,07/03/2024,16/04/2025,revoked,eth-registry:21c75633,False
did:example:0d8394c9944c92dd,did:example:employer1,professional,EmployeeID,13,1.71,29/06/2025,08/11/2027,revoked,eth-registry:8b6002be,False
did:example:8b5e4493817cd5ca,did:example:employer1,professional,EmployeeID,11,1.74,31/07/2025,17/06/2027,revoked,eth-registry:6e7980b8,True
did:example:841be7f5e5050d68,did:example:employer1,professional,EmployeeID,11,1.9,15/08/2024,22/11/2026,revoked,eth-registry:1ba8566a,True
did:example:d86bdcf269aaf883,did:example:employer1,professional,EmployeeID,10,1.98,21/08/2025,29/03/2027,active,eth-registry:754349e5,False
did:example:60c3f6e97a6a3b2b,did:example:employer1,professional,EmployeeID,13,1.74,06/06/2024,06/10/2025,active,eth-registry:557f4d25,True
did:example:57855f09bd450809,did:example:gov_issuer,government,ProofOfResidence,15,2.38,05/05/2024,21/09/2026,active,eth-registry:39736912,False
did:example:55ac89fe0f7861f5,did:example:employer1,professional,EmployeeID,11,1.77,02/04/2024,10/01/2026,revoked,eth-registry:71e94f71,True
did:example:c31f9cd9467f9c81,did:example:gov_issuer,government,ProofOfAge,18,2.44,07/02/2025,28/02/2027,revoked,eth-registry:2932fb23,False
did:example:070240f81b7bbd80,did:example:university1,academic,StudentID,12,2.3,31/07/2024,17/07/2027,active,eth-registry:a454b8cb,True
did:example:2d7c6bcd9dd39811,did:example:employer1,professional,EmployeeID,12,1.79,22/05/2025,13/12/2026,revoked,eth-registry:da2d9310,False
did:example:1272e73e6f81e5ed,did:example:university1,academic,StudentID,12,2.17,23/04/2025,25/07/2026,active,eth-registry:a285484c,True
did:example:f764161eb68453e8,did:example:gov_issuer,government,ProofOfAge,14,2.67,07/11/2024,11/04/2027,active,eth-registry:e2f35404,True
did:example:8c983c6fbd577e34,did:example:university1,academic,StudentID,12,2.15,07/07/2024,31/08/2026,revoked,eth-registry:9d25c544,True
did:example:c670f0c072b83be4,did:example:employer1,professional,EmployeeID,10,1.7,31/10/2025,18/08/2027,revoked,eth-registry:61645684,False
did:example:56b31d7dc821d76a,did:example:university1,academic,StudentID,15,2.14,07/10/2025,19/12/2027,active,eth-registry:2dd88bbb,False
did:example:4d833e710fe6f0c2,did:example:employer1,professional,EmployeeID,12,1.76,10/09/2024,16/07/2027,revoked,eth-registry:fbdf6bd7,True
did:example:85e05b27000e3a6f,did:example:university1,academic,StudentID,15,2.07,01/07/2024,31/10/2025,revoked,eth-registry:96e031c6,False
did:example:d8aa1886029bf04b,did:example:university1,academic,StudentID,13,2.29,10/08/2025,10/03/2028,active,eth-registry:83f8a9b3,True
did:example:41c0a163aab5d49c,did:example:employer1,professional,EmployeeID,13,1.71,15/05/2025,10/06/2027,active,eth-registry:95488a6f,False
did:example:9e329aff1592e0ea,did:example:employer1,professional,EmployeeID,10,1.79,29/11/2024,10/07/2027,revoked,eth-registry:482c73fb,True
did:example:2d3ce267614336d3,did:example:university1,academic,StudentID,12,1.96,20/01/2025,21/11/2027,revoked,eth-registry:50747909,False
did:example:4e39906811d51d43,did:example:employer1,professional,EmployeeID,10,1.67,14/06/2025,08/10/2026,revoked,eth-registry:ef0df565,False
did:example:75ad1077fa92c289,did:example:gov_issuer,government,ProofOfAge,18,2.54,03/06/2024,26/08/2025,active,eth-registry:4683398c,True
did:example:110189dc840cf9bd,did:example:gov_issuer,government,ProofOfResidence,17,2.6,29/12/2025,31/12/2026,active,eth-registry:f63fcafd,False
did:example:3d9cd5cbeab763a9,did:example:employer1,professional,EmployeeID,13,1.85,10/02/2025,28/06/2026,revoked,eth-registry:bca0be16,False
did:example:70380d0f5f6635d6,did:example:university1,academic,StudentID,15,2.03,02/04/2024,11/12/2025,active,eth-registry:2412a463,True
did:example:303e2a6e89be8bf1,did:example:employer1,professional,EmployeeID,11,1.62,28/11/2025,02/06/2027,revoked,eth-registry:dfe48c6e,True
did:example:c0f56852981a4d79,did:example:gov_issuer,government,ProofOfResidence,17,2.49,29/12/2025,21/08/2028,revoked,eth-registry:946f9485,True
did:example:4ebd97398889ac0d,did:example:university1,academic,StudentID,14,2.1,21/11/2025,22/05/2028,active,eth-registry:0b33fdb5,True
did:example:2652c84aa2e09c40,did:example:university1,academic,StudentID,14,2.21,25/05/2025,06/02/2027,revoked,eth-registry:f4dd70ea,False
did:example:594bf93d6e6d0f6d,did:example:employer1,professional,EmployeeID,13,1.86,01/08/2024,26/09/2026,revoked,eth-registry:4b8bcb70,True
did:example:a097baa63b7be298,did:example:employer1,professional,EmployeeID,12,1.95,22/01/2025,07/09/2026,active,eth-registry:eec0019c,True
did:example:6a26229ad8344906,did:example:university1,academic,StudentID,12,2.21,27/01/2025,30/01/2027,active,eth-registry:11d008e3,True
did:example:7dd99042de96e109,did:example:university1,academic,StudentID,12,2.05,07/01/2025,07/08/2026,revoked,eth-registry:5e19058b,False
did:example:bbed5aaa65c2e6a8,did:example:university1,academic,StudentID,14,2.15,20/04/2024,19/11/2026,revoked,eth-registry:d137057f,True
did:example:f79ce00bebbad802,did:example:employer1,professional,EmployeeID,12,1.9,15/08/2024,28/01/2026,active,eth-registry:50aa600e,False
did:example:1f0f16ca4db316c0,did:example:employer1,professional,EmployeeID,13,1.98,08/12/2024,23/11/2027,active,eth-registry:9080c8dd,False
did:example:4614a41470bd3339,did:example:employer1,professional,EmployeeID,12,1.77,21/01/2025,03/12/2027,active,eth-registry:5a7655b0,True
did:example:9f4db7cc80177378,did:example:employer1,professional,EmployeeID,10,1.86,23/08/2024,13/01/2026,active,eth-registry:94892dbf,False
did:example:14ca6e7224dc1b3f,did:example:employer1,professional,EmployeeID,11,1.76,17/06/2025,08/08/2027,revoked,eth-registry:545335f4,True
did:example:8137f97553ca453b,did:example:gov_issuer,government,ProofOfAge,16,2.6,10/11/2025,25/06/2028,revoked,eth-registry:78898875,False
did:example:47c2fe77a9417599,did:example:university1,academic,StudentID,15,2.26,07/12/2024,15/08/2027,active,eth-registry:5daef171,True
did:example:e28c9117cefec93d,did:example:university1,academic,StudentID,14,2.27,07/04/2025,02/01/2027,revoked,eth-registry:ccb1382c,True
did:example:d7551be7240a3be5,did:example:university1,academic,StudentID,14,1.96,20/05/2024,24/06/2026,revoked,eth-registry:f62b5a65,False
did:example:94f27353ce07cdef,did:example:gov_issuer,government,ProofOfAge,17,2.38,15/05/2024,29/08/2025,active,eth-registry:f27bad16,True
did:example:b0713009171ce1dc,did:example:employer1,professional,EmployeeID,11,1.9,23/02/2024,24/08/2025,active,eth-registry:c90c410f,True
did:example:9a4e35cdd1c701ba,did:example:employer1,professional,EmployeeID,14,1.85,26/12/2025,01/07/2027,revoked,eth-registry:c68322c6,True
did:example:649bedc52d9db5b4,did:example:gov_issuer,government,ProofOfAge,17,2.66,08/08/2024,04/03/2026,revoked,eth-registry:358cd29d,False
did:example:9d65847247f3befb,did:example:university1,academic,StudentID,15,2.03,22/05/2025,09/03/2027,revoked,eth-registry:7e7af46c,False
did:example:82d8ba5049a1dc44,did:example:university1,academic,StudentID,14,2.24,01/04/2025,16/08/2027,active,eth-registry:e243e3d0,True
did:example:9f534d622cfc7172,did:example:gov_issuer,government,ProofOfAge,17,2.57,08/04/2024,25/01/2027,revoked,eth-registry:8c95b5f8,False
did:example:1578dbd9223f4ecf,did:example:university1,academic,StudentID,12,1.98,01/05/2024,30/06/2026,active,eth-registry:1d7d03bf,False
did:example:200de2daea193e72,did:example:employer1,professional,EmployeeID,12,1.65,07/08/2025,22/07/2027,revoked,eth-registry:f3cbc488,False
did:example:c7f8c92fb436376a,did:example:university1,academic,StudentID,12,2.18,04/08/2025,30/12/2027,revoked,eth-registry:7e92ab98,False
did:example:05bb13711658a5c3,did:example:employer1,professional,EmployeeID,13,1.66,11/02/2025,06/05/2027,active,eth-registry:4553af8c,True
did:example:61c2dedb5a57e0cb,did:example:employer1,professional,EmployeeID,13,1.92,08/09/2024,31/07/2026,active,eth-registry:0d7f8354,True
did:example:3ddc200264ca626d,did:example:employer1,professional,EmployeeID,12,1.82,19/10/2024,12/11/2025,active,eth-registry:a552d819,False
did:example:f4e318b3b235828e,did:example:employer1,professional,EmployeeID,11,1.79,01/08/2025,01/09/2027,active,eth-registry:f9abf572,False
did:example:149fd30e2f86fdf0,did:example:gov_issuer,government,ProofOfResidence,14,2.41,23/05/2024,08/07/2025,active,eth-registry:28616936,False
did:example:94c9b0761cfb02e5,did:example:university1,academic,StudentID,14,2.29,05/03/2024,25/05/2026,revoked,eth-registry:9dccbda2,False
did:example:c99f420381a5bd2e,did:example:employer1,professional,EmployeeID,13,1.89,22/07/2024,07/06/2027,active,eth-registry:d54403b7,False
did:example:5071276046b867d0,did:example:university1,academic,StudentID,13,2.21,18/05/2024,22/12/2026,active,eth-registry:398df760,True
did:example:68cca1e6a79ea49f,did:example:employer1,professional,EmployeeID,13,1.91,02/05/2024,04/01/2027,revoked,eth-registry:86952bca,False
did:example:033217b410da181b,did:example:university1,academic,StudentID,15,2.13,05/12/2024,07/11/2026,active,eth-registry:67128b58,True
did:example:7e080c6d25187ffd,did:example:university1,academic,StudentID,14,2.28,10/08/2025,02/08/2027,active,eth-registry:b7350ddc,True
did:example:7141f8bbf462976e,did:example:employer1,professional,EmployeeID,10,1.83,20/05/2025,08/06/2027,active,eth-registry:e0aa815f,True
did:example:fb43045997c69865,did:example:employer1,professional,EmployeeID,14,1.81,18/07/2024,11/12/2025,revoked,eth-registry:2e5f83e9,False
did:example:310e13b72a283375,did:example:university1,academic,StudentID,13,2.01,06/11/2024,23/10/2027,active,eth-registry:acfcd8db,False
did:example:26b1b5f27e640a9f,did:example:university1,academic,StudentID,14,2.01,09/12/2024,07/01/2026,revoked,eth-registry:37ac0690,False
did:example:ec6b304a5c1dfbff,did:example:university1,academic,StudentID,15,2.19,11/10/2024,04/10/2027,revoked,eth-registry:34ea4af9,True
did:example:945eaba1db92e5c3,did:example:gov_issuer,government,ProofOfAge,15,2.43,08/12/2025,19/11/2028,active,eth-registry:a8f34861,True
did:example:ba777f4d30249f49,did:example:gov_issuer,government,ProofOfResidence,17,2.59,25/11/2025,12/10/2028,active,eth-registry:46193115,True
did:example:633e156bcb6670ea,did:example:university1,academic,StudentID,12,2.28,28/12/2025,01/01/2027,active,eth-registry:25d2f9b0,False
did:example:9b6b39303dffdce0,did:example:university1,academic,StudentID,15,2.08,02/11/2024,30/09/2027,active,eth-registry:ec63b902,True
did:example:77075d996ae0c5bb,did:example:gov_issuer,government,ProofOfAge,14,2.34,01/08/2025,21/01/2027,revoked,eth-registry:3fde83f4,True
did:example:d2a5f3fd1a32d3b9,did:example:university1,academic,StudentID,14,2.17,21/06/2025,28/12/2026,active,eth-registry:e0be293f,True
did:example:b39681bc1a296532,did:example:university1,academic,StudentID,13,1.9,07/08/2025,19/12/2027,active,eth-registry:e2251fe6,False
did:example:da6738a559918a00,did:example:employer1,professional,EmployeeID,10,1.91,28/04/2024,12/02/2026,active,eth-registry:4b277525,True
did:example:d866b459be3b7064,did:example:gov_issuer,government,ProofOfResidence,16,2.51,21/11/2025,06/10/2028,revoked,eth-registry:b0c16f39,True
did:example:f82660a73a686409,did:example:gov_issuer,government,ProofOfAge,18,2.5,17/11/2025,14/11/2027,active,eth-registry:65e22a98,False
did:example:9a2584976c3bcf52,did:example:gov_issuer,government,ProofOfResidence,14,2.53,05/08/2025,29/10/2026,revoked,eth-registry:fc611fae,False
did:example:7f114b7838227f93,did:example:gov_issuer,government,ProofOfAge,15,2.51,22/02/2025,16/08/2026,active,eth-registry:afffdfdc,False
did:example:44e1a2703bdedcd4,did:example:employer1,professional,EmployeeID,10,1.73,25/11/2024,13/06/2027,active,eth-registry:faf968b0,True
did:example:0d735ee134aa4ca6,did:example:university1,academic,StudentID,12,2.01,30/06/2024,24/08/2026,revoked,eth-registry:0d95be00,True
did:example:599b28fd12b567b9,did:example:university1,academic,StudentID,12,2.07,14/02/2024,13/10/2025,revoked,eth-registry:03d5acce,True
did:example:1e10f0430bba533b,did:example:university1,academic,StudentID,14,2.26,03/12/2025,12/05/2027,revoked,eth-registry:12dee3ef,False
did:example:36318b768b382f59,did:example:university1,academic,StudentID,15,1.95,01/06/2024,10/10/2026,active,eth-registry:019eb935,True
did:example:d4b7704e40d69911,did:example:employer1,professional,EmployeeID,13,1.73,06/09/2024,19/03/2026,active,eth-registry:9d6b97d1,True
did:example:5609535f4ba988ad,did:example:university1,academic,StudentID,15,1.98,20/11/2024,29/01/2026,active,eth-registry:2ce174c1,True
did:example:ce439fd658644ad2,did:example:gov_issuer,government,ProofOfAge,17,2.47,09/05/2025,19/06/2027,active,eth-registry:18680757,True
did:example:64dcc0d3dc925161,did:example:university1,academic,StudentID,13,1.95,13/07/2024,06/04/2027,revoked,eth-registry:2a1fde14,True
did:example:4b29d672fc8c003c,did:example:employer1,professional,EmployeeID,14,1.9,06/06/2024,17/01/2026,active,eth-registry:e1e083e3,False
did:example:f7a2460bc304f236,did:example:university1,academic,StudentID,12,1.94,28/08/2024,26/01/2027,active,eth-registry:936613e3,False
did:example:80fb8855dbf5c8a2,did:example:employer1,professional,EmployeeID,13,1.87,29/08/2024,21/07/2026,revoked,eth-registry:5af39b9e,True
did:example:06f3ab8b0334180c,did:example:university1,academic,StudentID,12,2.01,13/02/2024,11/01/2027,active,eth-registry:b1d634ac,False
did:example:d7e9b70366feb4de,did:example:gov_issuer,government,ProofOfAge,17,2.49,12/10/2024,29/12/2026,active,eth-registry:66c9dcfe,True
did:example:930a950aea96b509,did:example:university1,academic,StudentID,12,1.98,07/02/2025,09/02/2027,active,eth-registry:5a4aff85,True
did:example:be29f2e1e6890783,did:example:university1,academic,StudentID,12,2.19,22/11/2024,07/05/2026,revoked,eth-registry:0cfa22cf,True
did:example:d547228d8450098a,did:example:university1,academic,StudentID,13,2.28,14/09/2024,24/06/2027,active,eth-registry:7a4f0711,True
did:example:016f0203753538d4,did:example:employer1,professional,EmployeeID,13,1.69,01/11/2025,04/12/2026,active,eth-registry:bee4b8f0,True
did:example:eca3997b4e2d39b7,did:example:university1,academic,StudentID,12,2.28,08/07/2024,07/08/2026,revoked,eth-registry:1d897ba7,False
did:example:afef0807aff857a6,did:example:employer1,professional,EmployeeID,11,1.73,08/09/2025,21/03/2027,active,eth-registry:789b3f41,False
did:example:0787c5bf14b0c018,did:example:university1,academic,StudentID,13,2.12,22/03/2025,31/03/2027,active,eth-registry:2dd85dde,False
did:example:4cfc0e49bde29e5f,did:example:employer1,professional,EmployeeID,13,1.88,21/04/2025,08/04/2028,active,eth-registry:5ac35401,True
did:example:e701e4ba10b36327,did:example:university1,academic,StudentID,15,1.98,21/07/2024,28/09/2025,revoked,eth-registry:ba9eb616,False
did:example:1059c90f05dd842d,did:example:employer1,professional,EmployeeID,13,1.78,07/12/2025,14/01/2027,active,eth-registry:c9cb7661,False
did:example:5827cdad3d40583f,did:example:gov_issuer,government,ProofOfResidence,16,2.33,14/12/2024,01/08/2027,active,eth-registry:f4822a2c,True
did:example:af80c48f5b67d103,did:example:gov_issuer,government,ProofOfAge,15,2.58,05/01/2025,30/05/2027,active,eth-registry:b73c4b16,False
did:example:dc4750d14a0aa26c,did:example:gov_issuer,government,ProofOfAge,18,2.47,29/06/2024,26/04/2026,active,eth-registry:0b938ea1,False
did:example:f06eaaf910914e01,did:example:gov_issuer,government,ProofOfResidence,14,2.66,15/12/2024,26/05/2026,revoked,eth-registry:1d42cea5,True
did:example:db56ce375896bf19,did:example:employer1,professional,EmployeeID,10,1.71,12/05/2025,24/07/2027,revoked,eth-registry:47fa9aab,False
did:example:113bb057c952f49e,did:example:gov_issuer,government,ProofOfResidence,15,2.67,15/11/2025,21/05/2027,revoked,eth-registry:5fb89cef,False
did:example:3106aa11b0a8981c,did:example:university1,academic,StudentID,13,1.96,16/09/2025,04/01/2028,revoked,eth-registry:d7ce7a4e,True
did:example:63f72fe9322aea57,did:example:gov_issuer,government,ProofOfResidence,16,2.54,24/04/2024,14/02/2026,active,eth-registry:0e9b80da,False
did:example:f878ad8dcbae538a,did:example:employer1,professional,EmployeeID,14,1.72,29/02/2024,17/09/2026,revoked,eth-registry:140e355e,True
did:example:5c575c3ed810303a,did:example:university1,academic,StudentID,14,1.97,27/11/2025,22/03/2028,active,eth-registry:1ecb88fb,False
did:example:b837b89eced9445b,did:example:employer1,professional,EmployeeID,11,1.64,22/08/2025,16/10/2027,revoked,eth-registry:c329ab2c,False
did:example:31219260f897bec8,did:example:employer1,professional,EmployeeID,11,1.86,20/04/2024,30/06/2025,revoked,eth-registry:712c8593,True
did:example:213213c9d2432f68,did:example:university1,academic,StudentID,14,1.99,14/09/2025,11/12/2027,revoked,eth-registry:ca6b9be5,True
did:example:0ae4ae88e423f438,did:example:employer1,professional,EmployeeID,11,1.83,10/07/2025,02/12/2027,revoked,eth-registry:d61f70e8,False
did:example:9235402cefcffdce,did:example:employer1,professional,EmployeeID,14,1.99,06/12/2025,21/12/2027,revoked,eth-registry:392be788,True
did:example:d81e106c52adde25,did:example:employer1,professional,EmployeeID,12,1.73,27/04/2024,04/07/2026,active,eth-registry:7184dbb4,True
did:example:96eb0c72397176fe,did:example:university1,academic,StudentID,14,1.91,28/08/2025,19/11/2027,revoked,eth-registry:0521219b,False
did:example:09518737dc0a8673,did:example:gov_issuer,government,ProofOfAge,18,2.36,23/09/2024,12/03/2026,revoked,eth-registry:3fcde3f0,False
did:example:4bad27342d1b067a,did:example:employer1,professional,EmployeeID,11,1.65,07/02/2025,28/12/2026,active,eth-registry:a2dff0df,True
did:example:413ad9d781d46137,did:example:employer1,professional,EmployeeID,12,1.79,08/07/2024,08/10/2025,active,eth-registry:63525b0a,True
did:example:d0c91aaa70962ea8,did:example:employer1,professional,EmployeeID,12,1.9,21/02/2024,10/09/2026,revoked,eth-registry:2a6d41db,False
did:example:00163991b414af18,did:example:university1,academic,StudentID,13,2.02,24/05/2025,07/09/2026,revoked,eth-registry:4b1ded65,False
did:example:1f10d9477da5cf1d,did:example:gov_issuer,government,ProofOfAge,14,2.36,24/02/2024,08/10/2026,active,eth-registry:cb6c1364,True
did:example:2b51988a81022b6f,did:example:gov_issuer,government,ProofOfAge,15,2.56,06/12/2024,16/03/2027,active,eth-registry:60d38c68,False
did:example:6d3fdb0c1cefdc19,did:example:employer1,professional,EmployeeID,10,1.72,23/05/2024,05/06/2026,revoked,eth-registry:40d1eb74,True
did:example:df360eb8eb19da32,did:example:university1,academic,StudentID,14,2.13,03/11/2025,07/11/2027,revoked,eth-registry:3ec12d1f,True
did:example:35c3fd9e417b1a72,did:example:gov_issuer,government,ProofOfAge,14,2.67,22/11/2024,09/03/2026,revoked,eth-registry:45e64d79,True
did:example:e0b4bebf20dbff79,did:example:gov_issuer,government,ProofOfResidence,15,2.42,15/05/2024,03/09/2026,revoked,eth-registry:4964dedc,False
did:example:398f8ae5fe87a654,did:example:gov_issuer,government,ProofOfResidence,18,2.5,29/11/2025,29/08/2027,revoked,eth-registry:10a3eeaa,True
did:example:ccc85539e8736e64,did:example:gov_issuer,government,ProofOfResidence,16,2.62,17/05/2025,10/12/2027,revoked,eth-registry:3e850714,False
did:example:7f66efbf40d3d9a9,did:example:university1,academic,StudentID,14,2.18,08/05/2024,11/01/2027,active,eth-registry:ee569f60,True
did:example:1514e9079a932728,did:example:gov_issuer,government,ProofOfResidence,17,2.6,16/09/2024,18/07/2027,revoked,eth-registry:e51f3546,True
did:example:10e1d06901c1ef55,did:example:gov_issuer,government,ProofOfAge,15,2.61,28/01/2025,29/11/2027,revoked,eth-registry:ee7d7613,False
did:example:747f700e444e99bf,did:example:gov_issuer,government,ProofOfResidence,17,2.52,22/07/2025,29/01/2028,revoked,eth-registry:76a573c6,False
did:example:ad5c29857f0cb50e,did:example:gov_issuer,government,ProofOfResidence,15,2.51,30/12/2025,13/07/2027,active,eth-registry:b8a6e39c,False
did:example:04ee836bf4942734,did:example:gov_issuer,government,ProofOfResidence,17,2.59,06/09/2025,25/03/2027,active,eth-registry:5186ab25,False
did:example:7d0775bfb89623c9,did:example:university1,academic,StudentID,14,2.18,11/01/2024,28/11/2026,revoked,eth-registry:1eb28687,False
did:example:4594d88a1a333e2e,did:example:employer1,professional,EmployeeID,14,1.87,14/12/2024,18/11/2027,active,eth-registry:4a1284b7,True
did:example:c191821b39cc3b80,did:example:gov_issuer,government,ProofOfResidence,18,2.45,04/02/2024,24/08/2025,active,eth-registry:e5e099a0,False
did:example:a0ba4cd55805cfd7,did:example:university1,academic,StudentID,12,2.23,08/08/2024,24/11/2026,revoked,eth-registry:f47230bf,True
did:example:0b4d507c23ce3362,did:example:employer1,professional,EmployeeID,11,1.69,16/07/2024,18/05/2027,active,eth-registry:6f242361,False
did:example:7b6ee08014f91c96,did:example:employer1,professional,EmployeeID,12,1.66,13/07/2024,24/03/2027,revoked,eth-registry:ccb07ca2,True
did:example:5277d9034316612a,did:example:gov_issuer,government,ProofOfAge,15,2.44,13/06/2024,27/04/2027,active,eth-registry:6c580dfc,False
did:example:8163180c21018bc2,did:example:gov_issuer,government,ProofOfAge,17,2.4,19/10/2024,03/07/2026,revoked,eth-registry:83a8e9bf,True
did:example:8c38da50b345df28,did:example:employer1,professional,EmployeeID,14,1.87,30/12/2024,03/01/2027,revoked,eth-registry:d1877b94,True
did:example:ff0c5db12e430ba5,did:example:university1,academic,StudentID,13,1.99,28/11/2025,08/02/2028,revoked,eth-registry:696c0bb7,True
did:example:aa03cd5ea47ebc2e,did:example:employer1,professional,EmployeeID,14,1.86,03/11/2024,28/09/2027,revoked,eth-registry:e024b3f1,True
did:example:24bfdc3a7a2f3d3a,did:example:university1,academic,StudentID,15,2.11,18/01/2024,05/01/2027,revoked,eth-registry:af32ecbc,False
did:example:8485f618c6c317f6,did:example:university1,academic,StudentID,15,1.96,02/03/2025,07/04/2027,revoked,eth-registry:1af0344f,False
did:example:8666cda506794e7e,did:example:employer1,professional,EmployeeID,10,1.7,07/08/2024,22/04/2027,revoked,eth-registry:471730a1,True
did:example:067478d7ab51db6d,did:example:gov_issuer,government,ProofOfAge,15,2.51,17/04/2024,18/01/2026,active,eth-registry:9673dec8,True
did:example:de505a5cb371d833,did:example:university1,academic,StudentID,12,2.19,05/05/2025,20/07/2027,revoked,eth-registry:bee5bb31,False
did:example:5e243824cd521f08,did:example:gov_issuer,government,ProofOfResidence,14,2.46,16/05/2025,29/12/2027,active,eth-registry:d9f4626c,True
did:example:f168e1cbe0a60d74,did:example:university1,academic,StudentID,12,1.99,12/09/2024,22/06/2027,revoked,eth-registry:b75eaaee,False
did:example:6fb090c0dbedf757,did:example:university1,academic,StudentID,13,2.02,05/06/2024,23/08/2025,revoked,eth-registry:92204cc8,False
did:example:f643b629d00fee46,did:example:university1,academic,StudentID,12,1.94,24/12/2024,15/02/2026,active,eth-registry:9ddffbc0,False
did:example:5264db8b29a0d57a,did:example:employer1,professional,EmployeeID,11,1.61,26/11/2024,03/05/2026,active,eth-registry:5b67bd81,False
did:example:67503bfb77338084,did:example:employer1,professional,EmployeeID,14,1.99,09/12/2025,21/02/2027,active,eth-registry:c53aae37,True
did:example:00472dddc0c27026,did:example:gov_issuer,government,ProofOfAge,18,2.34,25/01/2024,28/06/2025,active,eth-registry:3142e2a5,False
did:example:4a3b9e408e2af1ae,did:example:university1,academic,StudentID,15,1.95,11/05/2024,04/04/2027,revoked,eth-registry:abdb106e,False
did:example:a03798513f0872eb,did:example:employer1,professional,EmployeeID,10,1.95,06/08/2025,03/11/2027,revoked,eth-registry:43b26e51,False
did:example:16cb376ae0388f18,did:example:employer1,professional,EmployeeID,13,1.87,24/11/2025,02/02/2027,active,eth-registry:f9e92daa,False
did:example:cdbd01ca75afc0ec,did:example:gov_issuer,government,ProofOfAge,17,2.47,03/04/2025,03/09/2027,revoked,eth-registry:b71a3408,False
did:example:ada988c81f300af6,did:example:employer1,professional,EmployeeID,10,1.86,19/08/2024,06/07/2027,active,eth-registry:da9e7067,True
did:example:e677153b1a089195,did:example:employer1,professional,EmployeeID,14,1.97,01/06/2024,03/02/2027,active,eth-registry:5bbae7c5,False
did:example:2d32d1f50f21c433,did:example:employer1,professional,EmployeeID,12,1.64,09/09/2025,26/05/2028,active,eth-registry:a2c1fe87,False
did:example:e91b73e94dc56fa7,did:example:university1,academic,StudentID,15,2.0,15/03/2025,01/01/2028,active,eth-registry:3d14d2c7,False
did:example:40beca4f0abf780c,did:example:university1,academic,StudentID,12,2.24,25/10/2024,26/04/2027,active,eth-registry:93e0ac4d,True
did:example:df22bb6f8edc0ac7,did:example:gov_issuer,government,ProofOfAge,17,2.61,15/11/2024,16/08/2027,active,eth-registry:abe8b2f9,True
did:example:7721c520d9eb9044,did:example:university1,academic,StudentID,12,2.3,18/04/2024,21/11/2026,active,eth-registry:07e40037,False
did:example:dde43ecb5a0e8866,did:example:employer1,professional,EmployeeID,14,1.73,27/08/2025,07/01/2028,active,eth-registry:8ea0d05f,False
did:example:9a4ecaae01085aaf,did:example:employer1,professional,EmployeeID,13,1.98,05/02/2024,29/06/2025,active,eth-registry:02a1f851,False
did:example:5d866d24a834d0f9,did:example:employer1,professional,EmployeeID,10,1.74,20/12/2025,18/10/2028,active,eth-registry:5dc5deb7,True
did:example:4313db69129acf47,did:example:gov_issuer,government,ProofOfAge,15,2.59,02/05/2024,06/07/2025,active,eth-registry:7e715848,True
did:example:becac36669b9b702,did:example:employer1,professional,EmployeeID,11,1.95,01/04/2024,19/10/2025,active,eth-registry:e9c3b2bf,True
did:example:bb054fda52c3b5ae,did:example:university1,academic,StudentID,12,1.97,22/02/2024,02/08/2026,active,eth-registry:3d0f0aac,True
did:example:540020facd27c88f,did:example:university1,academic,StudentID,12,1.98,24/12/2024,07/06/2027,revoked,eth-registry:4ca7ab90,False
did:example:977f36c9be2df39b,did:example:university1,academic,StudentID,15,2.13,11/02/2024,17/11/2026,revoked,eth-registry:e8fe8b2e,True
did:example:e79890eafbd66ead,did:example:gov_issuer,government,ProofOfResidence,18,2.64,07/07/2024,01/09/2025,active,eth-registry:adfc91e3,True
did:example:d2722f70a50810e0,did:example:employer1,professional,EmployeeID,12,1.63,07/08/2025,04/03/2028,revoked,eth-registry:1ff5cb7d,False
did:example:deaee601c47814f7,did:example:gov_issuer,government,ProofOfResidence,18,2.64,02/07/2025,01/10/2026,revoked,eth-registry:23870229,False
did:example:65c21c9171aeda43,did:example:gov_issuer,government,ProofOfResidence,17,2.44,07/09/2024,26/11/2026,active,eth-registry:cf7b080e,False
did:example:43c5dfc6970c5678,did:example:university1,academic,StudentID,12,2.06,26/01/2024,09/07/2025,revoked,eth-registry:72af75d0,True
did:example:31dcc3ffd8d01b98,did:example:university1,academic,StudentID,14,2.04,25/04/2024,14/06/2026,active,eth-registry:cd9a7f21,True
did:example:abadd2039b47baa6,did:example:university1,academic,StudentID,12,2.26,02/02/2025,18/04/2026,revoked,eth-registry:98b0f60f,False
did:example:0d36ce0c450eb10b,did:example:university1,academic,StudentID,15,1.95,07/12/2024,31/12/2025,active,eth-registry:b6a8aaee,False
did:example:f0cf751eac8769ca,did:example:university1,academic,StudentID,13,2.13,18/09/2025,23/08/2028,revoked,eth-registry:102b7762,False
did:example:875fe5e26f292e4d,did:example:gov_issuer,government,ProofOfAge,14,2.36,19/12/2024,27/12/2026,revoked,eth-registry:aff50b51,False
did:example:305cb22f1701c4eb,did:example:gov_issuer,government,ProofOfAge,15,2.67,11/10/2024,16/09/2026,revoked,eth-registry:699502d8,False
did:example:9d3f83ac99b8dc46,did:example:university1,academic,StudentID,14,2.22,02/04/2025,14/01/2027,active,eth-registry:b7a0381c,False
did:example:fc8de782cd04ec28,did:example:employer1,professional,EmployeeID,14,1.69,04/09/2025,27/06/2028,active,eth-registry:a2db7359,True
did:example:a347c87ec3c16c9c,did:example:employer1,professional,EmployeeID,12,1.72,20/08/2025,14/03/2028,active,eth-registry:ef4ae54c,True
did:example:5f7c0350b320434c,did:example:gov_issuer,government,ProofOfAge,14,2.45,17/04/2024,31/03/2026,revoked,eth-registry:3f7d6ff0,True
did:example:237c757305690474,did:example:employer1,professional,EmployeeID,14,1.76,02/11/2024,30/01/2026,active,eth-registry:b1928f9f,False
did:example:62c43e7f50619a19,did:example:university1,academic,StudentID,15,2.23,02/11/2025,27/03/2028,revoked,eth-registry:47f6803f,True
did:example:fcce615ba3aedd47,did:example:employer1,professional,EmployeeID,12,1.83,13/08/2025,09/01/2027,active,eth-registry:a79924bf,False
did:example:be6e3951d8e40265,did:example:employer1,professional,EmployeeID,12,1.77,01/08/2025,24/03/2027,revoked,eth-registry:8ac82085,True
did:example:beceb6e32b9e44ce,did:example:employer1,professional,EmployeeID,14,1.89,25/03/2024,21/07/2026,active,eth-registry:e4be32fc,False
did:example:0459c1393519c113,did:example:employer1,professional,EmployeeID,11,1.78,12/10/2024,06/09/2027,active,eth-registry:bc97d792,True
did:example:b71a16c1e82ec5c9,did:example:university1,academic,StudentID,12,1.95,31/08/2025,09/02/2027,active,eth-registry:c174014f,True
did:example:8a9d29645056d38d,did:example:university1,academic,StudentID,12,1.94,05/04/2024,30/04/2025,active,eth-registry:9adda171,True
did:example:96c31726da26ec24,did:example:university1,academic,StudentID,14,2.03,08/06/2025,14/04/2027,active,eth-registry:dec39dac,True
did:example:bc759be1afa55c63,did:example:gov_issuer,government,ProofOfResidence,18,2.54,15/01/2025,08/06/2027,active,eth-registry:6c0ef78e,True
did:example:4d892005d8efc228,did:example:employer1,professional,EmployeeID,13,1.65,16/06/2025,09/10/2027,active,eth-registry:5e14e526,True
did:example:17537c0d716070a3,did:example:employer1,professional,EmployeeID,13,1.82,05/05/2025,29/03/2028,active,eth-registry:51c0f8ad,True
did:example:bbd263516f9f0b77,did:example:university1,academic,StudentID,13,2.01,10/03/2024,08/08/2025,active,eth-registry:076d8a1d,True
did:example:23a96868baa3c545,did:example:gov_issuer,government,ProofOfResidence,16,2.58,04/04/2024,01/11/2026,active,eth-registry:ef986b0f,False
did:example:3a8e35fcdafa2c13,did:example:employer1,professional,EmployeeID,10,1.61,03/09/2024,22/03/2027,active,eth-registry:5ce8908a,True
did:example:5f7ef2a87ceb1fae,did:example:university1,academic,StudentID,13,2.09,13/11/2025,09/07/2028,active,eth-registry:66aa36ac,True
did:example:9143ed7e9613f6f2,did:example:gov_issuer,government,ProofOfAge,17,2.32,15/11/2025,04/09/2028,revoked,eth-registry:fd610d36,True
did:example:5dbded035dfb2d8b,did:example:gov_issuer,government,ProofOfAge,18,2.43,11/07/2025,14/02/2027,active,eth-registry:263c405a,True
did:example:3730626135365420,did:example:university1,academic,StudentID,15,1.91,24/06/2024,05/02/2026,revoked,eth-registry:50bff5e6,False
did:example:4d59565d57681d94,did:example:gov_issuer,government,ProofOfAge,18,2.49,26/11/2025,22/10/2027,revoked,eth-registry:ebc1a691,False
did:example:58f0992bff12e157,did:example:employer1,professional,EmployeeID,10,1.91,08/06/2025,18/02/2027,revoked,eth-registry:02a60a01,True
did:example:e31017c6efd9b037,did:example:employer1,professional,EmployeeID,14,1.64,06/08/2024,13/11/2025,active,eth-registry:404c465b,False
did:example:2f1b1810230be146,did:example:employer1,professional,EmployeeID,11,1.89,03/06/2025,29/01/2027,revoked,eth-registry:a92851b1,False
did:example:6f39c1550781f924,did:example:employer1,professional,EmployeeID,13,1.83,12/11/2024,14/08/2026,revoked,eth-registry:0e8b528d,False
did:example:3252cb2a64694769,did:example:gov_issuer,government,ProofOfResidence,18,2.5,15/12/2024,22/06/2027,revoked,eth-registry:c287fa04,False
did:example:f247c951cc5c6843,did:example:gov_issuer,government,ProofOfAge,18,2.54,24/06/2024,30/06/2025,revoked,eth-registry:62e0c672,True
did:example:1b221fd34e99127e,did:example:employer1,professional,EmployeeID,13,1.73,15/04/2025,15/10/2027,active,eth-registry:a322f202,True
did:example:8365c41bb42b99b5,did:example:gov_issuer,government,ProofOfResidence,15,2.58,19/07/2024,08/02/2027,revoked,eth-registry:b9da0567,True
did:example:371e417c9f35d29a,did:example:university1,academic,StudentID,14,2.21,05/11/2025,10/02/2027,active,eth-registry:9d95ffe1,False
did:example:f2510aa533ae675c,did:example:gov_issuer,government,ProofOfAge,17,2.61,16/04/2024,13/03/2027,active,eth-registry:55a65e32,True
did:example:3ff56c3fbebdd73c,did:example:university1,academic,StudentID,14,2.01,02/07/2024,13/12/2026,revoked,eth-registry:4053a6dd,False
did:example:19552638d39013d2,did:example:employer1,professional,EmployeeID,12,1.86,01/04/2024,26/08/2026,active,eth-registry:25ccb149,True
did:example:8b1ddd38f04a46c4,did:example:university1,academic,StudentID,13,1.96,25/06/2024,06/01/2027,revoked,eth-registry:e2242fca,False
did:example:f379b2eca10b1d27,did:example:employer1,professional,EmployeeID,12,1.8,05/05/2025,18/12/2027,revoked,eth-registry:fee0f3d7,True
did:example:ab7d56c4037ea4b4,did:example:university1,academic,StudentID,12,1.9,22/11/2025,12/09/2027,active,eth-registry:a3330181,False
did:example:7835a1bd6322d666,did:example:gov_issuer,government,ProofOfAge,18,2.38,24/04/2024,04/05/2026,active,eth-registry:a276ada7,True
did:example:92102d00f8c1affc,did:example:gov_issuer,government,ProofOfResidence,14,2.55,11/06/2024,31/08/2026,revoked,eth-registry:f839d315,False
did:example:cb42b189fb349fc5,did:example:employer1,professional,EmployeeID,14,1.95,07/04/2024,25/08/2025,revoked,eth-registry:c5ad5cad,False
did:example:e11ba69be306573e,did:example:gov_issuer,government,ProofOfResidence,14,2.32,13/08/2025,26/09/2026,active,eth-registry:7e6a45c7,True
did:example:f4463afd1bd6fed2,did:example:gov_issuer,government,ProofOfResidence,16,2.52,25/01/2025,05/07/2027,active,eth-registry:a301bc58,False
did:example:673002f9ae09e92c,did:example:gov_issuer,government,ProofOfAge,16,2.55,22/09/2024,23/03/2026,active,eth-registry:25bca294,False
did:example:9ec4dd077ecf9114,did:example:university1,academic,StudentID,14,2.27,29/05/2025,02/01/2027,active,eth-registry:b80df318,True
did:example:524b236504e575da,did:example:gov_issuer,government,ProofOfAge,16,2.56,02/03/2024,16/05/2025,revoked,eth-registry:905a4f55,False
did:example:86a4423b32befe1e,did:example:university1,academic,StudentID,15,1.94,22/07/2025,22/06/2027,revoked,eth-registry:da6a250e,True
did:example:3c711207acc536b5,did:example:gov_issuer,government,ProofOfResidence,14,2.36,10/03/2024,29/04/2026,revoked,eth-registry:9297a9c9,False
did:example:68a0a210ff27fe4c,did:example:gov_issuer,government,ProofOfResidence,18,2.55,28/02/2025,18/12/2027,revoked,eth-registry:87a0b9ae,True
did:example:615d296cb83f4a80,did:example:gov_issuer,government,ProofOfAge,17,2.39,23/01/2024,16/01/2026,revoked,eth-registry:61167337,False
did:example:bcc67b7be08ae036,did:example:gov_issuer,government,ProofOfResidence,17,2.67,27/05/2024,23/02/2026,active,eth-registry:45ac96b9,False
did:example:971100a62795c1e9,did:example:employer1,professional,EmployeeID,10,1.97,01/04/2025,02/11/2027,revoked,eth-registry:c3571ae7,False
did:example:4dae56169123beb5,did:example:employer1,professional,EmployeeID,10,1.98,23/02/2025,22/09/2026,active,eth-registry:d04b206b,True
did:example:187b88b1bf38c710,did:example:university1,academic,StudentID,13,2.02,23/11/2024,01/12/2025,revoked,eth-registry:0dc0119d,True
did:example:25a5ab6f7e25038b,did:example:university1,academic,StudentID,13,2.19,02/04/2025,25/04/2026,active,eth-registry:96e6ec2a,True
did:example:b1f2c5fcf0a0c48b,did:example:gov_issuer,government,ProofOfResidence,17,2.57,03/09/2025,12/05/2028,revoked,eth-registry:ec2129fc,False
did:example:586c741fc8fae619,did:example:university1,academic,StudentID,15,1.91,07/07/2024,01/12/2026,active,eth-registry:f071bf20,True
did:example:ee0035668ad80b58,did:example:gov_issuer,government,ProofOfResidence,16,2.41,11/12/2025,21/04/2027,active,eth-registry:93e9c88a,False
did:example:0c244963ebbbe324,did:example:employer1,professional,EmployeeID,13,1.68,15/04/2024,19/09/2025,active,eth-registry:7900329a,False
did:example:ad76568878b4faed,did:example:gov_issuer,government,ProofOfAge,14,2.45,16/12/2025,18/08/2028,revoked,eth-registry:10ffc643,False
did:example:03241b08eda4b99a,did:example:employer1,professional,EmployeeID,13,1.98,07/11/2025,17/02/2028,revoked,eth-registry:2bdba988,True
did:example:80525e7a1266fe63,did:example:employer1,professional,EmployeeID,10,1.94,08/11/2024,26/10/2026,revoked,eth-registry:c3e5def8,True
did:example:dbb65b721775c840,did:example:employer1,professional,EmployeeID,13,1.72,11/03/2024,03/12/2025,revoked,eth-registry:9d790974,True
did:example:35a6ee2593ae6337,did:example:university1,academic,StudentID,13,2.11,24/10/2024,29/07/2026,revoked,eth-registry:65d667ef,False
did:example:6d3bdc4eecdc8de3,did:example:gov_issuer,government,ProofOfResidence,16,2.38,21/07/2024,16/02/2027,revoked,eth-registry:aa597ae0,False
did:example:04e66089ef8a85c5,did:example:university1,academic,StudentID,13,2.01,27/02/2025,21/07/2026,revoked,eth-registry:fa793fe3,True
did:example:f4bd79a532956043,did:example:employer1,professional,EmployeeID,12,1.63,18/06/2024,30/03/2027,revoked,eth-registry:eb8246f6,True
did:example:c280c8f1e1086d55,did:example:university1,academic,StudentID,15,2.16,19/02/2024,11/08/2025,revoked,eth-registry:2d145890,False
did:example:d4cfe4b487313e06,did:example:university1,academic,StudentID,15,2.16,14/10/2025,04/04/2027,revoked,eth-registry:9ebb5473,True
did:example:20b09731ff83bc4d,did:example:employer1,professional,EmployeeID,11,1.94,25/09/2025,27/06/2027,revoked,eth-registry:65d484a8,False
did:example:20a5b0f3664cc8ae,did:example:employer1,professional,EmployeeID,11,1.95,01/01/2025,03/08/2027,active,eth-registry:aa76159d,False
did:example:d28b0a5d5a817a47,did:example:university1,academic,StudentID,14,1.96,14/09/2025,17/09/2026,revoked,eth-registry:70502d4c,True
did:example:9cb8cb53161b7144,did:example:university1,academic,StudentID,14,2.2,30/11/2025,21/03/2027,active,eth-registry:076c4de7,True
did:example:6fda83261720f795,did:example:gov_issuer,government,ProofOfResidence,14,2.35,03/11/2025,04/08/2027,revoked,eth-registry:69f7b623,False
did:example:f7e832858b16b92e,did:example:employer1,professional,EmployeeID,13,1.75,28/08/2025,09/12/2026,active,eth-registry:18f8c87c,True
did:example:90c762e206383eff,did:example:university1,academic,StudentID,15,2.11,02/02/2024,08/11/2025,revoked,eth-registry:ed2cb4c6,False
did:example:0dc785e2bd8547f7,did:example:employer1,professional,EmployeeID,14,1.62,05/07/2025,14/05/2027,active,eth-registry:a16c59e9,False
did:example:a6ac8700525cf3e0,did:example:employer1,professional,EmployeeID,12,1.66,02/11/2025,28/01/2028,revoked,eth-registry:fc6c567e,True
did:example:8ebad06631834537,did:example:employer1,professional,EmployeeID,11,1.71,09/05/2024,01/01/2026,revoked,eth-registry:2f91ab87,True
did:example:27515303f20f2d9d,did:example:gov_issuer,government,ProofOfAge,15,2.35,18/02/2024,17/03/2026,active,eth-registry:8285fbc3,False
did:example:cfa97279b5059d2c,did:example:employer1,professional,EmployeeID,13,1.97,08/09/2024,30/08/2027,active,eth-registry:ac3c1c15,True
did:example:dfce3cfc89ebee03,did:example:university1,academic,StudentID,13,2.02,24/08/2025,27/07/2027,active,eth-registry:68ae476c,True
did:example:4c753519aaa46db9,did:example:gov_issuer,government,ProofOfAge,14,2.5,22/08/2025,31/03/2028,revoked,eth-registry:5a566b25,True
did:example:733fd152498b70ae,did:example:gov_issuer,government,ProofOfResidence,17,2.7,03/03/2025,19/09/2026,active,eth-registry:d592d453,False
did:example:bb08fa82aa81ffbc,did:example:university1,academic,StudentID,12,2.13,19/12/2025,29/09/2028,revoked,eth-registry:1ef6ceaa,False
did:example:2010f4f473b1683b,did:example:university1,academic,StudentID,15,2.06,29/04/2024,18/06/2026,revoked,eth-registry:9c591bfb,True
did:example:55c692b858a8d035,did:example:gov_issuer,government,ProofOfAge,16,2.67,03/10/2025,10/01/2027,active,eth-registry:bbb9da51,True
did:example:ea6be00714d23fc3,did:example:university1,academic,StudentID,13,1.99,28/09/2025,21/07/2028,active,eth-registry:f6ea4ff0,False
did:example:b44a5fa5d266cc0b,did:example:university1,academic,StudentID,12,1.97,24/11/2025,28/04/2028,active,eth-registry:0dcad9f8,False
did:example:7015e8578fc8ad9f,did:example:gov_issuer,government,ProofOfAge,14,2.51,01/08/2024,08/04/2026,revoked,eth-registry:da533799,True
did:example:4a9fd5861f024e14,did:example:employer1,professional,EmployeeID,14,1.77,14/04/2025,29/06/2027,revoked,eth-registry:8238e96d,False
did:example:03bd04b4b02a2d55,did:example:university1,academic,StudentID,14,2.22,20/07/2024,12/06/2027,active,eth-registry:162b0e69,True
did:example:ffb48edaf34af6f0,did:example:university1,academic,StudentID,15,1.92,18/12/2024,28/02/2026,active,eth-registry:34f4ec00,True
did:example:18b97de00243e211,did:example:employer1,professional,EmployeeID,14,1.85,03/12/2025,31/12/2026,revoked,eth-registry:a8c7cd27,False
did:example:f47bdd42ef6f16d9,did:example:gov_issuer,government,ProofOfAge,14,2.58,11/01/2025,14/08/2027,revoked,eth-registry:e5273cf2,False
did:example:95355093dd53fcee,did:example:university1,academic,StudentID,13,2.29,16/07/2025,11/02/2027,revoked,eth-registry:48bdb308,True
did:example:7557818d95eb7f21,did:example:gov_issuer,government,ProofOfResidence,18,2.36,01/12/2024,17/08/2027,revoked,eth-registry:d37803f0,True
did:example:074d47fc8c8dff92,did:example:gov_issuer,government,ProofOfResidence,16,2.4,01/01/2024,17/07/2026,active,eth-registry:c365b8ac,True
did:example:2464f7380b1f4dad,did:example:university1,academic,StudentID,14,2.27,23/04/2024,20/02/2027,active,eth-registry:b0c6fbfc,False
did:example:dee7af405c1cfb8e,did:example:university1,academic,StudentID,14,2.15,06/05/2025,11/11/2027,active,eth-registry:a0e3b6df,True
did:example:c15122949fdb5d03,did:example:university1,academic,StudentID,14,1.92,11/08/2024,29/06/2027,revoked,eth-registry:14a81e48,False
did:example:2c0ea60200061ec8,did:example:university1,academic,StudentID,15,1.93,16/08/2024,11/11/2026,revoked,eth-registry:a312964a,False
did:example:087ec2c539b51477,did:example:university1,academic,StudentID,15,2.21,07/03/2024,24/05/2025,active,eth-registry:f0e6bc78,False
did:example:de0cae115019d43c,did:example:employer1,professional,EmployeeID,13,1.83,23/08/2025,22/01/2027,revoked,eth-registry:1a58d2ee,False
did:example:1b784a3ae3d65b5e,did:example:university1,academic,StudentID,14,2.13,05/03/2024,09/12/2026,active,eth-registry:1f3c459a,False
did:example:f407bc2cf9c9c565,did:example:university1,academic,StudentID,13,2.25,27/01/2025,28/08/2026,active,eth-registry:f52a4218,True
did:example:0f08dc9caf3f2cf8,did:example:university1,academic,StudentID,12,2.0,15/08/2024,07/07/2027,revoked,eth-registry:3c32df45,True
did:example:d17696c95bd69216,did:example:university1,academic,StudentID,14,1.96,24/10/2025,23/07/2028,revoked,eth-registry:e869b15a,False
did:example:b3a581ecf872cbc2,did:example:university1,academic,StudentID,12,2.15,01/05/2025,17/09/2027,revoked,eth-registry:49ebf560,True
did:example:c20b01950df39048,did:example:gov_issuer,government,ProofOfResidence,17,2.65,19/02/2024,28/05/2025,revoked,eth-registry:1f851316,True
did:example:a94f18bfb6080b0f,did:example:gov_issuer,government,ProofOfResidence,16,2.41,24/03/2025,05/08/2026,revoked,eth-registry:a67ad529,True
did:example:b1faf001517af21d,did:example:university1,academic,StudentID,15,2.17,01/05/2024,26/10/2026,revoked,eth-registry:5348c529,True
did:example:72efc507ca6fdce6,did:example:gov_issuer,government,ProofOfResidence,18,2.36,12/02/2025,02/12/2026,active,eth-registry:d90f71d0,True
did:example:2d2e87072f25b5c5,did:example:university1,academic,StudentID,14,1.97,26/06/2024,15/04/2026,active,eth-registry:599f6ccb,True
did:example:2fc1f26582f55f31,did:example:employer1,professional,EmployeeID,12,1.96,01/07/2025,04/09/2026,revoked,eth-registry:290de8f1,True
did:example:e0621f4a7184db64,did:example:gov_issuer,government,ProofOfAge,16,2.35,11/12/2024,11/11/2026,revoked,eth-registry:f4954ec5,False
did:example:d7078a2fc4c60a64,did:example:employer1,professional,EmployeeID,11,1.61,04/11/2024,07/11/2025,active,eth-registry:e80aa0b8,False
did:example:307d2b10470c3e2b,did:example:university1,academic,StudentID,12,2.21,04/10/2025,15/01/2027,active,eth-registry:ae090c0d,False
did:example:1292ec681cece046,did:example:employer1,professional,EmployeeID,10,1.75,19/11/2024,22/09/2027,active,eth-registry:d4c665ab,False
did:example:91dee3c180b12c0c,did:example:employer1,professional,EmployeeID,13,1.76,20/06/2024,23/12/2026,active,eth-registry:4a50e877,True
did:example:a5e29bacf39eb8d5,did:example:university1,academic,StudentID,15,2.22,13/01/2025,24/12/2027,active,eth-registry:776fc257,True
did:example:3363bdb834254ea6,did:example:employer1,professional,EmployeeID,10,1.67,15/08/2025,11/06/2028,revoked,eth-registry:c0d7da8b,True
did:example:56dc7b4779b082f5,did:example:university1,academic,StudentID,13,2.16,18/02/2024,21/12/2026,active,eth-registry:1e036bc6,False
did:example:08a2af02c53241de,did:example:university1,academic,StudentID,14,2.03,25/07/2024,18/05/2026,revoked,eth-registry:8f83b324,False
did:example:4a172bce5285252c,did:example:gov_issuer,government,ProofOfAge,17,2.34,01/03/2025,02/09/2026,revoked,eth-registry:c8a67fc1,True
did:example:4c33ffac3afce42e,did:example:university1,academic,StudentID,14,2.17,25/06/2024,07/11/2026,active,eth-registry:fad40bd3,False
did:example:6842024ae58107a7,did:example:employer1,professional,EmployeeID,13,1.73,02/07/2025,29/09/2027,active,eth-registry:c41f9434,False
did:example:e3a0eacbf49ea659,did:example:university1,academic,StudentID,12,2.25,11/02/2024,23/12/2025,active,eth-registry:bb116a89,True
did:example:351e601b9ce82f43,did:example:employer1,professional,EmployeeID,11,1.97,11/07/2024,11/07/2026,revoked,eth-registry:e34547bb,True
did:example:e61803540d146208,did:example:university1,academic,StudentID,13,2.24,05/03/2025,29/07/2026,active,eth-registry:047e0ee2,True
did:example:d4b37a00f6986aa7,did:example:university1,academic,StudentID,12,2.03,16/09/2025,13/09/2027,active,eth-registry:ca80b9d4,True
did:example:48206fcc00729cf7,did:example:employer1,professional,EmployeeID,11,1.69,15/09/2024,20/08/2027,active,eth-registry:cc33768d,False
did:example:fac086d1811b2958,did:example:employer1,professional,EmployeeID,11,1.96,13/07/2024,22/05/2026,revoked,eth-registry:6147aecb,True
did:example:7762d5c5aff9fcf7,did:example:gov_issuer,government,ProofOfAge,18,2.48,08/11/2025,21/11/2027,active,eth-registry:4dfc8e8c,False
did:example:d872343abd4e927e,did:example:university1,academic,StudentID,13,2.18,10/01/2025,29/11/2027,revoked,eth-registry:93abbff5,False
did:example:c8fb79efd0971456,did:example:gov_issuer,government,ProofOfAge,18,2.63,28/05/2024,10/02/2027,active,eth-registry:698fc731,True
did:example:48a7208582c3d228,did:example:university1,academic,StudentID,14,2.01,01/10/2025,01/05/2028,active,eth-registry:73a7b5f8,True
did:example:f7b5190b5d1d8ee5,did:example:employer1,professional,EmployeeID,13,1.65,21/01/2024,23/01/2025,active,eth-registry:df3e0de5,False
did:example:5b1094914b6ff595,did:example:university1,academic,StudentID,15,2.15,23/06/2025,03/03/2028,revoked,eth-registry:c2116522,False
did:example:2a7a5e5c6189366e,did:example:university1,academic,StudentID,15,2.14,24/10/2025,19/12/2026,active,eth-registry:2b70fc51,False
did:example:87175d6552acade2,did:example:university1,academic,StudentID,12,2.01,25/02/2025,22/03/2026,active,eth-registry:c520c803,True
did:example:37f075c8e8448b68,did:example:gov_issuer,government,ProofOfAge,16,2.53,30/10/2025,15/07/2027,active,eth-registry:123bd490,False
did:example:576c76aa2a86f312,did:example:university1,academic,StudentID,14,2.22,31/03/2025,26/01/2027,revoked,eth-registry:18744827,True
did:example:f82c4932bf61c311,did:example:gov_issuer,government,ProofOfResidence,18,2.44,12/03/2025,08/06/2026,revoked,eth-registry:2d46ea64,False
did:example:ea7cb8ead1bc0bc7,did:example:employer1,professional,EmployeeID,10,1.7,20/03/2024,31/05/2026,revoked,eth-registry:68fd8e31,True
did:example:1fbcd4190c0b8fb7,did:example:university1,academic,StudentID,13,2.19,10/05/2024,14/03/2027,active,eth-registry:592b0c5a,False
did:example:11c4fc98866a30e1,did:example:gov_issuer,government,ProofOfAge,15,2.61,26/05/2025,19/09/2027,active,eth-registry:523f7632,True
did:example:cf60af3194c4046c,did:example:gov_issuer,government,ProofOfAge,15,2.68,13/05/2025,14/04/2028,revoked,eth-registry:045224f5,True
did:example:e168d4c6ef15953f,did:example:university1,academic,StudentID,15,1.96,23/03/2025,06/01/2028,revoked,eth-registry:90d917d6,True
did:example:da76bc182d40fe23,did:example:gov_issuer,government,ProofOfResidence,15,2.66,01/06/2024,18/01/2027,active,eth-registry:cdbadc35,False
did:example:35cba0b393c0de79,did:example:employer1,professional,EmployeeID,13,1.91,02/03/2024,02/07/2025,revoked,eth-registry:7f690ef3,True
did:example:e9d7775186c5ea2b,did:example:employer1,professional,EmployeeID,14,1.88,03/03/2024,12/06/2026,revoked,eth-registry:1d631fa9,True
did:example:e6b0a20985f3a46c,did:example:university1,academic,StudentID,15,2.03,31/03/2024,04/06/2025,active,eth-registry:da99431e,True
did:example:1fc4a1538a0157d1,did:example:employer1,professional,EmployeeID,10,1.61,08/06/2024,24/12/2026,revoked,eth-registry:a7f319fb,True
did:example:f7f169492a5b80e2,did:example:university1,academic,StudentID,12,2.1,10/12/2025,22/09/2028,revoked,eth-registry:92f52c88,False
did:example:dabee543dd4fdd39,did:example:university1,academic,StudentID,13,2.01,24/07/2025,19/10/2026,active,eth-registry:9fa29bb2,True
did:example:62edc1b9e4cd3b30,did:example:employer1,professional,EmployeeID,12,1.72,10/05/2024,15/05/2026,active,eth-registry:67ff7e52,False
did:example:eb97c078c5a549ca,did:example:employer1,professional,EmployeeID,13,1.97,12/08/2024,13/11/2025,active,eth-registry:ed19d807,True
did:example:c0617fc7766cfa52,did:example:employer1,professional,EmployeeID,12,1.66,16/10/2025,14/11/2027,revoked,eth-registry:9dc3cf54,True
did:example:706027558523a343,did:example:employer1,professional,EmployeeID,10,1.97,24/11/2024,19/10/2026,revoked,eth-registry:4de76359,False
did:example:c35fd1605403fce1,did:example:university1,academic,StudentID,15,2.1,20/07/2024,01/05/2027,active,eth-registry:e541a082,True
did:example:eed2a4ed89b29a0f,did:example:university1,academic,StudentID,15,2.24,27/08/2024,14/03/2026,active,eth-registry:03608654,False
did:example:5ad0f25766553835,did:example:university1,academic,StudentID,14,2.01,16/10/2024,17/04/2027,revoked,eth-registry:3729cd68,True
did:example:b9e7d9f59a9d8726,did:example:university1,academic,StudentID,14,2.15,31/01/2025,26/05/2027,revoked,eth-registry:3e8601ef,True
did:example:03dfa3c0fc73741d,did:example:gov_issuer,government,ProofOfAge,18,2.52,10/02/2025,29/07/2027,active,eth-registry:14859a19,True
did:example:ed5b0f81a0657a98,did:example:gov_issuer,government,ProofOfResidence,16,2.67,24/01/2025,27/12/2027,active,eth-registry:e6b9f114,True
did:example:089500b29461104d,did:example:gov_issuer,government,ProofOfResidence,14,2.37,02/04/2025,15/08/2026,active,eth-registry:c4f3f1d0,False
did:example:dbe367580170ea44,did:example:gov_issuer,government,ProofOfResidence,17,2.38,05/08/2024,14/08/2025,active,eth-registry:784f1e06,True
did:example:bd8f60fe98f48a7e,did:example:employer1,professional,EmployeeID,12,1.98,29/12/2024,28/03/2027,revoked,eth-registry:6913d2cb,True
did:example:41600513170d0342,did:example:gov_issuer,government,ProofOfResidence,17,2.34,29/08/2025,26/11/2026,revoked,eth-registry:8f800514,True
did:example:49ff58c3193ebc97,did:example:university1,academic,StudentID,15,2.15,11/09/2024,06/08/2026,revoked,eth-registry:6ccd18be,True
did:example:76bb10e521668335,did:example:university1,academic,StudentID,13,1.92,19/12/2025,03/01/2028,active,eth-registry:27781864,True
did:example:fc95168352ebfb43,did:example:gov_issuer,government,ProofOfAge,15,2.33,30/12/2024,21/03/2027,revoked,eth-registry:e6b0cfae,True
did:example:e2a7f7bbe7139c5f,did:example:university1,academic,StudentID,13,2.14,01/10/2024,09/10/2025,active,eth-registry:db4d7ee5,True
did:example:82cf1226174d1caa,did:example:employer1,professional,EmployeeID,13,1.82,27/05/2025,21/07/2027,revoked,eth-registry:e2ae6be5,False
did:example:35c4af7d6b0d5860,did:example:gov_issuer,government,ProofOfResidence,17,2.53,13/10/2024,05/05/2027,revoked,eth-registry:1cca50b3,False
did:example:2c7dd952c5737ba9,did:example:employer1,professional,EmployeeID,12,1.79,16/10/2024,04/11/2025,active,eth-registry:666600b4,False
did:example:017eb0c41a134d9b,did:example:employer1,professional,EmployeeID,12,1.9,30/09/2024,15/07/2026,revoked,eth-registry:de7ed6c1,False
did:example:896e8f03ca516f9d,did:example:university1,academic,StudentID,15,2.3,02/02/2025,11/10/2026,revoked,eth-registry:51f2d269,True
did:example:a8074f74a6a2c0d2,did:example:employer1,professional,EmployeeID,11,1.71,31/01/2024,05/10/2025,revoked,eth-registry:fbba575d,True
did:example:bd4be3cbca2bbda0,did:example:gov_issuer,government,ProofOfAge,14,2.43,04/10/2024,03/09/2026,active,eth-registry:08ee7751,False
did:example:a2d22636a6f8a95b,did:example:university1,academic,StudentID,15,2.03,15/07/2025,26/10/2026,active,eth-registry:85152604,True
did:example:325e20dda559f969,did:example:university1,academic,StudentID,15,2.21,29/08/2024,29/08/2026,active,eth-registry:b5585475,False
did:example:9ac0ead66496a320,did:example:gov_issuer,government,ProofOfResidence,17,2.44,29/01/2025,26/03/2026,revoked,eth-registry:6a848437,True
did:example:63ea58a06c8b0a51,did:example:university1,academic,StudentID,13,2.17,06/08/2024,17/10/2025,revoked,eth-registry:4887448d,False
did:example:ebb1fa8adf0d8b97,did:example:university1,academic,StudentID,13,2.08,19/11/2025,16/12/2027,active,eth-registry:92d8f6f0,False
did:example:c136d69b4b070839,did:example:employer1,professional,EmployeeID,12,1.84,12/06/2024,30/03/2027,revoked,eth-registry:a9b2f1c5,True
did:example:fa4fa9c67deb534a,did:example:employer1,professional,EmployeeID,10,1.93,22/07/2025,21/12/2027,revoked,eth-registry:9f9d49cc,True
did:example:686f48dbe312860d,did:example:university1,academic,StudentID,14,2.11,10/07/2025,11/03/2027,active,eth-registry:cec1ca2b,True
did:example:4e3e09685dfd5fc6,did:example:employer1,professional,EmployeeID,11,1.79,23/10/2024,02/07/2026,active,eth-registry:a1bece4d,True
did:example:736c6999d19f15f4,did:example:university1,academic,StudentID,13,2.01,20/12/2025,12/12/2027,active,eth-registry:0b6d59bd,True
did:example:cd1da9fd928cab63,did:example:employer1,professional,EmployeeID,12,1.81,22/12/2025,16/01/2027,revoked,eth-registry:bf00834f,True
did:example:34d9608e577428c5,did:example:employer1,professional,EmployeeID,14,1.7,22/01/2024,21/05/2026,active,eth-registry:dcffefd2,True
did:example:197e6cfcfb99f736,did:example:gov_issuer,government,ProofOfResidence,15,2.64,19/02/2025,27/05/2026,revoked,eth-registry:5d3f92d3,False
did:example:e88f071ed4009a6e,did:example:employer1,professional,EmployeeID,14,1.76,23/05/2024,30/10/2026,active,eth-registry:dcfde482,False
did:example:a6f1e81b43661679,did:example:gov_issuer,government,ProofOfResidence,16,2.35,30/12/2025,29/09/2027,revoked,eth-registry:61bf1219,False
did:example:42649bd63a6a078a,did:example:university1,academic,StudentID,15,2.0,05/12/2025,07/09/2027,revoked,eth-registry:21010709,False
did:example:22fe182fed81e24d,did:example:university1,academic,StudentID,13,2.11,05/11/2024,22/09/2026,active,eth-registry:ced27e34,False
did:example:01cc710ecf92a10e,did:example:employer1,professional,EmployeeID,14,1.97,06/09/2024,09/12/2025,active,eth-registry:7806b826,False
did:example:898e099b259b0097,did:example:university1,academic,StudentID,14,2.02,21/08/2025,12/02/2027,revoked,eth-registry:db108a18,True
did:example:2e80c3fa9f09ef70,did:example:employer1,professional,EmployeeID,13,1.71,11/10/2024,11/03/2026,active,eth-registry:c9df5784,False
did:example:0840030317917009,did:example:gov_issuer,government,ProofOfAge,16,2.46,18/06/2025,27/02/2028,active,eth-registry:e79649fb,False
did:example:ef116b7050fcc7e1,did:example:gov_issuer,government,ProofOfResidence,16,2.69,29/04/2025,27/08/2026,revoked,eth-registry:af1cc78e,False
did:example:9abcbe6df4ef41fc,did:example:university1,academic,StudentID,14,2.24,26/07/2024,28/10/2025,revoked,eth-registry:fb949195,True
did:example:a392f89a038f816d,did:example:university1,academic,StudentID,15,1.96,14/09/2024,11/03/2026,revoked,eth-registry:17a37d84,False
did:example:f614c3a52c907cd7,did:example:university1,academic,StudentID,15,2.15,12/11/2025,18/09/2027,revoked,eth-registry:b53a32cf,False
did:example:6661e84946c0f3e5,did:example:employer1,professional,EmployeeID,10,1.92,26/12/2024,12/03/2027,revoked,eth-registry:046a5f9c,True
did:example:f806cdb38ba5c46a,did:example:employer1,professional,EmployeeID,13,1.91,01/11/2024,06/09/2026,revoked,eth-registry:e3ae0b1d,False
did:example:d9f4eed21a9dfca1,did:example:employer1,professional,EmployeeID,14,1.8,20/10/2025,15/11/2027,active,eth-registry:f0d66cbe,True
did:example:36f12e7ea50397dc,did:example:university1,academic,StudentID,14,2.19,22/02/2025,07/03/2027,revoked,eth-registry:5a6b03fe,False
did:example:84ca2840774c1591,did:example:university1,academic,StudentID,13,2.13,16/02/2025,19/06/2026,active,eth-registry:286afd0a,False
did:example:de0ee176070e8717,did:example:employer1,professional,EmployeeID,11,1.68,11/10/2024,16/10/2025,revoked,eth-registry:869c999c,False
did:example:ee737821c4fe2371,did:example:gov_issuer,government,ProofOfResidence,17,2.32,02/05/2025,12/09/2027,active,eth-registry:bf6ae545,False
did:example:1f4eb6282042e495,did:example:gov_issuer,government,ProofOfResidence,17,2.45,02/02/2024,22/12/2026,revoked,eth-registry:eb2b651b,True
did:example:6801c83d599228ea,did:example:employer1,professional,EmployeeID,11,1.62,07/06/2024,23/07/2025,active,eth-registry:e7090176,False
did:example:c7eb4b56ae9eec4c,did:example:university1,academic,StudentID,13,2.06,22/08/2025,23/06/2028,active,eth-registry:66806973,False
did:example:c19670c58266b603,did:example:university1,academic,StudentID,13,2.23,10/07/2024,05/05/2027,active,eth-registry:bfba186b,True
did:example:4384fc67bd3d44a4,did:example:university1,academic,StudentID,12,2.24,20/12/2025,18/07/2028,active,eth-registry:defee975,False
did:example:b658b41421465e06,did:example:employer1,professional,EmployeeID,10,1.61,13/10/2025,30/11/2027,active,eth-registry:9f5a59ce,True
did:example:855d53a146887316,did:example:gov_issuer,government,ProofOfAge,14,2.33,05/10/2024,10/06/2026,active,eth-registry:65ee94db,True
did:example:6239f8544248b6fc,did:example:employer1,professional,EmployeeID,12,1.87,01/11/2025,06/01/2028,revoked,eth-registry:48c5423e,True
did:example:74d3e3ca5e36b123,did:example:employer1,professional,EmployeeID,12,1.8,06/06/2025,14/06/2026,active,eth-registry:8bff453d,False
did:example:fa6ad14b39eecbb4,did:example:employer1,professional,EmployeeID,12,1.66,12/08/2025,08/03/2027,revoked,eth-registry:816d7f48,True
did:example:c54d7f1b3852ec16,did:example:employer1,professional,EmployeeID,14,1.92,09/12/2024,22/09/2026,revoked,eth-registry:833afca3,False
did:example:145b205282737394,did:example:employer1,professional,EmployeeID,11,1.69,30/03/2024,08/04/2026,revoked,eth-registry:fa9e7fde,True
did:example:fe10f2486de8b140,did:example:employer1,professional,EmployeeID,11,1.63,03/02/2025,21/08/2026,revoked,eth-registry:755e84e8,True
did:example:93b8367c90f034d2,did:example:university1,academic,StudentID,12,2.2,21/08/2025,28/06/2027,active,eth-registry:a0d2ae02,False
did:example:a6f32e4285d29a2b,did:example:university1,academic,StudentID,13,2.14,07/03/2024,19/08/2026,active,eth-registry:3ec4e102,True
did:example:60d6a58c3f6d9c44,did:example:gov_issuer,government,ProofOfResidence,16,2.46,15/01/2024,09/12/2026,revoked,eth-registry:353a2c86,True
did:example:11ce9ebb1ab5d465,did:example:university1,academic,StudentID,13,2.18,23/08/2025,15/04/2028,active,eth-registry:b25eba22,True
did:example:52ef1c2cdea1f733,did:example:university1,academic,StudentID,13,2.26,12/03/2025,06/05/2026,active,eth-registry:d4212e9f,True
did:example:8bb4ac8a8fcf87c3,did:example:university1,academic,StudentID,14,1.91,16/01/2025,22/03/2027,active,eth-registry:34184091,False
did:example:4940232c71cf251b,did:example:gov_issuer,government,ProofOfAge,18,2.55,08/05/2025,08/04/2027,revoked,eth-registry:6d94a2f6,True
did:example:93551a3631c30972,did:example:employer1,professional,EmployeeID,11,1.69,15/05/2025,31/05/2027,active,eth-registry:43183c88,False
did:example:523ffb93e6060346,did:example:gov_issuer,government,ProofOfAge,14,2.49,07/11/2024,08/06/2027,active,eth-registry:29f53982,True
did:example:746ffc1a829b3e83,did:example:university1,academic,StudentID,12,2.07,22/03/2025,15/11/2026,active,eth-registry:15f68020,False
did:example:4ae3f328a3b592a6,did:example:gov_issuer,government,ProofOfResidence,16,2.46,16/12/2024,18/01/2027,active,eth-registry:b66a18e9,True
did:example:ced3dde29fe5588c,did:example:university1,academic,StudentID,15,1.98,31/05/2024,10/03/2027,revoked,eth-registry:51fc916a,True
did:example:11424c5c1a128420,did:example:employer1,professional,EmployeeID,10,1.92,26/06/2025,13/08/2027,active,eth-registry:31914a2b,False
did:example:7ffad491cb2dcd97,did:example:university1,academic,StudentID,12,2.05,01/10/2024,10/11/2026,revoked,eth-registry:954c8ef9,True
did:example:061ad38f53476044,did:example:university1,academic,StudentID,14,2.25,16/10/2025,12/08/2028,active,eth-registry:76728daf,True
did:example:f98d0ba00fc2fbbb,did:example:gov_issuer,government,ProofOfAge,18,2.44,17/10/2024,07/11/2025,revoked,eth-registry:c00daeae,False
did:example:543a269b883229b5,did:example:employer1,professional,EmployeeID,12,1.94,18/05/2024,16/02/2026,revoked,eth-registry:a0509106,False
did:example:1605d866582c18a5,did:example:gov_issuer,government,ProofOfAge,18,2.52,28/08/2025,23/08/2027,revoked,eth-registry:0c988ef6,True
did:example:02704ba69abfcd1e,did:example:employer1,professional,EmployeeID,13,1.75,11/04/2024,12/04/2025,revoked,eth-registry:c92cd4ee,False
did:example:7b2cf62a796f2d33,did:example:university1,academic,StudentID,12,2.18,22/12/2025,03/12/2027,active,eth-registry:3a73750c,False
did:example:11fefe71235da647,did:example:employer1,professional,EmployeeID,12,1.91,05/04/2025,10/02/2028,active,eth-registry:6f1d13ab,False
did:example:a5a4d73925bad83d,did:example:university1,academic,StudentID,15,2.09,18/12/2024,17/07/2027,revoked,eth-registry:cf5146f5,False
did:example:7c92212102303999,did:example:employer1,professional,EmployeeID,12,1.77,17/06/2024,11/07/2025,active,eth-registry:f40a2b11,True
did:example:337a75f244d8e32e,did:example:employer1,professional,EmployeeID,10,1.83,27/05/2024,26/02/2027,revoked,eth-registry:6d4042b3,False
did:example:c1e730ffdbcaed41,did:example:employer1,professional,EmployeeID,10,1.83,21/05/2024,24/12/2026,active,eth-registry:19ce90bf,True
did:example:a662b7a1b13b16c7,did:example:university1,academic,StudentID,14,2.07,31/08/2025,02/06/2028,active,eth-registry:a3594ec4,True
did:example:158df1dca312f818,did:example:employer1,professional,EmployeeID,12,1.9,28/05/2024,07/09/2025,revoked,eth-registry:17fd6eff,True
did:example:c34cd001c47592b3,did:example:employer1,professional,EmployeeID,12,1.76,27/01/2024,12/11/2026,revoked,eth-registry:bd5a97c0,True
did:example:68669ef5212ad438,did:example:gov_issuer,government,ProofOfResidence,15,2.48,23/05/2024,07/06/2025,active,eth-registry:149c1bac,True
did:example:444697d98b5671b1,did:example:university1,academic,StudentID,13,2.14,22/03/2025,16/04/2026,active,eth-registry:891011cc,True
did:example:9051bb6393350600,did:example:employer1,professional,EmployeeID,13,1.99,14/12/2024,30/08/2026,active,eth-registry:6539610f,False
did:example:f0d75a7810c01d15,did:example:employer1,professional,EmployeeID,10,1.7,29/09/2024,18/05/2027,active,eth-registry:357a9075,False
did:example:4b33b35c855fa3a1,did:example:university1,academic,StudentID,13,1.99,05/12/2025,27/08/2028,revoked,eth-registry:7c6eb2c4,True
did:example:35f76b92cb90f245,did:example:employer1,professional,EmployeeID,11,1.67,08/09/2024,14/12/2026,active,eth-registry:dc7e514d,False
did:example:f6b6a50ecdfa6cb2,did:example:university1,academic,StudentID,15,2.18,28/08/2025,24/09/2026,active,eth-registry:61448721,False
did:example:804929969ed1acf5,did:example:university1,academic,StudentID,14,2.08,31/03/2024,29/12/2026,active,eth-registry:d6591f8f,True
did:example:dfcde4500d11180f,did:example:employer1,professional,EmployeeID,12,1.76,01/02/2025,12/08/2026,revoked,eth-registry:618aacf2,True
did:example:1a744761a8b9a099,did:example:employer1,professional,EmployeeID,11,1.68,05/04/2024,01/10/2026,revoked,eth-registry:3e52e1e1,False
did:example:b0aaade1143512a7,did:example:university1,academic,StudentID,12,2.26,29/02/2024,19/09/2025,active,eth-registry:0385c0fb,False
did:example:9ccfc397d580e81d,did:example:employer1,professional,EmployeeID,11,1.78,12/05/2025,29/06/2027,revoked,eth-registry:e8ab4b02,True
did:example:c26b46c023416aa7,did:example:gov_issuer,government,ProofOfResidence,15,2.54,06/05/2025,14/07/2026,revoked,eth-registry:89079485,True
did:example:0dd1160e597cd5d0,did:example:employer1,professional,EmployeeID,13,1.65,23/02/2025,22/02/2028,active,eth-registry:d563a56c,False
did:example:f253bd9e82b06da5,did:example:university1,academic,StudentID,12,1.94,25/11/2024,31/01/2026,active,eth-registry:4a71c445,False
did:example:867dc6d95d5520cc,did:example:university1,academic,StudentID,12,1.93,16/07/2024,14/06/2027,revoked,eth-registry:11128ee5,False
did:example:be67515375c125f4,did:example:university1,academic,StudentID,14,2.05,22/07/2025,15/05/2028,active,eth-registry:ac0f2e15,False
did:example:7a4998a529b9a70f,did:example:gov_issuer,government,ProofOfAge,15,2.49,18/05/2024,04/09/2025,active,eth-registry:7a36b6ca,True
did:example:fae0685d3a2500f8,did:example:employer1,professional,EmployeeID,14,1.7,27/12/2024,19/05/2027,revoked,eth-registry:69dd39c8,False
did:example:bead8a7f780b5410,did:example:university1,academic,StudentID,15,2.04,20/11/2025,29/07/2027,revoked,eth-registry:755cf089,True
did:example:7684d77b868b5aa7,did:example:university1,academic,StudentID,15,1.9,03/05/2025,16/12/2026,active,eth-registry:0a9b57bb,False
did:example:a01023f3d3d2efd0,did:example:university1,academic,StudentID,13,2.04,09/09/2025,06/05/2027,revoked,eth-registry:6697acbe,True
did:example:c7c7a1fcc3d64869,did:example:university1,academic,StudentID,13,1.95,26/05/2024,16/11/2025,active,eth-registry:557abc7e,False
did:example:04dcd2bb126cfcf2,did:example:university1,academic,StudentID,13,1.95,19/01/2024,21/12/2026,active,eth-registry:dab44827,False
did:example:d5b46692f15b2423,did:example:university1,academic,StudentID,12,1.9,01/09/2025,02/10/2026,revoked,eth-registry:5fd230ec,True
did:example:007b43a5e2518f32,did:example:university1,academic,StudentID,14,2.18,15/02/2025,31/10/2026,active,eth-registry:1293a605,False
did:example:4af8764bc24d58c3,did:example:university1,academic,StudentID,15,2.27,23/07/2025,11/04/2027,revoked,eth-registry:ffe95103,False
did:example:33617b72c264f935,did:example:employer1,professional,EmployeeID,11,1.85,07/09/2025,10/07/2027,revoked,eth-registry:1a508dc9,False
did:example:20109afa82746ad8,did:example:employer1,professional,EmployeeID,10,1.64,30/09/2024,08/05/2026,active,eth-registry:00116cfa,True
did:example:740ae0c06c972a1d,did:example:gov_issuer,government,ProofOfAge,16,2.7,21/03/2024,19/07/2026,revoked,eth-registry:c8b035dc,True
did:example:ffbaa67dc2bf7623,did:example:university1,academic,StudentID,13,2.29,05/12/2025,05/10/2028,active,eth-registry:82db2cae,True
did:example:ec01594c4a8928cc,did:example:university1,academic,StudentID,15,2.09,10/08/2024,10/12/2026,revoked,eth-registry:9a089a33,True
did:example:5406c95ba2ab7ebb,did:example:employer1,professional,EmployeeID,14,1.64,27/04/2024,05/10/2025,revoked,eth-registry:ae8104f7,False
did:example:0b892a5b05cd49a1,did:example:employer1,professional,EmployeeID,14,1.89,21/02/2025,19/02/2028,revoked,eth-registry:f9b59b76,False
did:example:749996a1d77006b3,did:example:gov_issuer,government,ProofOfAge,15,2.68,15/01/2024,06/11/2025,revoked,eth-registry:b25379ad,False
did:example:be83a70f1c588ee5,did:example:university1,academic,StudentID,15,2.21,13/02/2024,26/09/2025,revoked,eth-registry:873fa07c,False
did:example:f6536744045c974b,did:example:university1,academic,StudentID,12,2.15,11/07/2025,21/11/2027,active,eth-registry:47c12187,True
did:example:7919fcc9271c231f,did:example:university1,academic,StudentID,13,2.14,05/03/2024,15/02/2027,active,eth-registry:a0f5f27e,True
did:example:8aa5eaaf2d1a858e,did:example:employer1,professional,EmployeeID,11,1.99,15/03/2025,04/11/2026,revoked,eth-registry:3dbe604b,False
did:example:57470a879c669f36,did:example:university1,academic,StudentID,15,1.93,27/11/2024,22/04/2026,active,eth-registry:4489b433,True
did:example:b6432c76153eaffc,did:example:gov_issuer,government,ProofOfAge,17,2.36,22/03/2024,14/10/2026,active,eth-registry:936a0662,False
did:example:cb32cdc4188bb306,did:example:university1,academic,StudentID,13,2.23,20/11/2025,03/11/2027,active,eth-registry:6a399c46,True
did:example:d5f9d5674dbc0ac9,did:example:university1,academic,StudentID,12,1.96,26/04/2024,08/10/2026,active,eth-registry:e7da3f22,True
did:example:eb708a2ca78e4d61,did:example:employer1,professional,EmployeeID,13,1.75,20/04/2025,17/03/2027,active,eth-registry:9ba4f6af,True
did:example:3c2bc1565332e2f1,did:example:university1,academic,StudentID,14,2.01,05/04/2024,30/04/2025,active,eth-registry:66569514,True
did:example:82e0b8639abb0468,did:example:university1,academic,StudentID,15,2.0,07/03/2025,26/11/2026,active,eth-registry:21906f5f,False
did:example:2b56f3637522ae9b,did:example:employer1,professional,EmployeeID,12,1.61,01/05/2024,16/01/2027,active,eth-registry:d555d66f,False
did:example:88e3a3b729acb812,did:example:employer1,professional,EmployeeID,10,1.83,11/10/2025,25/08/2028,active,eth-registry:13129411,True
did:example:ff0ec08b9384be20,did:example:employer1,professional,EmployeeID,11,1.76,03/12/2024,26/08/2026,active,eth-registry:f970846a,False
did:example:f4744fcc14c3ea54,did:example:gov_issuer,government,ProofOfResidence,17,2.52,07/01/2024,27/05/2026,active,eth-registry:68460164,True
did:example:2b1c3d6203159a1e,did:example:university1,academic,StudentID,12,2.02,07/02/2024,17/04/2025,active,eth-registry:348cd43d,False
did:example:399209048b93e67c,did:example:gov_issuer,government,ProofOfAge,14,2.68,31/01/2025,08/07/2026,revoked,eth-registry:f1eea727,False
did:example:1be0ce68322a3046,did:example:university1,academic,StudentID,15,2.14,14/01/2025,08/06/2027,revoked,eth-registry:46d9898f,True
did:example:78c3d8316f36f518,did:example:employer1,professional,EmployeeID,12,1.98,29/08/2024,28/09/2025,active,eth-registry:a8aac19e,True
did:example:414553a961d04ac8,did:example:university1,academic,StudentID,13,2.04,18/03/2025,15/09/2027,revoked,eth-registry:87f4e525,True
did:example:8bbec79b191bd536,did:example:university1,academic,StudentID,14,1.9,05/08/2025,09/07/2028,revoked,eth-registry:e6df6f0b,True
did:example:9db5a4d40ad6bb3e,did:example:university1,academic,StudentID,14,2.21,15/06/2025,05/08/2026,revoked,eth-registry:8459f540,False
did:example:f5110c73547449cc,did:example:university1,academic,StudentID,12,2.23,01/07/2025,30/08/2027,active,eth-registry:755db12f,True
did:example:62d9f6eff3509bcb,did:example:employer1,professional,EmployeeID,12,1.62,22/11/2025,07/08/2027,active,eth-registry:466aa323,True
did:example:23ebb0adf1c0d815,did:example:employer1,professional,EmployeeID,11,1.85,30/05/2024,12/09/2026,active,eth-registry:71533afd,False
did:example:7e069a7e2d25eb3a,did:example:gov_issuer,government,ProofOfResidence,14,2.56,01/03/2024,15/12/2026,active,eth-registry:f6310438,True
did:example:dab8a828c6c7865d,did:example:employer1,professional,EmployeeID,10,1.66,29/03/2024,26/05/2025,active,eth-registry:9e699cba,True
did:example:9146f6abee7e2a95,did:example:university1,academic,StudentID,13,2.12,26/01/2024,29/05/2026,active,eth-registry:47744b63,True
did:example:0e433443a55e95d5,did:example:employer1,professional,EmployeeID,12,1.7,02/08/2024,13/12/2025,revoked,eth-registry:912342ef,False
did:example:7c8e00bcaf01af39,did:example:university1,academic,StudentID,14,1.91,11/04/2024,06/05/2026,revoked,eth-registry:2003e2d5,False
did:example:7f539d5f483bbf5d,did:example:university1,academic,StudentID,15,2.25,04/11/2025,23/09/2027,revoked,eth-registry:e80b61c4,False
did:example:093ba3d1f100faa7,did:example:gov_issuer,government,ProofOfAge,16,2.5,03/09/2024,06/09/2026,active,eth-registry:0689a35b,True
did:example:c3d6cd6bb6e7b1b5,did:example:university1,academic,StudentID,14,2.21,08/06/2024,19/12/2026,active,eth-registry:dbe33261,True
did:example:2faa04ae1b028c18,did:example:gov_issuer,government,ProofOfResidence,18,2.59,19/01/2025,08/04/2027,revoked,eth-registry:093b8052,False
did:example:caa6fd72a40bedcf,did:example:gov_issuer,government,ProofOfResidence,17,2.7,10/11/2024,21/07/2026,revoked,eth-registry:d67d8904,False
did:example:4cf7957f4d5b3445,did:example:university1,academic,StudentID,15,2.08,04/01/2024,25/04/2026,revoked,eth-registry:50f22e28,True
did:example:e94946a41fc0b73d,did:example:gov_issuer,government,ProofOfResidence,15,2.47,02/12/2025,11/02/2028,active,eth-registry:0aa48127,False
did:example:048396e9c45b30a6,did:example:gov_issuer,government,ProofOfAge,17,2.41,21/05/2025,10/07/2026,active,eth-registry:fc9cda07,True
did:example:9f17d40ffb179960,did:example:university1,academic,StudentID,14,2.15,26/08/2025,17/11/2027,revoked,eth-registry:d97283c9,True
did:example:c7d98c7b6c874f04,did:example:gov_issuer,government,ProofOfAge,16,2.49,30/11/2025,01/08/2027,active,eth-registry:223088d9,True
did:example:1739716f6aad515a,did:example:employer1,professional,EmployeeID,10,1.89,09/10/2025,23/01/2027,active,eth-registry:3754fef9,False
did:example:35d12ca1296027ee,did:example:employer1,professional,EmployeeID,12,1.74,01/07/2024,20/07/2026,active,eth-registry:7bf3b052,False
did:example:783fc62608289ee4,did:example:gov_issuer,government,ProofOfResidence,18,2.35,11/07/2025,23/07/2027,revoked,eth-registry:e4951b14,True
did:example:c83e634d428b5417,did:example:university1,academic,StudentID,14,2.24,07/01/2024,23/06/2026,revoked,eth-registry:a821af1f,True
did:example:237bb59e0f139601,did:example:university1,academic,StudentID,12,2.23,21/09/2024,03/08/2026,revoked,eth-registry:5d085d12,True
did:example:3c7e9cd6dcc8e946,did:example:university1,academic,StudentID,13,2.04,04/07/2025,28/12/2027,revoked,eth-registry:2641d9e8,True
did:example:9332d2e66128afeb,did:example:gov_issuer,government,ProofOfAge,16,2.58,26/05/2025,18/12/2026,revoked,eth-registry:006474d3,True
did:example:25a26af6d1afe17e,did:example:employer1,professional,EmployeeID,14,1.8,16/07/2025,01/10/2027,active,eth-registry:cf699114,True
did:example:345be5dccbf4b99a,did:example:employer1,professional,EmployeeID,12,1.9,07/07/2025,09/06/2028,active,eth-registry:77d1b13b,False
did:example:c156ecf4ff37e8d0,did:example:employer1,professional,EmployeeID,14,1.76,01/02/2024,04/04/2026,revoked,eth-registry:3283b711,False
did:example:cd1b7092bacdcc7d,did:example:employer1,professional,EmployeeID,13,1.81,02/03/2025,13/07/2027,revoked,eth-registry:6ef49a46,False
did:example:534df22d85f28e88,did:example:employer1,professional,EmployeeID,11,1.62,27/03/2025,20/12/2026,revoked,eth-registry:061c17aa,False
did:example:c77077eab6c932d8,did:example:university1,academic,StudentID,12,1.97,23/04/2024,29/08/2026,revoked,eth-registry:5f5c99e7,False
did:example:5911f0ee50308506,did:example:gov_issuer,government,ProofOfResidence,18,2.61,26/06/2024,26/02/2027,active,eth-registry:684afaf5,False
did:example:00ae0df54d1bf550,did:example:gov_issuer,government,ProofOfResidence,16,2.45,22/12/2024,21/09/2027,active,eth-registry:963796b8,False
did:example:1052309a56a9f61c,did:example:gov_issuer,government,ProofOfAge,18,2.31,07/04/2025,05/02/2028,revoked,eth-registry:7b5d6f03,True
did:example:248146606f3d6d34,did:example:employer1,professional,EmployeeID,14,1.67,13/09/2025,25/04/2027,revoked,eth-registry:dcc06131,True
did:example:dc7ecb9deb8a9cda,did:example:university1,academic,StudentID,13,2.06,14/06/2025,22/02/2028,active,eth-registry:e746375c,False
did:example:5bb7487e083344c6,did:example:university1,academic,StudentID,12,2.19,14/12/2025,25/08/2027,revoked,eth-registry:b22454fa,False
did:example:47791867e7188345,did:example:university1,academic,StudentID,15,2.05,11/06/2024,10/03/2027,active,eth-registry:4782fb99,True
did:example:f9c50a5ac781c4a5,did:example:university1,academic,StudentID,14,2.2,13/10/2024,17/10/2025,active,eth-registry:7e7ce692,False
did:example:5a94701dbf603412,did:example:university1,academic,StudentID,12,2.24,09/07/2024,04/05/2027,active,eth-registry:6db8dd50,False
did:example:59175bea1874162e,did:example:employer1,professional,EmployeeID,12,1.74,13/10/2025,19/03/2027,revoked,eth-registry:afcbc09a,True
did:example:bb08ad4067863257,did:example:employer1,professional,EmployeeID,10,1.92,23/03/2025,17/08/2026,revoked,eth-registry:3722a018,True
did:example:0aabda83a982f1b7,did:example:gov_issuer,government,ProofOfAge,15,2.35,06/01/2025,18/02/2027,active,eth-registry:680e20ed,False
did:example:e7b1f56a847bb757,did:example:university1,academic,StudentID,13,2.07,01/03/2025,11/03/2027,active,eth-registry:bb2f8cda,True
did:example:a92cbfe0d8f3b53f,did:example:employer1,professional,EmployeeID,12,1.64,26/08/2024,19/12/2025,active,eth-registry:d433b9f8,True
did:example:14731e43e2b626b2,did:example:university1,academic,StudentID,14,1.92,09/10/2025,03/11/2027,active,eth-registry:577cb855,False
did:example:04068e22f4c1a95a,did:example:employer1,professional,EmployeeID,14,1.63,25/03/2025,31/10/2027,revoked,eth-registry:f4eefec0,False
did:example:622b061e2987830a,did:example:employer1,professional,EmployeeID,11,1.64,08/01/2025,28/12/2026,revoked,eth-registry:7d1f0461,True
did:example:8a277fe911ebd390,did:example:employer1,professional,EmployeeID,13,1.93,30/05/2025,28/07/2027,revoked,eth-registry:3f69903a,True
did:example:fa7fafde0c4855a6,did:example:employer1,professional,EmployeeID,14,1.82,07/08/2025,18/04/2028,active,eth-registry:2642c6ef,True
did:example:866489e8a1f367e9,did:example:employer1,professional,EmployeeID,13,1.98,16/10/2024,24/02/2026,revoked,eth-registry:5f65e091,False
did:example:68fe0d67e060424b,did:example:employer1,professional,EmployeeID,11,1.82,19/06/2025,11/02/2027,active,eth-registry:8f408c79,False
did:example:95447a852f7c74cd,did:example:employer1,professional,EmployeeID,13,1.85,06/08/2025,20/05/2028,active,eth-registry:8ddab1ad,False
did:example:6634cad1c1f343fd,did:example:employer1,professional,EmployeeID,11,1.67,01/05/2025,26/08/2026,active,eth-registry:6e2a01f0,False
did:example:97c8238e81301dd3,did:example:gov_issuer,government,ProofOfAge,16,2.52,26/03/2024,27/09/2025,active,eth-registry:a59f5874,True
did:example:864a78d594e11b5f,did:example:university1,academic,StudentID,14,2.05,20/05/2024,06/12/2025,revoked,eth-registry:3929fe98,False
did:example:a5ca602a890d81ec,did:example:employer1,professional,EmployeeID,11,1.97,23/01/2024,16/09/2026,revoked,eth-registry:de1ce3ab,False
did:example:66e9d4983b51c4c8,did:example:university1,academic,StudentID,12,2.27,21/07/2024,02/11/2025,active,eth-registry:63f0e41f,True
did:example:b815e939a9b46231,did:example:university1,academic,StudentID,15,1.98,30/04/2024,28/01/2026,active,eth-registry:88035de3,False
did:example:f0271d02918f8c50,did:example:employer1,professional,EmployeeID,13,1.85,18/02/2025,10/12/2026,active,eth-registry:25a3644e,True
did:example:0a0f0fe9635c0731,did:example:employer1,professional,EmployeeID,10,1.86,26/10/2025,24/12/2026,revoked,eth-registry:dd858b9a,False
did:example:491371f7618bbfb2,did:example:employer1,professional,EmployeeID,11,1.83,18/02/2024,13/05/2025,revoked,eth-registry:0371e387,False
did:example:fa948714d8f20386,did:example:employer1,professional,EmployeeID,11,1.65,26/07/2024,27/04/2026,active,eth-registry:14fa6798,True
did:example:5c04ca339720f98b,did:example:university1,academic,StudentID,15,2.16,02/02/2024,06/04/2025,revoked,eth-registry:369afaf7,False
did:example:9e0d5de426fcc395,did:example:gov_issuer,government,ProofOfAge,18,2.62,02/03/2024,15/02/2027,revoked,eth-registry:044ba514,True
did:example:8dedeeccc0b1117d,did:example:employer1,professional,EmployeeID,13,1.74,06/02/2024,31/12/2025,revoked,eth-registry:59a535a0,True
did:example:25e43565880b4df5,did:example:employer1,professional,EmployeeID,12,1.81,19/03/2025,23/03/2026,active,eth-registry:0a68a652,True
did:example:ff2dfd058fcefdc9,did:example:gov_issuer,government,ProofOfAge,14,2.35,04/11/2025,17/01/2028,revoked,eth-registry:b61dd0e8,False
did:example:c103e46a649e387f,did:example:employer1,professional,EmployeeID,11,1.97,13/06/2025,16/12/2027,active,eth-registry:d7cad5f5,True
did:example:cebb1457443a3b58,did:example:university1,academic,StudentID,12,1.94,18/05/2025,05/08/2027,revoked,eth-registry:7adc400e,False
did:example:67e05ed65cead5c3,did:example:university1,academic,StudentID,15,1.98,24/04/2024,15/06/2026,active,eth-registry:4f5dc864,True
did:example:b0e724912fee0591,did:example:university1,academic,StudentID,12,2.02,03/09/2025,09/11/2026,active,eth-registry:44d7c792,True
did:example:a6b7911ca2add476,did:example:employer1,professional,EmployeeID,13,1.93,27/02/2025,14/08/2027,active,eth-registry:966ed9a8,True
did:example:98d8f9cb1ef961f2,did:example:university1,academic,StudentID,15,2.18,05/12/2025,14/11/2028,revoked,eth-registry:014e12ab,True
did:example:414f18e5b5d6cecb,did:example:gov_issuer,government,ProofOfResidence,15,2.3,12/10/2024,05/07/2026,revoked,eth-registry:84ea9b3d,False
did:example:d7ef243afa42480a,did:example:gov_issuer,government,ProofOfResidence,17,2.37,27/05/2025,23/08/2026,revoked,eth-registry:7b572386,True
did:example:927ebb29b83ab57d,did:example:employer1,professional,EmployeeID,14,1.9,17/12/2024,22/05/2026,active,eth-registry:1926e0f6,False
did:example:57765537a711f5f0,did:example:gov_issuer,government,ProofOfAge,16,2.46,11/01/2025,08/05/2027,revoked,eth-registry:700c8e7d,False
did:example:10309942c5b9f185,did:example:university1,academic,StudentID,13,1.91,18/03/2024,30/06/2026,revoked,eth-registry:6d89772a,True
did:example:e588613311c36513,did:example:university1,academic,StudentID,12,2.29,16/12/2024,26/09/2027,active,eth-registry:f482d736,True
did:example:2ec58b994301c463,did:example:employer1,professional,EmployeeID,12,1.66,02/05/2024,22/02/2026,active,eth-registry:b074b78b,True
did:example:925a3ea9c245784e,did:example:employer1,professional,EmployeeID,14,1.8,29/06/2025,05/04/2028,revoked,eth-registry:8f8618bf,False
did:example:ee7c2e37b040d087,did:example:employer1,professional,EmployeeID,13,1.7,02/06/2025,20/12/2026,revoked,eth-registry:d7536e29,False
did:example:a18ea40f3b86b5cd,did:example:university1,academic,StudentID,12,2.19,26/09/2025,05/10/2027,revoked,eth-registry:71571549,False
did:example:e7684234653d5b1d,did:example:gov_issuer,government,ProofOfResidence,16,2.61,02/12/2024,28/03/2027,revoked,eth-registry:9dd3b797,True
did:example:43b8fae44cfad3e4,did:example:employer1,professional,EmployeeID,13,1.76,29/08/2025,19/03/2027,active,eth-registry:4ab2f094,False
did:example:38620f42bda432b2,did:example:university1,academic,StudentID,12,2.16,12/10/2025,08/07/2027,revoked,eth-registry:1130574b,False
did:example:bc0f07d09b61d83c,did:example:university1,academic,StudentID,15,2.26,26/12/2024,23/08/2027,active,eth-registry:708fc15b,True
did:example:e206a8f3753d375c,did:example:university1,academic,StudentID,12,2.23,23/11/2025,19/01/2028,active,eth-registry:bd042a80,True
did:example:35eb8384f4375f31,did:example:university1,academic,StudentID,13,2.07,19/07/2025,09/10/2027,active,eth-registry:4c88b597,True
did:example:631e55485596a0f0,did:example:university1,academic,StudentID,13,2.08,31/07/2024,29/10/2026,active,eth-registry:2247ced4,False
did:example:2da3df94ccd0238d,did:example:gov_issuer,government,ProofOfAge,16,2.65,14/12/2024,15/07/2027,active,eth-registry:e21d1475,False
did:example:2d028db3d76680cc,did:example:employer1,professional,EmployeeID,14,1.61,14/03/2024,22/02/2027,revoked,eth-registry:1368df2b,False
did:example:6d43feeaa2e61d75,did:example:university1,academic,StudentID,12,1.91,07/10/2024,26/07/2026,revoked,eth-registry:5e6124b4,False
did:example:e520ca293a90691a,did:example:university1,academic,StudentID,13,1.98,20/09/2024,06/06/2026,active,eth-registry:7fd9a957,False
did:example:f8b6e68a8c70fd33,did:example:university1,academic,StudentID,13,2.23,05/08/2024,03/06/2027,active,eth-registry:0533f7e0,True
did:example:c54365f9b3215a0e,did:example:employer1,professional,EmployeeID,14,1.66,16/09/2024,01/09/2026,revoked,eth-registry:44c89ec6,True
did:example:c0d5d29b2cef61f8,did:example:university1,academic,StudentID,15,2.01,09/02/2024,19/12/2026,revoked,eth-registry:f5c09219,True
did:example:21694ed2c1697248,did:example:university1,academic,StudentID,13,2.15,27/11/2024,02/09/2027,active,eth-registry:5e5da441,False
did:example:51c97687583c6657,did:example:gov_issuer,government,ProofOfAge,17,2.37,27/05/2024,17/11/2026,active,eth-registry:f15c5836,True
did:example:cec5058830f8d2b8,did:example:university1,academic,StudentID,15,2.02,16/06/2024,24/11/2026,revoked,eth-registry:afae51d5,False
did:example:fef26384eeeae4dc,did:example:university1,academic,StudentID,15,2.09,17/06/2025,06/05/2028,active,eth-registry:7dc32fdb,True
did:example:6dbc807f49fae266,did:example:employer1,professional,EmployeeID,13,1.69,11/10/2025,29/04/2027,active,eth-registry:45b2b159,False
did:example:582b6c693fcacba0,did:example:university1,academic,StudentID,14,2.3,05/05/2024,01/04/2026,revoked,eth-registry:0bdf6a27,False
did:example:ec8e5de67d5ac19d,did:example:university1,academic,StudentID,15,1.97,14/02/2025,20/03/2027,active,eth-registry:b2cd77c8,True
did:example:2672fe6b9be2c3c4,did:example:employer1,professional,EmployeeID,11,1.94,20/10/2025,11/03/2027,active,eth-registry:5a4ebe75,False
did:example:d4d88e02d7f12990,did:example:employer1,professional,EmployeeID,11,1.79,20/03/2025,02/04/2027,revoked,eth-registry:8001ed3d,False
did:example:93a545a310cf0d0b,did:example:gov_issuer,government,ProofOfResidence,17,2.35,27/02/2024,20/06/2026,active,eth-registry:123dedc1,True
did:example:475c485989c2e7aa,did:example:university1,academic,StudentID,12,1.95,20/07/2025,22/07/2027,revoked,eth-registry:c8ac21c5,True
did:example:d295ca32ddc5afd8,did:example:university1,academic,StudentID,14,2.1,07/02/2024,29/05/2026,active,eth-registry:3612ccdc,False
did:example:c85ff1b63db8d505,did:example:employer1,professional,EmployeeID,14,1.74,27/03/2025,09/06/2026,revoked,eth-registry:6b5dedcf,False
did:example:7b9ac16beef9290c,did:example:employer1,professional,EmployeeID,10,1.69,17/12/2024,11/12/2026,revoked,eth-registry:3f526964,True
did:example:643959a27e080183,did:example:gov_issuer,government,ProofOfResidence,18,2.68,20/01/2025,30/11/2027,revoked,eth-registry:78dda5f6,True
did:example:996c20008b53dd49,did:example:university1,academic,StudentID,13,2.09,11/06/2024,18/12/2025,revoked,eth-registry:8da63686,True
did:example:7ed1f8ba807c6a69,did:example:employer1,professional,EmployeeID,14,1.97,09/10/2025,07/09/2027,revoked,eth-registry:4a76de44,True
did:example:fe3f2d8c28458211,did:example:university1,academic,StudentID,14,1.97,16/03/2024,15/06/2026,active,eth-registry:e685414b,False
did:example:717912b715c7f7b5,did:example:university1,academic,StudentID,12,1.97,16/11/2025,16/02/2028,active,eth-registry:61188aa7,False
did:example:f2e7b19364ed2b6f,did:example:gov_issuer,government,ProofOfAge,17,2.54,13/02/2024,24/06/2025,revoked,eth-registry:93bfd527,False
did:example:d6e59dc0e86324b0,did:example:gov_issuer,government,ProofOfAge,14,2.41,09/08/2024,30/10/2025,revoked,eth-registry:462be9ff,False
did:example:6b252ccddfa61437,did:example:gov_issuer,government,ProofOfResidence,15,2.37,20/01/2025,24/07/2027,active,eth-registry:d5808615,True
did:example:2f659ccc9ac4b588,did:example:university1,academic,StudentID,15,1.94,12/01/2025,05/02/2027,active,eth-registry:5a6c2f0f,True
did:example:093fe9db144c0947,did:example:university1,academic,StudentID,15,1.93,08/07/2024,01/05/2027,active,eth-registry:a0afa730,True
did:example:5209b8f41ca074c3,did:example:gov_issuer,government,ProofOfAge,14,2.6,29/07/2024,22/07/2027,active,eth-registry:d48b9a37,False
did:example:c076ce48dd35576b,did:example:employer1,professional,EmployeeID,11,1.71,10/02/2025,11/06/2026,active,eth-registry:f4fb6bd9,False
did:example:e02a1c1560681625,did:example:university1,academic,StudentID,12,2.29,16/01/2024,05/10/2025,active,eth-registry:bded85d9,False
did:example:d18e114370fdb4f2,did:example:employer1,professional,EmployeeID,11,1.67,18/04/2024,08/12/2026,revoked,eth-registry:f5cd1af1,True
did:example:17b663350da2d5b0,did:example:university1,academic,StudentID,15,2.04,16/10/2024,19/05/2026,active,eth-registry:12d3f224,False
did:example:a2ddcbfe7de85e38,did:example:university1,academic,StudentID,12,2.05,18/01/2024,11/06/2025,revoked,eth-registry:193a6291,False
did:example:22480d491aecf3c1,did:example:university1,academic,StudentID,14,2.1,04/03/2024,26/06/2025,revoked,eth-registry:fdb623bb,True
did:example:de5b76025ea67bdf,did:example:university1,academic,StudentID,15,2.25,20/01/2024,19/01/2026,revoked,eth-registry:2cff982d,False
did:example:e9ff68e58e776341,did:example:employer1,professional,EmployeeID,14,1.93,20/08/2025,26/05/2027,revoked,eth-registry:8f293b69,True
did:example:e3cf122f4bf9c3a3,did:example:gov_issuer,government,ProofOfAge,15,2.3,23/03/2024,31/01/2027,active,eth-registry:0fc6e519,False
did:example:16cc52d5a8675f72,did:example:university1,academic,StudentID,14,2.06,14/05/2024,19/04/2027,revoked,eth-registry:f5c97f63,False
did:example:0fa786814a56f930,did:example:gov_issuer,government,ProofOfAge,16,2.63,04/08/2025,03/10/2026,active,eth-registry:cd539263,False
did:example:15e80775bf09cb7c,did:example:gov_issuer,government,ProofOfAge,14,2.3,12/11/2024,03/09/2027,active,eth-registry:28a6adac,False
did:example:1e9b6f964c2e1fbb,did:example:gov_issuer,government,ProofOfResidence,15,2.51,23/11/2024,27/01/2026,revoked,eth-registry:48841581,False
did:example:9e98853c3fc2e606,did:example:university1,academic,StudentID,14,2.0,24/04/2025,01/10/2027,revoked,eth-registry:9c00f216,False
did:example:6f10f120ec3a6583,did:example:university1,academic,StudentID,14,2.07,01/04/2025,01/03/2028,active,eth-registry:6e659bc3,True
did:example:445bad330a96aab1,did:example:employer1,professional,EmployeeID,12,1.77,29/10/2024,08/07/2026,revoked,eth-registry:2ea7ff56,False
did:example:22a6e5d6d79e2076,did:example:employer1,professional,EmployeeID,13,1.76,01/10/2025,25/01/2027,revoked,eth-registry:ce81ce72,True
did:example:1055d8eae5bf39cb,did:example:university1,academic,StudentID,14,2.26,15/06/2024,02/08/2025,revoked,eth-registry:efd8ba46,True
did:example:8fa816311e6d6d79,did:example:university1,academic,StudentID,13,2.11,04/06/2024,09/02/2026,active,eth-registry:27acefa4,False
did:example:e8886889cd679097,did:example:gov_issuer,government,ProofOfResidence,15,2.66,11/01/2025,08/12/2027,active,eth-registry:799b975e,True
did:example:80ca76538159ee32,did:example:university1,academic,StudentID,15,2.19,28/09/2025,29/08/2027,active,eth-registry:d285d762,True
did:example:689282c10fd30401,did:example:employer1,professional,EmployeeID,14,1.74,17/10/2025,18/08/2027,revoked,eth-registry:958f7a78,False
did:example:25ac0e2cef1ed607,did:example:university1,academic,StudentID,12,2.1,29/06/2025,03/07/2026,active,eth-registry:afd22bfc,True
did:example:a907c75bae5583f6,did:example:employer1,professional,EmployeeID,13,1.76,03/01/2024,04/05/2026,active,eth-registry:1dddf07d,False
did:example:31cbafee5794d5b9,did:example:employer1,professional,EmployeeID,10,1.93,16/06/2025,31/10/2026,revoked,eth-registry:a65cd3cc,True
did:example:9c1ba53dab957564,did:example:university1,academic,StudentID,15,1.98,29/04/2024,14/09/2026,active,eth-registry:68248e93,True
did:example:ad4a5ec7f1ef2ddb,did:example:university1,academic,StudentID,14,2.27,28/09/2025,25/05/2028,active,eth-registry:19cb626b,False
did:example:6a45d4486bd4d30e,did:example:university1,academic,StudentID,14,2.13,23/03/2024,10/10/2026,revoked,eth-registry:be24abc9,False
did:example:38ea10f5d24f2b00,did:example:university1,academic,StudentID,14,2.14,02/04/2024,16/04/2026,active,eth-registry:7e0bd3b3,False
did:example:f65f1c3bb8a6aed0,did:example:university1,academic,StudentID,14,2.11,11/01/2025,01/05/2027,revoked,eth-registry:44a27333,True
did:example:b347e9d202400df2,did:example:university1,academic,StudentID,13,2.12,30/01/2025,13/11/2026,active,eth-registry:6055b098,True
did:example:88e2abfbe499dd59,did:example:employer1,professional,EmployeeID,14,1.87,05/09/2024,05/02/2027,active,eth-registry:54ca104b,True
did:example:2e006f13ad09616e,did:example:gov_issuer,government,ProofOfAge,16,2.56,19/12/2024,01/05/2027,active,eth-registry:66c11bab,False
did:example:7c87145525bf8e29,did:example:university1,academic,StudentID,14,1.99,06/06/2025,21/10/2026,revoked,eth-registry:3dd0475d,False
did:example:0994ae538ff52af3,did:example:employer1,professional,EmployeeID,11,1.83,30/04/2025,23/12/2026,revoked,eth-registry:3eeea4d8,True
did:example:859c0b47ff1d5aaa,did:example:university1,academic,StudentID,12,2.04,04/06/2025,22/12/2027,active,eth-registry:df7c184f,True
did:example:83193a1c5261a23a,did:example:employer1,professional,EmployeeID,12,1.85,22/06/2024,08/05/2026,active,eth-registry:fb2df488,False
did:example:2b537864b5e045d7,did:example:university1,academic,StudentID,13,2.12,12/02/2025,03/08/2026,revoked,eth-registry:5eac4f9d,False
did:example:acad2d340167f120,did:example:employer1,professional,EmployeeID,13,1.67,03/04/2024,30/03/2027,revoked,eth-registry:465d7129,False
did:example:4637e824d37b0420,did:example:employer1,professional,EmployeeID,11,1.89,26/06/2024,22/03/2027,revoked,eth-registry:c3b98c84,False
did:example:a55ca7c66f53eee6,did:example:employer1,professional,EmployeeID,14,1.78,12/12/2025,30/06/2028,revoked,eth-registry:cda411d3,False
did:example:1eefc4bc366696dc,did:example:employer1,professional,EmployeeID,13,1.82,01/02/2024,05/12/2025,active,eth-registry:3f6de805,True
did:example:adb1ccf1728d734b,did:example:university1,academic,StudentID,13,2.17,06/12/2024,14/01/2027,active,eth-registry:5d0fd4a7,False
did:example:21de4509ecd49371,did:example:university1,academic,StudentID,14,2.16,26/12/2024,17/11/2027,revoked,eth-registry:52ca1335,True
did:example:6c1af00c8e1bed3e,did:example:employer1,professional,EmployeeID,13,1.9,18/06/2024,08/07/2026,revoked,eth-registry:2f5e20a2,True
did:example:73be549815e9aa3e,did:example:gov_issuer,government,ProofOfAge,17,2.38,06/02/2024,01/10/2026,revoked,eth-registry:9151ce4e,True
did:example:f79d0ba93c4c8fc0,did:example:employer1,professional,EmployeeID,12,1.64,04/04/2024,12/12/2026,revoked,eth-registry:caa87dd6,False
did:example:975791aa7643c271,did:example:gov_issuer,government,ProofOfAge,18,2.57,18/06/2025,27/01/2028,revoked,eth-registry:0aadbf50,False
did:example:f02a147568a37320,did:example:gov_issuer,government,ProofOfAge,15,2.39,09/03/2025,22/05/2027,revoked,eth-registry:edee2e03,True
did:example:a72a0c3e52bb0530,did:example:employer1,professional,EmployeeID,12,1.65,11/02/2025,21/10/2026,revoked,eth-registry:f4670f0f,True
did:example:08bc3e028b5337b1,did:example:employer1,professional,EmployeeID,11,1.65,18/04/2024,22/12/2025,active,eth-registry:ecfbf0b6,False
did:example:342b1531a3f26c00,did:example:employer1,professional,EmployeeID,12,1.73,01/02/2025,16/09/2027,active,eth-registry:3b21fc94,False
did:example:06bf3d0ad9dfa733,did:example:employer1,professional,EmployeeID,14,2.0,13/05/2024,14/03/2026,revoked,eth-registry:ee10ae82,True
did:example:c9f091a746269bde,did:example:gov_issuer,government,ProofOfAge,17,2.36,16/08/2024,12/02/2026,revoked,eth-registry:593304a9,False
did:example:f8cfc3e930ad5e2f,did:example:employer1,professional,EmployeeID,11,1.72,27/11/2025,10/04/2027,revoked,eth-registry:04a8f733,True
did:example:f77ccfb76c9ba0e7,did:example:university1,academic,StudentID,15,2.27,23/11/2024,15/02/2027,revoked,eth-registry:540a204c,False
did:example:3317df4e7c214722,did:example:university1,academic,StudentID,15,2.29,22/01/2024,23/12/2026,revoked,eth-registry:f8fff307,False
did:example:bf5f4b4789c82fce,did:example:employer1,professional,EmployeeID,12,1.69,10/03/2025,11/12/2026,active,eth-registry:f50a546b,False
did:example:7468e16b8d559e32,did:example:university1,academic,StudentID,12,2.25,16/05/2024,04/09/2026,active,eth-registry:13d1d4c3,True
did:example:ab8e4a0f9a81a8ab,did:example:gov_issuer,government,ProofOfResidence,16,2.36,04/01/2024,16/08/2025,revoked,eth-registry:fbd1565f,True
did:example:bade6b7b20276e71,did:example:gov_issuer,government,ProofOfResidence,18,2.6,05/05/2025,20/02/2027,active,eth-registry:29ba5268,True
did:example:c9f1a15295981ddf,did:example:university1,academic,StudentID,14,1.91,08/04/2025,31/01/2027,active,eth-registry:727ea290,True
did:example:a9e4ef187f89753c,did:example:university1,academic,StudentID,12,2.06,07/06/2024,25/02/2026,active,eth-registry:5b8b48da,False
did:example:270bac853a9ebbcb,did:example:university1,academic,StudentID,12,2.0,25/06/2025,05/03/2028,revoked,eth-registry:bc6a651b,True
did:example:4dad2ee6b75a0d24,did:example:university1,academic,StudentID,15,2.18,12/05/2024,06/03/2027,revoked,eth-registry:d5e9a2d1,True
did:example:3958c42be733ec03,did:example:employer1,professional,EmployeeID,12,1.61,01/01/2025,16/07/2026,active,eth-registry:8f6622a8,False
did:example:d093c38b3a11b1a9,did:example:gov_issuer,government,ProofOfResidence,17,2.49,10/02/2025,31/10/2026,revoked,eth-registry:08597786,True
did:example:54ffed86e79d4633,did:example:employer1,professional,EmployeeID,11,1.88,23/03/2024,06/04/2025,active,eth-registry:713d75c5,True
did:example:55324f9c90a397db,did:example:employer1,professional,EmployeeID,10,1.62,23/05/2025,26/11/2027,active,eth-registry:bd5ecee3,True
did:example:3c32ec5779419065,did:example:gov_issuer,government,ProofOfAge,16,2.66,03/01/2025,04/06/2027,revoked,eth-registry:fbcfb6b9,False
did:example:69d4375b353cd01e,did:example:employer1,professional,EmployeeID,13,1.74,10/11/2024,13/07/2027,active,eth-registry:ba707c72,False
did:example:4764cc46ddb05f06,did:example:gov_issuer,government,ProofOfAge,15,2.37,23/06/2025,06/08/2027,revoked,eth-registry:bd669a18,True
did:example:d9a540c064ab20f1,did:example:gov_issuer,government,ProofOfAge,17,2.39,25/07/2025,20/05/2028,active,eth-registry:1f89a72e,True
did:example:83fb6aef34364653,did:example:employer1,professional,EmployeeID,12,1.74,26/12/2024,08/04/2026,active,eth-registry:cdfb2bea,False
did:example:6da31f85b3933df9,did:example:university1,academic,StudentID,13,1.98,18/08/2025,17/05/2027,revoked,eth-registry:dd98eb99,False
did:example:50043e9846e21e16,did:example:gov_issuer,government,ProofOfAge,15,2.5,08/02/2024,31/12/2025,revoked,eth-registry:e437beec,True
did:example:fa06e9ed7fb89e7d,did:example:gov_issuer,government,ProofOfAge,15,2.55,31/03/2025,11/10/2027,revoked,eth-registry:b4b3547a,True
did:example:315abc6f407a1d7e,did:example:employer1,professional,EmployeeID,11,1.77,22/07/2024,29/12/2025,revoked,eth-registry:5c0ff0af,True
did:example:bbcb7d5eda07556d,did:example:university1,academic,StudentID,14,2.07,26/02/2025,22/10/2026,active,eth-registry:02ed382d,True
did:example:ade717e848126aff,did:example:gov_issuer,government,ProofOfAge,15,2.61,01/04/2025,08/06/2026,active,eth-registry:5bf78b52,True
did:example:c53df02d7f919ed0,did:example:employer1,professional,EmployeeID,13,1.72,19/08/2025,09/07/2028,active,eth-registry:e24ef9a3,True
did:example:c5d52a095753402d,did:example:gov_issuer,government,ProofOfResidence,15,2.55,11/02/2025,08/01/2027,revoked,eth-registry:7e850bc9,True
did:example:947b8a4205f69e01,did:example:employer1,professional,EmployeeID,11,1.96,11/01/2024,18/01/2025,active,eth-registry:22a6cac7,True
did:example:69ece00e0b6065b3,did:example:gov_issuer,government,ProofOfAge,18,2.39,16/12/2025,05/06/2027,revoked,eth-registry:bde60074,True
did:example:816d615b32a20f31,did:example:university1,academic,StudentID,15,2.15,08/01/2025,28/02/2027,active,eth-registry:dc8b7bd0,True
did:example:6199aa5a418ac385,did:example:gov_issuer,government,ProofOfAge,16,2.68,30/03/2024,24/03/2026,active,eth-registry:f321d049,True
did:example:f43d25c292132fc5,did:example:employer1,professional,EmployeeID,11,1.81,04/04/2024,11/04/2026,active,eth-registry:af4af16b,False
did:example:f3d4505f35f52a90,did:example:university1,academic,StudentID,14,2.29,24/01/2024,09/03/2025,active,eth-registry:21ce8aab,True
did:example:ecdf499d900677e1,did:example:gov_issuer,government,ProofOfResidence,14,2.42,10/06/2024,13/03/2027,revoked,eth-registry:99a31d4c,False
did:example:bfc66fb5d9534edc,did:example:gov_issuer,government,ProofOfResidence,16,2.53,14/07/2024,12/03/2027,revoked,eth-registry:62932247,False
did:example:2a6ebc9654c078ed,did:example:gov_issuer,government,ProofOfResidence,16,2.42,24/11/2025,01/05/2027,revoked,eth-registry:3ff3070d,False
did:example:55c30a134b329647,did:example:gov_issuer,government,ProofOfAge,17,2.3,17/08/2025,11/05/2027,active,eth-registry:7ac7fe66,False
did:example:cb7db7967662dc0c,did:example:gov_issuer,government,ProofOfAge,14,2.7,03/01/2024,06/03/2025,revoked,eth-registry:6bda059f,True
did:example:670b30fc4337015c,did:example:university1,academic,StudentID,12,2.0,03/09/2024,05/12/2025,revoked,eth-registry:d50386b6,False
did:example:1cda35a270720d14,did:example:employer1,professional,EmployeeID,11,1.99,12/08/2024,22/04/2027,revoked,eth-registry:50af110b,False
did:example:db790b8746b83673,did:example:university1,academic,StudentID,12,2.16,24/11/2024,15/02/2026,revoked,eth-registry:6ce92355,True
did:example:8ca508295cc11618,did:example:university1,academic,StudentID,14,2.26,22/04/2024,02/01/2026,revoked,eth-registry:dcc6a9ca,True
did:example:6da4353fef3a32a6,did:example:university1,academic,StudentID,15,2.29,14/07/2024,10/07/2027,active,eth-registry:e8409f80,True
did:example:020ec6f9a5f5f71d,did:example:university1,academic,StudentID,13,2.13,20/02/2025,15/10/2026,revoked,eth-registry:4b87d0dc,False
did:example:c4ba170c5768a926,did:example:employer1,professional,EmployeeID,12,2.0,14/01/2025,31/05/2027,revoked,eth-registry:92c3a10f,False
did:example:95172bd4e827499c,did:example:employer1,professional,EmployeeID,11,1.91,09/09/2025,24/11/2026,active,eth-registry:6fbac99e,True
did:example:2ba1469958d0ee7d,did:example:university1,academic,StudentID,12,2.11,07/11/2025,06/08/2028,active,eth-registry:fb0d594f,False
did:example:442f2d8c55aaf7ea,did:example:employer1,professional,EmployeeID,13,1.86,12/10/2024,15/08/2027,active,eth-registry:4f5b4c37,False
did:example:d2a49262fa6c6d1c,did:example:employer1,professional,EmployeeID,11,1.68,18/08/2025,15/06/2028,active,eth-registry:5f771481,False
did:example:67268081d2c1597f,did:example:university1,academic,StudentID,14,1.9,03/09/2025,09/12/2027,active,eth-registry:9b40e21c,True
did:example:26ca7de6cc52b2df,did:example:university1,academic,StudentID,14,2.0,09/09/2024,20/08/2027,revoked,eth-registry:0bb61788,True
did:example:4460c3c325677f58,did:example:university1,academic,StudentID,15,2.07,17/11/2024,06/04/2027,active,eth-registry:eb3931de,False
did:example:727c21592579435c,did:example:gov_issuer,government,ProofOfAge,14,2.39,03/04/2025,02/01/2027,revoked,eth-registry:ffc2eb72,False
did:example:fdae6a137c9c09d4,did:example:gov_issuer,government,ProofOfAge,16,2.51,26/10/2025,12/08/2028,active,eth-registry:03688e78,False
did:example:a0aa9bda7fcda564,did:example:gov_issuer,government,ProofOfResidence,18,2.56,20/07/2025,04/02/2027,revoked,eth-registry:070a166a,False
did:example:07409b399298a1b6,did:example:university1,academic,StudentID,13,2.16,11/09/2025,19/05/2028,revoked,eth-registry:889ffbbf,True
did:example:3aa159449ea9e593,did:example:gov_issuer,government,ProofOfResidence,14,2.66,02/08/2025,12/06/2028,revoked,eth-registry:a9aebc27,False
did:example:d380baa78befdcb9,did:example:employer1,professional,EmployeeID,11,1.99,10/05/2024,05/04/2026,active,eth-registry:aa472f52,True
did:example:8ab3f5bb724a526c,did:example:university1,academic,StudentID,15,2.26,05/06/2024,21/11/2025,revoked,eth-registry:c866974f,False
did:example:05bc78f82e79aaab,did:example:university1,academic,StudentID,15,2.15,08/10/2025,01/02/2027,active,eth-registry:2e34b798,True
did:example:7bf8d8ddafabadaa,did:example:university1,academic,StudentID,13,1.98,23/11/2024,20/12/2026,revoked,eth-registry:40c48b59,True
did:example:06a00ad0e634ae09,did:example:gov_issuer,government,ProofOfResidence,14,2.68,20/05/2024,23/09/2026,active,eth-registry:19ae40d7,True
did:example:290827efc0cec6fa,did:example:university1,academic,StudentID,13,1.97,06/08/2024,11/10/2026,active,eth-registry:5034e5f5,False
did:example:66c665e1583b36f6,did:example:university1,academic,StudentID,12,1.96,24/12/2024,13/04/2027,revoked,eth-registry:ca2861dd,False
did:example:3a7c14d979ddf989,did:example:employer1,professional,EmployeeID,13,1.73,10/02/2025,28/02/2026,revoked,eth-registry:fb3716e1,False
did:example:8128be3dba966f39,did:example:employer1,professional,EmployeeID,14,1.83,23/05/2024,26/06/2025,revoked,eth-registry:8319665b,True
did:example:8a054fbaaa7c4b6b,did:example:employer1,professional,EmployeeID,10,1.87,02/07/2024,10/01/2026,revoked,eth-registry:7f930b61,False
did:example:a162ee5d96a177fa,did:example:university1,academic,StudentID,14,1.91,09/10/2024,28/07/2027,active,eth-registry:4446fd3c,False
did:example:a7f02bb0e626a154,did:example:employer1,professional,EmployeeID,13,1.91,05/06/2024,08/06/2026,revoked,eth-registry:b0ad4c3a,True
did:example:30655803461c4e85,did:example:gov_issuer,government,ProofOfResidence,17,2.37,21/12/2025,23/08/2027,active,eth-registry:00f5218e,True
did:example:b440aaf9c5940dda,did:example:university1,academic,StudentID,15,2.02,15/01/2024,15/05/2026,revoked,eth-registry:74f6001f,True
did:example:af2689910bcff740,did:example:university1,academic,StudentID,12,2.03,13/07/2025,22/05/2027,active,eth-registry:af36c1f3,True
did:example:6c4dd1ac57572a5b,did:example:university1,academic,StudentID,14,2.03,02/08/2024,14/11/2025,active,eth-registry:4dc54747,True
did:example:a1efb41610734d60,did:example:employer1,professional,EmployeeID,10,1.9,09/02/2025,19/02/2027,revoked,eth-registry:e15621b8,True
did:example:ee3c5617a1587773,did:example:university1,academic,StudentID,15,1.92,13/08/2024,04/01/2027,revoked,eth-registry:54dcac85,False
did:example:8e129a98643e5dd8,did:example:employer1,professional,EmployeeID,12,1.68,14/11/2025,10/09/2028,revoked,eth-registry:9c3a05f4,False
did:example:65aa7003f9134ba8,did:example:gov_issuer,government,ProofOfAge,14,2.31,12/12/2025,07/09/2027,revoked,eth-registry:8f6702db,False
did:example:ecef1d0e055ff0db,did:example:gov_issuer,government,ProofOfAge,17,2.61,19/09/2024,21/01/2026,active,eth-registry:e9092f87,True
did:example:431cd76274144d25,did:example:employer1,professional,EmployeeID,13,1.99,21/01/2024,14/10/2026,revoked,eth-registry:f5adaa86,True
did:example:27186f63ed7498a0,did:example:employer1,professional,EmployeeID,12,1.86,06/05/2024,30/01/2026,revoked,eth-registry:911b524d,True
did:example:f0811edcbcbe2fdd,did:example:employer1,professional,EmployeeID,11,1.84,07/06/2025,30/09/2026,active,eth-registry:cde93795,False
did:example:1f09f43e3df4e357,did:example:gov_issuer,government,ProofOfResidence,14,2.66,28/08/2025,29/08/2027,active,eth-registry:2797aff5,True
did:example:98af8268cfbc5dca,did:example:gov_issuer,government,ProofOfResidence,18,2.4,30/01/2024,13/03/2025,revoked,eth-registry:57e9e07d,False
did:example:eb05c40294ea4cb0,did:example:university1,academic,StudentID,12,1.93,09/01/2024,03/01/2027,revoked,eth-registry:a6118de4,True
did:example:222e0921fa9d5be0,did:example:university1,academic,StudentID,15,2.1,25/12/2024,17/07/2027,revoked,eth-registry:015e7c79,False
did:example:0e134822e4535c1f,did:example:gov_issuer,government,ProofOfResidence,16,2.4,11/08/2025,28/06/2027,revoked,eth-registry:ed7dd733,True
did:example:be560dcd8a4edd13,did:example:university1,academic,StudentID,14,2.08,14/07/2025,16/08/2027,active,eth-registry:f8e86736,True
did:example:dc50a356cd1a96dc,did:example:gov_issuer,government,ProofOfResidence,17,2.48,16/01/2024,02/11/2025,active,eth-registry:b29763fd,False
did:example:20ef2b420f07f359,did:example:employer1,professional,EmployeeID,14,1.73,23/12/2025,30/11/2027,active,eth-registry:1058f112,True
did:example:a89d5d7601896450,did:example:employer1,professional,EmployeeID,10,1.79,26/07/2024,09/06/2027,revoked,eth-registry:e0cbc499,True
did:example:319d2796507e33bf,did:example:university1,academic,StudentID,15,2.05,16/06/2024,28/11/2026,revoked,eth-registry:f7ad0f7d,False
did:example:9891178d17d140cf,did:example:university1,academic,StudentID,12,1.95,16/09/2024,12/01/2027,active,eth-registry:83e0d2ac,True
did:example:61ad561e6d1b72b5,did:example:university1,academic,StudentID,15,2.25,06/07/2025,19/06/2028,revoked,eth-registry:f54d9a26,False
did:example:25d9de2489db8a89,did:example:gov_issuer,government,ProofOfAge,15,2.58,20/08/2024,17/12/2025,revoked,eth-registry:2effc1fb,False
did:example:29e47ca7a4a7bd7d,did:example:gov_issuer,government,ProofOfAge,18,2.32,17/04/2025,09/02/2028,active,eth-registry:ead8c047,False
did:example:feb0e5a327c4fe0b,did:example:university1,academic,StudentID,12,1.95,26/06/2024,01/11/2025,revoked,eth-registry:17ba432b,False
did:example:7ce651dd54df46a7,did:example:employer1,professional,EmployeeID,12,1.64,27/03/2024,02/10/2025,active,eth-registry:c97e97b7,True
did:example:7ab6bf8b0f307b04,did:example:gov_issuer,government,ProofOfResidence,16,2.32,20/03/2024,04/07/2026,revoked,eth-registry:a702a70e,False
did:example:462af2fc1a14ca72,did:example:university1,academic,StudentID,15,1.92,17/11/2024,24/02/2026,active,eth-registry:f7f3ccfc,False
did:example:038ee57627afa21f,did:example:gov_issuer,government,ProofOfAge,14,2.36,03/01/2024,09/12/2025,revoked,eth-registry:e3da6ca2,True
did:example:fb7c66ce6e1955a6,did:example:university1,academic,StudentID,12,2.24,12/02/2025,15/10/2026,revoked,eth-registry:ebdc4243,False
did:example:e4e5384ed91ab86d,did:example:university1,academic,StudentID,14,2.23,20/07/2025,26/07/2026,revoked,eth-registry:749f8677,True
did:example:738ed02a54cbf053,did:example:university1,academic,StudentID,12,2.21,15/02/2025,29/06/2026,active,eth-registry:6b68b52a,False
did:example:f83b951e09ab8ae0,did:example:university1,academic,StudentID,15,2.15,30/11/2024,23/10/2026,active,eth-registry:45e9fcd2,True
did:example:e17921287db028eb,did:example:university1,academic,StudentID,12,2.19,04/05/2024,04/07/2025,revoked,eth-registry:dc123846,True
did:example:1069d463e0db30e0,did:example:university1,academic,StudentID,15,2.2,28/04/2024,15/03/2027,revoked,eth-registry:44b161b6,True
did:example:7d6c31a0321c54b7,did:example:university1,academic,StudentID,14,2.26,25/03/2024,01/02/2026,revoked,eth-registry:7dcf5963,True
did:example:1ba93831aba5c370,did:example:gov_issuer,government,ProofOfResidence,18,2.59,01/03/2024,29/08/2026,active,eth-registry:0ef4d558,False
did:example:c18dbda52e3210c1,did:example:gov_issuer,government,ProofOfAge,14,2.59,15/02/2025,14/07/2026,revoked,eth-registry:016ff091,False
did:example:1b84bc9fe4e9a3e8,did:example:university1,academic,StudentID,13,2.22,22/07/2024,03/09/2026,revoked,eth-registry:9cc5bc6e,True
did:example:09e767be463eea22,did:example:employer1,professional,EmployeeID,12,1.82,28/04/2025,19/07/2026,revoked,eth-registry:1e7c0d57,True
did:example:2c9b13328fbd5b81,did:example:gov_issuer,government,ProofOfAge,14,2.39,16/09/2024,05/02/2026,active,eth-registry:aae77dc0,False
did:example:5f447a51df89648c,did:example:university1,academic,StudentID,12,1.93,23/08/2024,05/01/2027,active,eth-registry:beb0f8ae,False
did:example:9ad63f653f639fa4,did:example:employer1,professional,EmployeeID,11,1.77,03/12/2024,05/08/2026,active,eth-registry:c8c3082c,True
did:example:6b8bb83e7a28ba08,did:example:university1,academic,StudentID,14,1.94,22/09/2024,10/09/2027,revoked,eth-registry:a584d066,False
did:example:52bb7e244a396133,did:example:employer1,professional,EmployeeID,13,1.67,14/03/2024,12/03/2027,revoked,eth-registry:788fc57c,True
did:example:f278558e0d2b2d33,did:example:employer1,professional,EmployeeID,10,1.61,19/01/2024,24/04/2025,revoked,eth-registry:0495bdfc,True
did:example:930bc11929a39ca8,did:example:employer1,professional,EmployeeID,10,1.72,17/12/2025,11/04/2028,active,eth-registry:7bdf1441,True
did:example:0739a9ee65359b50,did:example:university1,academic,StudentID,14,2.29,19/03/2024,12/10/2026,active,eth-registry:f34c2ef5,False
did:example:0750ab6d5193c791,did:example:gov_issuer,government,ProofOfAge,15,2.45,15/07/2024,01/02/2026,revoked,eth-registry:3c4e0b80,True
did:example:932bbacf6aa21430,did:example:employer1,professional,EmployeeID,13,1.7,23/10/2024,30/06/2027,revoked,eth-registry:98238517,True
did:example:02c19453bfcaf6c3,did:example:employer1,professional,EmployeeID,11,1.76,18/11/2024,11/05/2027,active,eth-registry:fc73e850,False
did:example:954c903a1c367592,did:example:employer1,professional,EmployeeID,11,1.72,01/07/2025,23/02/2027,revoked,eth-registry:a4cbed68,True
did:example:ca86d7efbb5da2ce,did:example:university1,academic,StudentID,12,2.17,02/06/2025,07/08/2026,active,eth-registry:4a5449c2,True
did:example:c3bfbbe9daf07fbc,did:example:university1,academic,StudentID,13,2.15,19/03/2025,06/02/2027,revoked,eth-registry:02efc04d,True
did:example:70ec87b9aeaa93fd,did:example:gov_issuer,government,ProofOfResidence,17,2.31,14/08/2024,11/05/2026,active,eth-registry:b2422840,True
did:example:22f9ce18d036d3bb,did:example:employer1,professional,EmployeeID,12,1.8,27/11/2025,17/12/2027,active,eth-registry:0288646b,False
did:example:3ce685a7819b6b9d,did:example:employer1,professional,EmployeeID,13,1.61,01/03/2024,15/08/2025,revoked,eth-registry:fc049ea9,False
did:example:f6e84d21c6556da1,did:example:university1,academic,StudentID,12,2.17,14/08/2024,29/03/2026,active,eth-registry:f424e84e,True
did:example:083ea83e619ef0a9,did:example:employer1,professional,EmployeeID,12,1.97,02/10/2024,18/07/2027,active,eth-registry:37cb0c1d,True
did:example:903f6123059da4db,did:example:employer1,professional,EmployeeID,12,1.96,12/09/2024,20/05/2027,active,eth-registry:5bdd7b42,False
did:example:62252fe46d2c6bac,did:example:employer1,professional,EmployeeID,14,1.68,08/02/2025,30/07/2027,revoked,eth-registry:ff120704,False
did:example:c338e40b2349924c,did:example:university1,academic,StudentID,13,2.2,07/02/2024,21/10/2025,active,eth-registry:efed17f4,True
did:example:01611c413a4d39b7,did:example:university1,academic,StudentID,12,2.22,07/09/2025,05/09/2027,active,eth-registry:beef539a,False
did:example:4f7f4e52cc0457ac,did:example:employer1,professional,EmployeeID,13,1.95,27/04/2024,27/11/2025,revoked,eth-registry:f36fbf99,False
did:example:d906838648ca1817,did:example:employer1,professional,EmployeeID,10,1.7,25/09/2024,20/07/2026,active,eth-registry:e659cc29,True
did:example:e5a1fb3d9fd3b74a,did:example:university1,academic,StudentID,15,2.08,28/02/2025,13/03/2027,revoked,eth-registry:5d30530f,False
did:example:e89980743e81af93,did:example:university1,academic,StudentID,13,1.99,12/10/2025,30/06/2028,active,eth-registry:8b064b4b,False
did:example:682c65ac916aa739,did:example:employer1,professional,EmployeeID,13,1.61,11/02/2025,15/09/2027,revoked,eth-registry:3efbb283,True
did:example:43fe26e08da43ee7,did:example:gov_issuer,government,ProofOfAge,17,2.56,03/02/2025,25/06/2026,active,eth-registry:63df925b,False
did:example:1c6530046a11bcbf,did:example:university1,academic,StudentID,13,2.07,29/06/2024,21/05/2027,revoked,eth-registry:08144bf6,False
did:example:3d0ea5f0fc7b47fe,did:example:gov_issuer,government,ProofOfAge,16,2.4,08/06/2025,01/08/2026,revoked,eth-registry:56c788b5,True
did:example:5d420cfc2a38b40f,did:example:gov_issuer,government,ProofOfResidence,14,2.64,13/02/2025,19/03/2026,revoked,eth-registry:21084b72,False
did:example:4479db28c3ca859e,did:example:university1,academic,StudentID,12,2.1,23/01/2024,06/10/2026,active,eth-registry:0f880080,True
did:example:17a1a5552384d90d,did:example:employer1,professional,EmployeeID,13,2.0,02/11/2024,28/05/2026,revoked,eth-registry:927f6217,True
did:example:347ea5bbd19ac859,did:example:employer1,professional,EmployeeID,14,1.92,16/10/2025,03/07/2028,revoked,eth-registry:cbeddd0e,False
did:example:dbf97144f6165008,did:example:university1,academic,StudentID,15,2.25,19/09/2025,08/11/2026,active,eth-registry:177f1a9c,False
did:example:00c5f57dfe94e78c,did:example:gov_issuer,government,ProofOfAge,15,2.61,05/06/2024,29/11/2025,revoked,eth-registry:8565965e,True
did:example:6d693f8f7351160b,did:example:employer1,professional,EmployeeID,11,1.64,25/06/2025,18/02/2028,revoked,eth-registry:1224a635,False
did:example:d07bc14cba81777e,did:example:university1,academic,StudentID,13,1.93,26/08/2024,15/01/2026,active,eth-registry:5b956231,True
did:example:def4fb385d372c15,did:example:gov_issuer,government,ProofOfAge,17,2.67,10/07/2025,24/07/2027,active,eth-registry:b7ed045e,True
did:example:0a3e67ef66f83a03,did:example:university1,academic,StudentID,14,1.96,17/01/2025,28/06/2027,active,eth-registry:5e0d7386,True
did:example:0153f823c741fe1d,did:example:university1,academic,StudentID,15,2.06,22/08/2024,04/05/2026,revoked,eth-registry:e53b66f6,False
did:example:69757d24b04c10e4,did:example:employer1,professional,EmployeeID,14,1.84,02/12/2025,16/03/2027,active,eth-registry:96435e19,True
did:example:27133c72ab47017e,did:example:employer1,professional,EmployeeID,11,1.68,25/06/2024,24/02/2027,active,eth-registry:a16f1778,True
did:example:e37395c7045b38aa,did:example:employer1,professional,EmployeeID,13,1.69,09/09/2024,07/12/2026,revoked,eth-registry:7fde22f3,False
did:example:2c0d77d8f51902a0,did:example:employer1,professional,EmployeeID,12,1.79,13/11/2025,09/09/2028,revoked,eth-registry:c2329a11,False
did:example:fb42d7d417bf4b89,did:example:employer1,professional,EmployeeID,14,1.74,10/06/2024,04/11/2026,revoked,eth-registry:c934424b,True
did:example:93ef627184612293,did:example:employer1,professional,EmployeeID,11,1.87,24/05/2024,19/11/2026,revoked,eth-registry:d9a0793d,False
did:example:84948fd4f868967d,did:example:employer1,professional,EmployeeID,10,1.63,03/12/2025,01/03/2028,revoked,eth-registry:a49a6544,True
did:example:db84c2b2a071a55d,did:example:university1,academic,StudentID,13,2.1,19/12/2024,22/04/2027,revoked,eth-registry:4ba2e21a,True
did:example:336753371fe72607,did:example:employer1,professional,EmployeeID,13,1.67,13/08/2025,21/06/2027,active,eth-registry:9a365391,False
did:example:f8635ae0562f1a80,did:example:university1,academic,StudentID,15,2.14,05/03/2024,11/01/2027,revoked,eth-registry:b11697fe,True
did:example:789a0a4b522bd38a,did:example:gov_issuer,government,ProofOfResidence,18,2.35,29/04/2025,16/12/2027,revoked,eth-registry:64fed361,False
did:example:54b561e2a3d15f9e,did:example:employer1,professional,EmployeeID,10,1.68,16/03/2024,09/09/2025,active,eth-registry:747a21b2,False
did:example:ce07782374872df8,did:example:employer1,professional,EmployeeID,12,1.92,26/10/2024,05/09/2027,revoked,eth-registry:e4bb4d70,False
did:example:58d25e99fb4336bb,did:example:employer1,professional,EmployeeID,10,1.69,28/05/2024,15/11/2025,active,eth-registry:b7d3e521,True
did:example:15de3c5cba370cf8,did:example:university1,academic,StudentID,13,2.19,03/11/2024,02/04/2027,revoked,eth-registry:33ace186,True
did:example:17240d0193debc16,did:example:employer1,professional,EmployeeID,14,1.71,13/10/2024,17/08/2027,active,eth-registry:2c09e868,True
did:example:3f767179ec46a326,did:example:university1,academic,StudentID,15,1.99,25/11/2025,27/09/2027,active,eth-registry:4fcfc66b,True
did:example:aaeb40c0f10a868c,did:example:employer1,professional,EmployeeID,10,1.72,29/04/2025,11/09/2026,active,eth-registry:3ba969f2,False
did:example:0eb34f96830ee2d9,did:example:gov_issuer,government,ProofOfResidence,14,2.65,20/02/2024,16/02/2027,active,eth-registry:6cedb67b,True
did:example:91ba9dc148b4e4cc,did:example:university1,academic,StudentID,14,2.06,22/12/2024,25/07/2027,active,eth-registry:d0a63002,True
did:example:3a15f2d997ac3371,did:example:employer1,professional,EmployeeID,12,1.7,07/07/2025,31/05/2027,revoked,eth-registry:740ad5f2,True
did:example:4bb8166bf398c23e,did:example:employer1,professional,EmployeeID,12,1.81,26/12/2024,20/12/2027,active,eth-registry:497b8679,True
did:example:88777237b27ed21a,did:example:employer1,professional,EmployeeID,14,1.75,15/03/2025,07/06/2026,active,eth-registry:cf0178bc,True
did:example:8b8c8943ed53a46e,did:example:employer1,professional,EmployeeID,14,1.92,09/01/2025,29/01/2027,active,eth-registry:fcff9236,False
did:example:81c3e8fe8754d546,did:example:university1,academic,StudentID,15,2.3,08/12/2025,20/04/2027,revoked,eth-registry:c9e39842,True
did:example:a6b3b8834c9fe97d,did:example:university1,academic,StudentID,15,2.11,25/04/2025,07/09/2026,active,eth-registry:4a2c5039,True
did:example:385632d27b3863a9,did:example:university1,academic,StudentID,15,2.08,12/02/2025,24/10/2026,revoked,eth-registry:97c4839f,False
did:example:e0eb878fa41df10b,did:example:university1,academic,StudentID,14,2.04,19/11/2025,12/01/2028,revoked,eth-registry:1d70a770,False
did:example:11b197589c5b7b64,did:example:gov_issuer,government,ProofOfResidence,18,2.69,24/07/2024,26/11/2025,active,eth-registry:50ed3c45,False
did:example:86e2463a779c534d,did:example:employer1,professional,EmployeeID,12,1.79,05/07/2025,20/07/2027,active,eth-registry:021fb916,False
did:example:3f11af1b8b257d85,did:example:employer1,professional,EmployeeID,10,1.67,24/07/2025,12/02/2028,active,eth-registry:f6df4e99,True
did:example:5110176c0da205ef,did:example:university1,academic,StudentID,15,2.29,27/09/2024,12/01/2026,active,eth-registry:699e92e2,True
did:example:adc0630009d5e51c,did:example:employer1,professional,EmployeeID,14,1.98,21/12/2025,31/12/2026,active,eth-registry:34cc4498,False
did:example:8019c550913063a2,did:example:gov_issuer,government,ProofOfAge,15,2.47,03/08/2024,30/01/2027,active,eth-registry:3709716a,False
did:example:b8fc634e51cce444,did:example:employer1,professional,EmployeeID,12,1.74,25/10/2025,17/08/2027,revoked,eth-registry:e90e1e43,False
did:example:19eeadf5c0caf10f,did:example:employer1,professional,EmployeeID,12,1.87,14/01/2024,31/05/2025,active,eth-registry:4a45527e,True
did:example:34bf4444ca4541ed,did:example:university1,academic,StudentID,14,2.23,03/08/2024,06/05/2027,active,eth-registry:ad007523,False
did:example:eb05d111acdf9d60,did:example:employer1,professional,EmployeeID,13,1.8,11/08/2024,19/06/2026,revoked,eth-registry:e3921fa2,False
did:example:b1b71e5eabbb844c,did:example:employer1,professional,EmployeeID,11,1.73,10/09/2024,05/12/2025,revoked,eth-registry:81355c4d,True
did:example:cefcb2bbc7c65142,did:example:employer1,professional,EmployeeID,14,1.72,15/11/2024,28/06/2026,revoked,eth-registry:d5c95c01,True
did:example:4c25cbbe8b96825b,did:example:gov_issuer,government,ProofOfResidence,18,2.43,05/07/2025,30/08/2027,revoked,eth-registry:6f725316,True
did:example:61969be45399dcf9,did:example:gov_issuer,government,ProofOfAge,18,2.35,10/11/2024,10/06/2026,active,eth-registry:6ec43c87,True
did:example:11dbfb11c3c65c25,did:example:employer1,professional,EmployeeID,12,1.91,13/03/2025,24/01/2028,revoked,eth-registry:3d497143,True
did:example:4322884833cf5769,did:example:university1,academic,StudentID,12,1.94,24/03/2024,25/06/2026,active,eth-registry:97ebc4bc,True
did:example:79b99ef6e0d9f8b0,did:example:university1,academic,StudentID,15,2.06,09/01/2024,01/03/2025,revoked,eth-registry:1802a47a,False
did:example:bdf29bc4e454d39e,did:example:university1,academic,StudentID,12,2.23,15/10/2024,25/06/2026,active,eth-registry:130abdea,True
did:example:0a15a45c9829b2d1,did:example:employer1,professional,EmployeeID,10,1.76,13/04/2024,24/12/2025,revoked,eth-registry:15ab5af2,False
did:example:86585a0159e51427,did:example:gov_issuer,government,ProofOfResidence,15,2.42,20/03/2024,04/07/2025,active,eth-registry:9562e759,True
did:example:19f821b7d01a749b,did:example:university1,academic,StudentID,12,2.28,03/03/2024,30/03/2025,revoked,eth-registry:6156a63a,False
did:example:4881270d3ea010b5,did:example:employer1,professional,EmployeeID,13,1.65,18/07/2024,07/10/2025,active,eth-registry:55d670c2,True
did:example:a21b79097a9bf3cd,did:example:employer1,professional,EmployeeID,12,1.95,10/05/2024,20/09/2026,revoked,eth-registry:14aaa6e4,True
did:example:fa28ff5129408c84,did:example:employer1,professional,EmployeeID,11,1.62,15/04/2024,13/10/2025,revoked,eth-registry:33b6719b,False
did:example:3df721077c739634,did:example:employer1,professional,EmployeeID,10,1.77,10/08/2024,11/06/2026,active,eth-registry:c9fe8525,True
did:example:13d36b2f8318a905,did:example:gov_issuer,government,ProofOfAge,15,2.55,05/07/2024,17/10/2025,revoked,eth-registry:fb1c16be,True
did:example:863436f29b06620a,did:example:employer1,professional,EmployeeID,13,1.75,08/12/2025,30/10/2028,revoked,eth-registry:2e548ee2,True
did:example:d2ec122fdb5fc060,did:example:university1,academic,StudentID,15,2.11,12/04/2025,02/04/2028,revoked,eth-registry:eb4f92b1,False
did:example:a4e0b37f281c6f15,did:example:employer1,professional,EmployeeID,11,1.68,09/05/2025,26/09/2027,revoked,eth-registry:84f620e8,False
did:example:1e5bde2aa84772e0,did:example:university1,academic,StudentID,12,2.13,16/05/2025,13/01/2027,revoked,eth-registry:560877ef,True
did:example:d5849e5f0cb3250b,did:example:employer1,professional,EmployeeID,12,1.65,10/02/2024,25/04/2026,revoked,eth-registry:9010793e,False
did:example:3daae0bb7265ca44,did:example:employer1,professional,EmployeeID,13,1.92,26/12/2024,04/10/2026,active,eth-registry:e1f8717c,True
did:example:d6be0ef337bcf177,did:example:gov_issuer,government,ProofOfResidence,14,2.53,19/03/2025,13/01/2028,active,eth-registry:8b85c826,False
did:example:4be9310ab05b0967,did:example:university1,academic,StudentID,15,2.09,17/11/2025,02/02/2028,revoked,eth-registry:4f2e0b0e,False
did:example:953cd8f3bb110281,did:example:employer1,professional,EmployeeID,10,1.62,15/11/2024,17/02/2026,active,eth-registry:5e517b71,True
did:example:6acb2f153a0e9782,did:example:employer1,professional,EmployeeID,11,1.8,19/07/2024,27/09/2025,active,eth-registry:ff5f9f4a,False
did:example:52b399f2389e9f53,did:example:employer1,professional,EmployeeID,13,1.83,05/07/2025,28/01/2028,active,eth-registry:834a1696,False
did:example:7e855bf35760b252,did:example:gov_issuer,government,ProofOfResidence,14,2.41,14/05/2024,27/10/2026,active,eth-registry:099e9d1e,False
did:example:f0139809e23cda07,did:example:gov_issuer,government,ProofOfAge,15,2.57,08/10/2025,24/03/2028,active,eth-registry:ddd9003d,False
did:example:93232b676c0d364a,did:example:employer1,professional,EmployeeID,10,1.63,17/09/2024,18/05/2026,revoked,eth-registry:cd1c753d,False
did:example:f7d47c01a103afa6,did:example:university1,academic,StudentID,12,1.98,17/02/2024,23/06/2026,active,eth-registry:c49a5c54,False
did:example:235e049488e98316,did:example:employer1,professional,EmployeeID,13,1.9,14/09/2024,31/03/2026,revoked,eth-registry:96bfcea6,True
did:example:9396f987e76061a7,did:example:university1,academic,StudentID,12,1.96,17/12/2025,27/03/2028,revoked,eth-registry:91c3496b,False
did:example:46c8a2ae30b08bc6,did:example:employer1,professional,EmployeeID,10,1.7,12/11/2024,10/07/2026,active,eth-registry:3edb4655,True
did:example:e1bc29cc7a65e902,did:example:employer1,professional,EmployeeID,11,1.86,12/02/2024,12/05/2025,revoked,eth-registry:c4c96da6,False
did:example:cfe34f949ab91ae1,did:example:university1,academic,StudentID,12,2.19,29/09/2024,30/05/2027,active,eth-registry:e617b2a3,False
did:example:f60b815fc631f44e,did:example:university1,academic,StudentID,14,1.92,19/06/2025,04/02/2028,revoked,eth-registry:cd65de1a,True
did:example:148accae90aa549c,did:example:gov_issuer,government,ProofOfAge,18,2.35,09/02/2024,03/09/2026,active,eth-registry:d0fef7a0,False
did:example:e343807140541312,did:example:university1,academic,StudentID,12,2.08,22/10/2025,29/01/2028,active,eth-registry:e69f2321,False
did:example:e6a7dc9609bd906e,did:example:employer1,professional,EmployeeID,13,1.84,04/07/2025,14/10/2027,revoked,eth-registry:c1f9caf8,False
did:example:22e20ac295350a6e,did:example:employer1,professional,EmployeeID,11,1.78,03/07/2025,17/01/2028,active,eth-registry:f4aad733,True
did:example:e38803f502f2e08f,did:example:university1,academic,StudentID,12,2.16,04/07/2025,19/08/2027,revoked,eth-registry:db534003,False
did:example:9e615e948c9a9260,did:example:employer1,professional,EmployeeID,13,1.9,20/04/2024,20/01/2027,revoked,eth-registry:b09e116a,True
did:example:76f218ffbc1cecb5,did:example:university1,academic,StudentID,12,2.28,08/08/2025,19/02/2028,revoked,eth-registry:8f50d87a,False
did:example:a6486c0b6248d90c,did:example:gov_issuer,government,ProofOfResidence,16,2.44,01/06/2024,02/07/2026,revoked,eth-registry:a3ccdc56,True
did:example:468a1b055aaa29d4,did:example:university1,academic,StudentID,14,1.97,22/04/2024,25/06/2026,active,eth-registry:0c58ef64,True
did:example:9e0f4ce45297f0ef,did:example:employer1,professional,EmployeeID,12,1.71,31/01/2024,30/12/2026,active,eth-registry:92e13c65,False
did:example:02b234cc7d959976,did:example:university1,academic,StudentID,12,1.96,14/04/2024,18/04/2026,revoked,eth-registry:8c659c30,True
did:example:1964e05c1731befc,did:example:gov_issuer,government,ProofOfResidence,15,2.46,05/04/2024,23/06/2025,active,eth-registry:a8a1cc0b,True
did:example:e38d23f6631ab4d0,did:example:university1,academic,StudentID,14,2.25,08/10/2025,15/06/2028,revoked,eth-registry:d7d22606,False
did:example:ec3715a0a6f7a5a5,did:example:gov_issuer,government,ProofOfResidence,18,2.44,14/02/2024,15/02/2025,revoked,eth-registry:68c6e7b1,True
did:example:f32273a4fa3b17d2,did:example:university1,academic,StudentID,12,1.96,18/04/2025,15/10/2026,active,eth-registry:2f8ce836,True
did:example:edb22a75390e4f7c,did:example:employer1,professional,EmployeeID,12,1.81,09/02/2024,07/10/2025,active,eth-registry:edd156e1,False
did:example:b0b5d2323a865987,did:example:employer1,professional,EmployeeID,14,2.0,03/12/2025,21/12/2026,active,eth-registry:f45b6c1a,True
did:example:26a4439aa21c9c0c,did:example:employer1,professional,EmployeeID,11,1.68,14/02/2025,22/07/2026,active,eth-registry:3297883a,True
did:example:a69809dfc82daa9b,did:example:gov_issuer,government,ProofOfResidence,16,2.61,11/01/2025,19/05/2026,revoked,eth-registry:f3c3e870,True
did:example:156dd8986c67de45,did:example:university1,academic,StudentID,15,2.23,26/02/2024,05/04/2026,active,eth-registry:3b577d50,True
did:example:aeead21d09ca6179,did:example:employer1,professional,EmployeeID,14,1.76,26/09/2025,30/06/2028,revoked,eth-registry:192c421b,False
did:example:8c2361444c00d390,did:example:university1,academic,StudentID,14,2.15,06/11/2024,29/05/2026,active,eth-registry:aebfe04e,True
did:example:d633265ad315291e,did:example:employer1,professional,EmployeeID,13,1.77,12/04/2024,22/01/2026,active,eth-registry:29c70945,False
did:example:950b494aa3655d11,did:example:employer1,professional,EmployeeID,13,1.7,02/06/2025,18/10/2027,revoked,eth-registry:f5aa2026,True
did:example:2943230393cc9753,did:example:gov_issuer,government,ProofOfResidence,15,2.47,21/11/2025,27/03/2028,revoked,eth-registry:29002c06,False
did:example:31e13c717d7762eb,did:example:employer1,professional,EmployeeID,14,1.64,12/01/2024,03/12/2026,revoked,eth-registry:ec04a1ed,True
did:example:e172c2bc7fe95bf8,did:example:employer1,professional,EmployeeID,10,1.88,27/05/2024,12/06/2026,active,eth-registry:5e9b18d8,False
did:example:78c416c113c46a72,did:example:employer1,professional,EmployeeID,10,1.93,12/04/2025,26/10/2027,revoked,eth-registry:612cf057,False
did:example:8c5f162ff2b3c0af,did:example:university1,academic,StudentID,14,2.02,15/02/2024,24/10/2026,active,eth-registry:03d9af6d,True
did:example:bb50cadc325bf6a7,did:example:university1,academic,StudentID,15,2.13,07/07/2025,10/05/2027,active,eth-registry:f567c9a5,True
did:example:7839c8c6272cc2b0,did:example:employer1,professional,EmployeeID,14,1.69,22/03/2025,23/11/2027,revoked,eth-registry:4acdb91b,False
did:example:5562911cc6952504,did:example:gov_issuer,government,ProofOfAge,17,2.35,27/01/2025,17/01/2028,revoked,eth-registry:81f57672,True
did:example:8b0702c653dbc0b0,did:example:employer1,professional,EmployeeID,11,1.87,27/08/2024,22/11/2025,revoked,eth-registry:78252757,True
did:example:761f71bb1e2641ae,did:example:gov_issuer,government,ProofOfAge,15,2.35,13/12/2024,29/06/2027,active,eth-registry:2b022e09,False
did:example:46602780a7d90221,did:example:gov_issuer,government,ProofOfResidence,16,2.61,01/03/2024,30/05/2026,revoked,eth-registry:76c517fd,False
did:example:26677770f48ad840,did:example:employer1,professional,EmployeeID,11,1.71,18/06/2025,31/01/2028,revoked,eth-registry:7fabcb92,False
did:example:54c8f32d73baebec,did:example:employer1,professional,EmployeeID,12,1.93,24/03/2025,29/04/2027,revoked,eth-registry:765f5d60,False
did:example:42c84a4e875d593d,did:example:university1,academic,StudentID,12,2.05,22/01/2025,20/06/2026,revoked,eth-registry:d2fddf58,False
did:example:291b239f345bbe06,did:example:employer1,professional,EmployeeID,11,1.75,26/07/2025,04/06/2027,revoked,eth-registry:b5128346,False
did:example:36863f5ebf7863ec,did:example:employer1,professional,EmployeeID,14,1.9,07/01/2025,24/05/2027,active,eth-registry:3b31649d,False
did:example:077864cab3d435e2,did:example:university1,academic,StudentID,14,2.1,21/10/2024,07/08/2027,revoked,eth-registry:90fb65de,True
did:example:b161ffa98ac5f9dd,did:example:employer1,professional,EmployeeID,10,1.68,09/08/2025,29/09/2026,revoked,eth-registry:cfbc340d,True
did:example:0a72aff31ca9ee5c,did:example:employer1,professional,EmployeeID,11,1.94,14/11/2025,31/03/2027,active,eth-registry:6bfd57ba,False
did:example:469f4782d03d9870,did:example:university1,academic,StudentID,13,2.04,04/09/2025,23/02/2027,revoked,eth-registry:64de968a,False
did:example:2fe4ca4c3cc6df35,did:example:employer1,professional,EmployeeID,11,1.64,08/01/2025,16/03/2027,active,eth-registry:164bf3bb,True
did:example:c56331f41a9862b6,did:example:university1,academic,StudentID,14,2.07,26/09/2024,08/10/2025,revoked,eth-registry:637eb0fa,False
did:example:476fba553c59d436,did:example:employer1,professional,EmployeeID,14,1.83,05/04/2024,02/03/2027,active,eth-registry:7a69e1af,True
did:example:847eaf128f438342,did:example:gov_issuer,government,ProofOfAge,17,2.54,30/10/2024,29/03/2027,revoked,eth-registry:a34fe505,False
did:example:d064cacc227f2109,did:example:employer1,professional,EmployeeID,12,1.93,30/08/2025,21/06/2028,active,eth-registry:670fd37a,True
did:example:1ef2105c079ecc83,did:example:employer1,professional,EmployeeID,10,1.82,08/08/2025,23/08/2026,revoked,eth-registry:832b9647,False
did:example:2ed4e43d96b8d29a,did:example:university1,academic,StudentID,12,1.99,03/04/2024,20/10/2025,active,eth-registry:4cedb10d,False
did:example:de676c654a3d2ecc,did:example:employer1,professional,EmployeeID,14,1.7,02/02/2025,27/12/2026,active,eth-registry:1a594d19,False
did:example:507bd77bc013230d,did:example:university1,academic,StudentID,14,1.94,04/05/2025,18/11/2027,revoked,eth-registry:172908a7,False
did:example:16eb666fa3fbd145,did:example:gov_issuer,government,ProofOfResidence,16,2.59,17/05/2025,03/09/2027,active,eth-registry:d9d6ceaf,True
did:example:c6872a8bf99ddba7,did:example:employer1,professional,EmployeeID,12,1.64,01/10/2025,02/08/2027,revoked,eth-registry:8f2693aa,True
did:example:e331a61aff8d8094,did:example:employer1,professional,EmployeeID,14,1.84,24/02/2024,03/10/2025,revoked,eth-registry:8e89b3d5,False
did:example:505b4950221e25fc,did:example:university1,academic,StudentID,15,2.14,05/12/2024,03/08/2026,active,eth-registry:9cdfd1b2,False
did:example:89ea25d486e47618,did:example:university1,academic,StudentID,12,2.21,10/03/2024,03/12/2025,active,eth-registry:529d0494,False
did:example:4ad54a98cf06fecc,did:example:employer1,professional,EmployeeID,11,1.63,13/06/2025,30/10/2027,active,eth-registry:819c0463,False
did:example:6499757ff7d290b4,did:example:employer1,professional,EmployeeID,10,1.68,23/01/2025,19/10/2027,revoked,eth-registry:397bde9a,True
did:example:389dda319a5aad34,did:example:university1,academic,StudentID,13,2.26,12/11/2024,26/10/2026,revoked,eth-registry:83b9bcd1,False
did:example:4dd34c22090bcbae,did:example:university1,academic,StudentID,14,2.13,21/08/2025,09/06/2028,active,eth-registry:c4f12353,True
did:example:6c1799bb2cf4ba64,did:example:university1,academic,StudentID,12,2.08,10/09/2025,17/04/2027,active,eth-registry:16fbffa9,False
did:example:1ad658bdec545be7,did:example:university1,academic,StudentID,12,2.2,19/08/2024,08/05/2027,active,eth-registry:f9fe3cd6,False
did:example:a8ccf88fbf680f3c,did:example:university1,academic,StudentID,13,2.26,19/08/2025,19/08/2026,revoked,eth-registry:fdc0094e,False
did:example:53b597f9d37a40de,did:example:employer1,professional,EmployeeID,12,1.71,03/12/2025,03/06/2028,active,eth-registry:21876ec3,True
did:example:172c24e481024cf5,did:example:gov_issuer,government,ProofOfAge,17,2.66,07/02/2024,01/01/2027,revoked,eth-registry:f3bf21b1,False
did:example:8c548b2df12f802e,did:example:university1,academic,StudentID,12,1.94,09/07/2025,27/01/2027,active,eth-registry:bcd1c768,False
did:example:0d418709842f07be,did:example:university1,academic,StudentID,12,2.29,25/03/2024,05/08/2026,revoked,eth-registry:3c9dd29a,False
did:example:e7df8e305d09d9bd,did:example:employer1,professional,EmployeeID,13,1.67,25/07/2025,17/09/2026,revoked,eth-registry:94619130,True
did:example:202649df1e2a81a3,did:example:gov_issuer,government,ProofOfAge,17,2.41,11/05/2025,23/01/2028,active,eth-registry:85012661,True
did:example:d808f4cdaf97a7ec,did:example:employer1,professional,EmployeeID,14,1.64,01/09/2025,24/08/2027,revoked,eth-registry:0c33b429,False
did:example:334a56ea6ef3b3ad,did:example:gov_issuer,government,ProofOfAge,18,2.62,23/02/2025,30/12/2026,revoked,eth-registry:827a5409,False
did:example:1dece77ffcab4547,did:example:employer1,professional,EmployeeID,14,1.99,05/07/2024,11/05/2027,revoked,eth-registry:44a6a293,True
did:example:bd5fd2ae8eb571d3,did:example:university1,academic,StudentID,14,2.02,23/05/2025,29/03/2028,active,eth-registry:2827747a,True
did:example:188b497640348815,did:example:employer1,professional,EmployeeID,14,1.73,29/08/2024,08/02/2026,active,eth-registry:21dd6d6f,True
did:example:cedbb8b1d93c40cf,did:example:university1,academic,StudentID,13,2.01,23/01/2024,24/12/2026,revoked,eth-registry:e9c13595,False
did:example:0b13766ef439a03e,did:example:university1,academic,StudentID,15,1.96,27/03/2024,27/08/2025,revoked,eth-registry:1154998c,True
did:example:a512ad4a18f1b857,did:example:gov_issuer,government,ProofOfResidence,15,2.61,28/09/2025,13/05/2028,revoked,eth-registry:c2985759,True
did:example:2b7a9e18f3c76432,did:example:university1,academic,StudentID,13,1.92,05/10/2024,27/04/2027,revoked,eth-registry:a397e235,True
did:example:e0260bb92ec3d1cf,did:example:university1,academic,StudentID,14,2.29,15/04/2024,18/04/2026,active,eth-registry:c3839476,True
did:example:21ccc3cdc40bc784,did:example:gov_issuer,government,ProofOfAge,15,2.67,27/01/2024,03/04/2026,revoked,eth-registry:bd8eb33a,True
did:example:bb7daa63befb095e,did:example:university1,academic,StudentID,12,1.95,31/01/2024,14/11/2025,revoked,eth-registry:efd83dea,False
did:example:ed895cfa47d9e201,did:example:employer1,professional,EmployeeID,14,1.81,03/07/2025,24/04/2027,revoked,eth-registry:4fff0598,False
did:example:36509abf514976d2,did:example:university1,academic,StudentID,13,2.3,05/04/2024,16/04/2026,revoked,eth-registry:40b525dd,True
did:example:2bf74704b40ae944,did:example:employer1,professional,EmployeeID,14,1.94,09/08/2025,30/04/2028,active,eth-registry:7595bdde,False
did:example:31d85fb7140a5c75,did:example:gov_issuer,government,ProofOfAge,15,2.59,12/02/2025,31/01/2027,revoked,eth-registry:0aa04163,False
did:example:628f69255af007e6,did:example:employer1,professional,EmployeeID,14,1.61,05/06/2024,04/08/2026,revoked,eth-registry:e1768a5a,False
did:example:112b3663d08ad0f9,did:example:employer1,professional,EmployeeID,13,1.63,20/10/2025,20/03/2028,revoked,eth-registry:f041e0a0,True
did:example:6b37372453b5ab65,did:example:university1,academic,StudentID,15,2.22,24/12/2024,27/10/2027,revoked,eth-registry:deade0b9,False
did:example:3b5b51f0087b672b,did:example:employer1,professional,EmployeeID,13,1.75,15/10/2024,06/07/2027,active,eth-registry:a9f730c6,False
did:example:8da0f988078c6bc8,did:example:gov_issuer,government,ProofOfResidence,15,2.57,06/05/2025,30/01/2027,revoked,eth-registry:a6ef90db,False
did:example:bd8e2d6509a05645,did:example:employer1,professional,EmployeeID,14,1.9,25/04/2025,16/01/2028,active,eth-registry:f27fb31e,False
did:example:a73c26c898825972,did:example:gov_issuer,government,ProofOfAge,18,2.47,26/06/2025,16/05/2027,active,eth-registry:649023fd,True
did:example:87a753081a606060,did:example:gov_issuer,government,ProofOfResidence,17,2.36,25/03/2025,01/06/2026,active,eth-registry:59cef6d7,True
did:example:23d3f53104c3db7a,did:example:employer1,professional,EmployeeID,14,1.75,09/12/2025,01/02/2027,revoked,eth-registry:0e0d09ca,False
did:example:76fd2ecdccff69c6,did:example:gov_issuer,government,ProofOfResidence,18,2.65,31/10/2024,30/03/2026,revoked,eth-registry:65dac936,True
did:example:805a60f0de2ef695,did:example:gov_issuer,government,ProofOfAge,17,2.43,26/05/2024,18/02/2026,revoked,eth-registry:9d287b38,True
did:example:1b9f00e51999636a,did:example:employer1,professional,EmployeeID,12,1.63,02/04/2024,19/01/2026,revoked,eth-registry:6f51a159,False
did:example:90f03e083fd42257,did:example:university1,academic,StudentID,15,2.28,29/06/2024,07/11/2025,revoked,eth-registry:6e2a8afb,False
did:example:3e938fc78927a8f1,did:example:employer1,professional,EmployeeID,10,1.87,19/07/2025,26/11/2026,active,eth-registry:876f8fd8,False
did:example:08661c812eb115af,did:example:gov_issuer,government,ProofOfResidence,16,2.52,16/09/2025,10/10/2026,active,eth-registry:f11a3b2d,False
did:example:0e36266e4b009a58,did:example:university1,academic,StudentID,15,2.23,01/08/2024,29/05/2027,revoked,eth-registry:bde0b6b8,True
did:example:8c220d773398fe34,did:example:gov_issuer,government,ProofOfAge,18,2.46,12/03/2024,14/09/2025,active,eth-registry:42269382,False
did:example:cd6214b5cefb18b2,did:example:university1,academic,StudentID,13,2.29,10/06/2025,27/09/2027,revoked,eth-registry:f77e1873,False
did:example:088dfe8113a1f641,did:example:gov_issuer,government,ProofOfAge,14,2.64,28/07/2025,21/07/2027,active,eth-registry:77a6ba7d,True
did:example:7c7167a1dded749e,did:example:university1,academic,StudentID,13,2.01,10/02/2024,30/10/2025,active,eth-registry:661071f6,False
did:example:fc7cc5e7c36bb0f1,did:example:university1,academic,StudentID,15,2.05,07/04/2024,04/10/2025,revoked,eth-registry:58647a4a,True
did:example:28e7b9d22144b691,did:example:university1,academic,StudentID,14,2.01,02/09/2024,18/10/2025,active,eth-registry:77e5b2f6,False
did:example:8ce3977c88eb50b6,did:example:university1,academic,StudentID,12,2.16,05/12/2024,22/02/2026,revoked,eth-registry:2a372552,False
did:example:07b7d66512edaadd,did:example:employer1,professional,EmployeeID,10,1.86,21/03/2024,29/07/2026,revoked,eth-registry:7dff2eb5,False
did:example:8e7e787be9ffcf9c,did:example:university1,academic,StudentID,13,2.11,08/03/2025,01/02/2027,active,eth-registry:ab2edc1e,True
did:example:d73819315187b28b,did:example:gov_issuer,government,ProofOfResidence,15,2.69,29/12/2024,06/12/2027,revoked,eth-registry:85eccccb,True
did:example:e7bc4f849c3050b4,did:example:employer1,professional,EmployeeID,10,1.79,15/07/2025,31/10/2026,revoked,eth-registry:560729a9,False
did:example:8f703dcee7cfb09c,did:example:university1,academic,StudentID,13,2.21,27/11/2025,07/10/2028,active,eth-registry:b78026ba,True
did:example:5fc5f72f81932ca7,did:example:gov_issuer,government,ProofOfAge,16,2.56,24/03/2024,25/05/2025,revoked,eth-registry:749ca85d,True
did:example:03a8a9eb71d310c0,did:example:employer1,professional,EmployeeID,10,1.81,26/11/2024,15/05/2027,active,eth-registry:7c495d5f,True
did:example:aaedcf23cbf442e0,did:example:university1,academic,StudentID,12,1.92,25/08/2025,26/07/2028,active,eth-registry:7a0a8734,False
did:example:11ec67e015a665a1,did:example:employer1,professional,EmployeeID,13,1.86,07/01/2024,28/04/2025,revoked,eth-registry:f8d07562,False
did:example:fb0e32687bb70c9c,did:example:university1,academic,StudentID,15,2.16,13/09/2025,26/08/2027,active,eth-registry:abf3931f,True
did:example:cca5069c7bc82998,did:example:university1,academic,StudentID,15,1.95,16/10/2024,19/08/2027,active,eth-registry:a0e7d6df,False
did:example:e674ccb37075c88d,did:example:employer1,professional,EmployeeID,12,1.92,03/08/2025,11/03/2028,active,eth-registry:b4c5e63a,False
did:example:4cf2a3c419df3a13,did:example:employer1,professional,EmployeeID,10,1.79,15/03/2025,21/08/2026,revoked,eth-registry:11a6a908,False
did:example:ce76a8189f84c1b8,did:example:gov_issuer,government,ProofOfAge,18,2.43,16/11/2025,20/03/2027,active,eth-registry:70e4dc43,True
did:example:72635450e4ca80cc,did:example:employer1,professional,EmployeeID,14,1.93,19/04/2024,21/12/2025,active,eth-registry:218e06e9,False
did:example:a5f9be43d20e82bd,did:example:employer1,professional,EmployeeID,11,1.74,29/09/2025,01/09/2027,active,eth-registry:cc855051,False
did:example:968ba12858866a3d,did:example:gov_issuer,government,ProofOfAge,16,2.55,17/02/2025,19/09/2026,active,eth-registry:b110d5d3,True
did:example:80824fdabde74eb1,did:example:gov_issuer,government,ProofOfResidence,14,2.55,15/07/2025,18/09/2026,revoked,eth-registry:1a57de80,False
did:example:e5e17762268b3b50,did:example:university1,academic,StudentID,15,1.92,19/07/2025,17/07/2027,active,eth-registry:0d692ebf,False
did:example:e2f0780e31eeef36,did:example:employer1,professional,EmployeeID,13,1.77,27/02/2025,25/12/2026,revoked,eth-registry:7c2e10c6,True
did:example:650fc40c6e4d95f2,did:example:university1,academic,StudentID,12,1.99,26/11/2024,07/07/2026,revoked,eth-registry:40fe3b10,False
did:example:425b9156db278a80,did:example:employer1,professional,EmployeeID,13,1.68,14/08/2025,09/04/2028,revoked,eth-registry:ff6707c0,True
did:example:e02fb0419d2e0d05,did:example:university1,academic,StudentID,13,2.16,04/01/2025,03/08/2026,revoked,eth-registry:19cc6a11,True
did:example:a9b16713cc68af22,did:example:employer1,professional,EmployeeID,12,1.6,13/12/2025,25/09/2028,active,eth-registry:21a1d3d3,False
did:example:078bfd6bbf6d900a,did:example:university1,academic,StudentID,12,2.29,02/05/2025,10/05/2026,revoked,eth-registry:68b4d1e9,True
did:example:d30f7869c89793f2,did:example:university1,academic,StudentID,15,2.06,10/04/2025,24/04/2027,revoked,eth-registry:f9cd2d85,False
did:example:30b1482b0f35bf38,did:example:university1,academic,StudentID,13,2.02,01/03/2025,24/01/2028,active,eth-registry:8159196e,False
did:example:fa7380ce572e1343,did:example:university1,academic,StudentID,15,2.27,26/06/2024,21/01/2026,active,eth-registry:f2b07cc9,True
did:example:027b53e5b7d9f20d,did:example:employer1,professional,EmployeeID,10,1.79,01/07/2025,22/10/2027,active,eth-registry:ea1366f5,True
did:example:378c9881c5449830,did:example:university1,academic,StudentID,14,2.15,30/06/2024,18/12/2026,revoked,eth-registry:9c85c919,True
did:example:849f4e150fa0f3ac,did:example:university1,academic,StudentID,13,2.18,25/03/2025,30/11/2026,active,eth-registry:498ca8a3,False
did:example:b04accde64f591fb,did:example:gov_issuer,government,ProofOfAge,18,2.65,04/08/2025,14/11/2027,revoked,eth-registry:52ca5401,True
did:example:e8bfe738110049c9,did:example:employer1,professional,EmployeeID,12,1.65,25/11/2024,16/03/2027,active,eth-registry:944217aa,False
did:example:dbc236839d56b1ce,did:example:gov_issuer,government,ProofOfAge,17,2.33,24/12/2025,02/12/2027,active,eth-registry:d4fcc371,False
did:example:ff34c4fba0a98b8f,did:example:employer1,professional,EmployeeID,10,2.0,29/04/2024,29/01/2026,revoked,eth-registry:7f73364f,False
did:example:f7931f9ce7fe3f3a,did:example:university1,academic,StudentID,14,1.9,02/06/2024,15/05/2026,active,eth-registry:f1882663,False
did:example:d01dbb037cc99698,did:example:employer1,professional,EmployeeID,10,1.88,09/08/2024,25/11/2025,active,eth-registry:1677da19,False
did:example:3af51621cb72998b,did:example:university1,academic,StudentID,13,2.14,10/12/2025,05/12/2027,active,eth-registry:277821a7,True
did:example:0db21b26187f2ab4,did:example:gov_issuer,government,ProofOfResidence,15,2.52,25/01/2025,19/09/2026,revoked,eth-registry:e9d27d0b,True
did:example:3c8d2618bfbc5d24,did:example:employer1,professional,EmployeeID,10,1.91,15/07/2024,19/03/2026,revoked,eth-registry:10cb17ee,True
did:example:4d80490c9e6f1eed,did:example:employer1,professional,EmployeeID,12,2.0,06/12/2025,03/06/2027,active,eth-registry:efe6aaa9,False
did:example:a08cbb52cc33432a,did:example:university1,academic,StudentID,12,1.92,28/10/2024,11/11/2026,active,eth-registry:960113c2,False
did:example:098cb6bca32d06cc,did:example:employer1,professional,EmployeeID,12,1.85,13/07/2024,18/07/2025,revoked,eth-registry:4d71db7d,True
did:example:f83f6e14feef5477,did:example:gov_issuer,government,ProofOfAge,17,2.59,25/10/2025,05/12/2026,revoked,eth-registry:8b69bdc7,True
did:example:f9c49c0acf6e4942,did:example:university1,academic,StudentID,12,2.02,22/04/2024,21/09/2025,revoked,eth-registry:f7e10cc8,True
did:example:cab5c5d04ef4dd88,did:example:employer1,professional,EmployeeID,13,1.96,04/12/2025,24/01/2028,active,eth-registry:c60ac92c,True
did:example:f1683e51c50dcff7,did:example:university1,academic,StudentID,13,2.08,03/02/2024,08/08/2025,revoked,eth-registry:1ce1bb12,True
did:example:8088a00f6a8a136e,did:example:employer1,professional,EmployeeID,11,1.67,18/02/2025,15/02/2027,active,eth-registry:9cf1316e,False
did:example:e5cc08823d71be6a,did:example:university1,academic,StudentID,14,2.24,01/03/2025,17/06/2026,active,eth-registry:a4baee83,False
did:example:66ac2c35263cde99,did:example:university1,academic,StudentID,14,2.28,25/11/2025,28/09/2027,active,eth-registry:014749b6,False
did:example:cf6b5fff3d7f555a,did:example:university1,academic,StudentID,14,1.94,10/11/2025,07/10/2027,active,eth-registry:ffdf40ab,True
did:example:fb4d3e3f827f012f,did:example:university1,academic,StudentID,12,2.2,07/09/2025,01/05/2027,revoked,eth-registry:ced61f5f,True
did:example:520449036c2ccd55,did:example:gov_issuer,government,ProofOfAge,16,2.39,31/10/2025,06/12/2026,revoked,eth-registry:e5895064,True
did:example:4f47a07bfb2d7c00,did:example:employer1,professional,EmployeeID,11,1.6,25/09/2025,23/12/2027,revoked,eth-registry:c409f6a6,True
did:example:0418d0e6aa50c490,did:example:employer1,professional,EmployeeID,11,1.7,09/01/2025,06/06/2026,revoked,eth-registry:ef9eba53,True
did:example:4b3dff03293f7c5e,did:example:employer1,professional,EmployeeID,14,1.94,26/09/2025,15/09/2027,active,eth-registry:e7c51cf1,False
did:example:050ca23bd4d4c960,did:example:employer1,professional,EmployeeID,10,1.66,17/07/2025,17/12/2027,active,eth-registry:460de5ed,False
did:example:d6092ca0513709f9,did:example:gov_issuer,government,ProofOfAge,16,2.35,09/10/2024,21/12/2025,revoked,eth-registry:c8a60f5e,False
did:example:cdf08ff306491431,did:example:gov_issuer,government,ProofOfResidence,16,2.6,05/10/2025,13/02/2028,active,eth-registry:3507579b,False
did:example:fbed46463fc179ea,did:example:university1,academic,StudentID,12,2.06,23/01/2024,22/10/2025,active,eth-registry:c393b185,False
did:example:b04f04475e6d121d,did:example:university1,academic,StudentID,15,1.96,16/03/2024,19/03/2026,active,eth-registry:dc31b443,False
did:example:5c9cb7064f4efe31,did:example:university1,academic,StudentID,13,1.99,30/04/2024,24/06/2025,revoked,eth-registry:7e2eae57,True
did:example:f6aa3be2227632bf,did:example:gov_issuer,government,ProofOfResidence,17,2.62,25/01/2025,25/01/2027,active,eth-registry:7b9cce3d,True
did:example:3ddc5a5ab5daba4a,did:example:university1,academic,StudentID,13,2.15,24/02/2024,27/11/2025,active,eth-registry:56a8b91a,False
did:example:ef9ec571b970f582,did:example:employer1,professional,EmployeeID,14,1.9,13/06/2024,21/10/2025,revoked,eth-registry:207dcc76,False
did:example:84e3d8a29a1049de,did:example:university1,academic,StudentID,14,1.94,26/06/2024,20/07/2026,revoked,eth-registry:9e684393,False
did:example:0eea7dd04ba4e9a1,did:example:employer1,professional,EmployeeID,11,1.78,26/06/2024,14/10/2026,revoked,eth-registry:d7b04c2f,False
did:example:8a34b8b5d615f941,did:example:university1,academic,StudentID,15,2.22,10/02/2024,21/11/2025,revoked,eth-registry:8ddec104,False
did:example:f13efc9c643eb36b,did:example:gov_issuer,government,ProofOfResidence,18,2.41,12/06/2024,18/09/2026,active,eth-registry:7337e7fa,True
did:example:03165c128501866d,did:example:employer1,professional,EmployeeID,12,1.67,21/07/2024,27/03/2026,active,eth-registry:54e2b885,True
did:example:9fb8afe776ab2142,did:example:gov_issuer,government,ProofOfAge,14,2.45,08/07/2025,06/03/2028,revoked,eth-registry:01c553fe,True
did:example:0c7d9afe9b99972c,did:example:gov_issuer,government,ProofOfResidence,16,2.43,06/03/2025,27/09/2026,revoked,eth-registry:488e5611,True
did:example:6480371591b24744,did:example:gov_issuer,government,ProofOfResidence,17,2.37,18/08/2024,24/03/2027,revoked,eth-registry:685e34e9,False
did:example:97bfe19584edea9f,did:example:university1,academic,StudentID,13,2.28,13/04/2024,17/01/2026,revoked,eth-registry:7f46aecb,True
did:example:bce540e5ff84b80b,did:example:university1,academic,StudentID,12,2.09,10/01/2025,21/02/2027,revoked,eth-registry:93bc2fef,False
did:example:0b184961a0f0deaf,did:example:employer1,professional,EmployeeID,12,1.84,18/08/2024,07/10/2025,active,eth-registry:e548f922,False
did:example:c3f2f88bfd711c30,did:example:employer1,professional,EmployeeID,14,1.65,24/05/2025,17/07/2026,active,eth-registry:32933d10,False
did:example:d5b65c8eaf450122,did:example:gov_issuer,government,ProofOfResidence,15,2.54,12/06/2024,08/06/2027,active,eth-registry:56ec4efc,False
did:example:08b13a87c2d910f1,did:example:employer1,professional,EmployeeID,12,1.82,29/12/2025,03/01/2027,revoked,eth-registry:edebdc91,False
did:example:490aaa4c0a5f2c6e,did:example:university1,academic,StudentID,12,2.27,10/03/2024,19/04/2026,active,eth-registry:1ba092f0,False
did:example:6b5e611f2d55c883,did:example:university1,academic,StudentID,14,2.06,02/09/2025,02/08/2027,active,eth-registry:4de3779d,False
did:example:b7bbe9525173273e,did:example:employer1,professional,EmployeeID,14,1.91,09/05/2025,17/08/2027,active,eth-registry:208a68cb,True
did:example:9dd0981a0b46c854,did:example:gov_issuer,government,ProofOfAge,17,2.42,07/05/2025,09/05/2026,revoked,eth-registry:c95d79d6,False
did:example:b6dbe7dbcc03f716,did:example:gov_issuer,government,ProofOfResidence,16,2.53,14/10/2025,24/02/2027,active,eth-registry:186b307e,False
did:example:d133b072a234d224,did:example:employer1,professional,EmployeeID,10,1.97,26/11/2024,31/07/2026,revoked,eth-registry:524df5ba,True
did:example:f173b004e9027753,did:example:university1,academic,StudentID,13,2.15,07/06/2025,12/04/2028,active,eth-registry:059de35f,True
did:example:e336c1069005c6e5,did:example:employer1,professional,EmployeeID,14,1.88,21/01/2025,03/10/2026,active,eth-registry:e1262cec,True
did:example:151f19a9e2ae7456,did:example:gov_issuer,government,ProofOfAge,14,2.65,15/05/2025,06/07/2027,revoked,eth-registry:4f9239be,True
did:example:8711a8b1bcc58384,did:example:university1,academic,StudentID,12,2.27,08/02/2025,03/04/2027,active,eth-registry:b24fa4b8,False
did:example:a3ed189fd9d45b06,did:example:university1,academic,StudentID,15,1.98,19/12/2025,17/10/2027,active,eth-registry:0378cb6f,False
did:example:6fc684e5ec48360d,did:example:university1,academic,StudentID,14,1.98,24/08/2024,22/04/2027,active,eth-registry:a0d3d76b,True
did:example:cf8dbb5098fde6d5,did:example:university1,academic,StudentID,12,2.12,18/06/2025,21/11/2027,revoked,eth-registry:bb8b3c24,True
did:example:b9e73942bdb3b620,did:example:university1,academic,StudentID,12,2.3,01/05/2024,21/03/2026,revoked,eth-registry:b3191001,False
did:example:7d75170043c021f5,did:example:university1,academic,StudentID,13,2.1,04/02/2024,13/09/2025,revoked,eth-registry:bdd6af54,False
did:example:83a4d391e3521aa4,did:example:university1,academic,StudentID,14,2.03,29/05/2025,18/12/2026,revoked,eth-registry:5b0585c8,True
did:example:448058063e0d4668,did:example:university1,academic,StudentID,15,2.11,08/06/2024,22/04/2027,active,eth-registry:5689a11e,False
did:example:bb13c9435f6106d6,did:example:university1,academic,StudentID,15,1.93,12/01/2024,13/04/2025,active,eth-registry:49d12809,True
did:example:06c4d9b857336707,did:example:employer1,professional,EmployeeID,12,1.67,10/04/2025,11/08/2026,revoked,eth-registry:23e7efc2,True
did:example:cacce9411c1b6a47,did:example:employer1,professional,EmployeeID,12,1.66,23/03/2025,30/09/2026,active,eth-registry:266b7ed4,True
did:example:c29edd87678c0ea8,did:example:university1,academic,StudentID,15,1.91,12/04/2025,12/12/2027,active,eth-registry:621081e4,True
did:example:10bfa815d043ede5,did:example:employer1,professional,EmployeeID,13,1.89,27/11/2024,13/04/2027,revoked,eth-registry:3d15ba7e,True
did:example:9ed584d1ca02110e,did:example:university1,academic,StudentID,12,2.03,31/08/2025,06/08/2028,active,eth-registry:d349ecfc,True
did:example:0e121f8a1e60486e,did:example:university1,academic,StudentID,14,1.97,10/01/2024,20/06/2026,active,eth-registry:e09b3ae2,True
did:example:86eae035c6b57afb,did:example:employer1,professional,EmployeeID,13,1.8,26/04/2024,20/04/2026,active,eth-registry:2637aced,False
did:example:ce19b013a06ac27a,did:example:university1,academic,StudentID,12,2.03,02/10/2024,31/10/2025,active,eth-registry:fe7ab325,False
did:example:79b52dd50ee8eca2,did:example:university1,academic,StudentID,15,2.06,18/12/2025,18/09/2028,active,eth-registry:0b652b33,False
did:example:1e74389c3a7133e9,did:example:university1,academic,StudentID,13,2.03,10/06/2025,12/10/2027,revoked,eth-registry:abbae700,True
did:example:3739c145a1469eb5,did:example:university1,academic,StudentID,14,1.9,12/01/2025,05/03/2026,revoked,eth-registry:d2cd16d6,True
did:example:15a14af4c6079c56,did:example:university1,academic,StudentID,13,2.18,24/11/2025,02/11/2028,revoked,eth-registry:3bff4eba,True
did:example:ca220207ecd769d3,did:example:gov_issuer,government,ProofOfResidence,17,2.34,03/11/2025,30/01/2028,active,eth-registry:4c70f414,True
did:example:96fd082f7c4c460b,did:example:employer1,professional,EmployeeID,14,1.69,17/03/2024,13/06/2026,revoked,eth-registry:035ac2ec,False
did:example:68ee5e1e16f81160,did:example:university1,academic,StudentID,13,1.98,21/01/2025,08/10/2026,active,eth-registry:f1f789ab,False
did:example:f1dcb9f43b473179,did:example:university1,academic,StudentID,13,2.03,26/11/2025,25/07/2027,active,eth-registry:5e7b2283,True
did:example:984c2c00135d2947,did:example:university1,academic,StudentID,15,1.96,16/05/2024,06/02/2026,active,eth-registry:1a023c67,True
did:example:1da9125bd7849eec,did:example:gov_issuer,government,ProofOfResidence,18,2.44,25/04/2024,31/05/2025,revoked,eth-registry:3671f55c,False
did:example:6bfad7be58fe2714,did:example:university1,academic,StudentID,15,2.0,13/09/2024,08/08/2026,revoked,eth-registry:f39f90cd,False
did:example:a3f2a9043ea603fd,did:example:university1,academic,StudentID,15,1.92,09/12/2025,23/01/2027,revoked,eth-registry:1f1e2dba,False
did:example:068c4dd935bf5135,did:example:university1,academic,StudentID,14,2.25,10/06/2024,20/08/2026,active,eth-registry:3aadc99a,True
did:example:18f360b5ae21f29c,did:example:employer1,professional,EmployeeID,13,1.72,09/04/2025,07/09/2026,active,eth-registry:28429b1b,False
did:example:eb67afc6690350c1,did:example:university1,academic,StudentID,15,1.94,12/07/2024,05/10/2026,revoked,eth-registry:3079d557,False
did:example:6c7ef7a8a26c0f4c,did:example:gov_issuer,government,ProofOfAge,14,2.51,22/06/2025,21/03/2027,revoked,eth-registry:4fc81667,False
did:example:13a6fd6a1ee4f882,did:example:gov_issuer,government,ProofOfAge,16,2.35,12/10/2025,03/05/2027,revoked,eth-registry:74aef7bf,True
did:example:e1f25cd9efda3ee2,did:example:university1,academic,StudentID,12,2.21,30/01/2024,14/05/2025,revoked,eth-registry:077cee11,False
did:example:449643c350e55740,did:example:university1,academic,StudentID,14,1.92,02/10/2024,09/07/2026,revoked,eth-registry:7bbeb0d0,True
did:example:ec6f5c8aff07aa0c,did:example:university1,academic,StudentID,13,2.09,27/02/2025,18/04/2026,revoked,eth-registry:0a16d5af,True
did:example:69d9afed6f0c7fb4,did:example:employer1,professional,EmployeeID,11,1.98,13/05/2024,11/11/2025,revoked,eth-registry:d47462b6,False
did:example:2a2f331fa3e6a1c9,did:example:gov_issuer,government,ProofOfResidence,18,2.36,09/04/2025,14/03/2027,active,eth-registry:64e5016e,False
did:example:2e582284badfc9e4,did:example:gov_issuer,government,ProofOfAge,17,2.38,23/09/2024,29/12/2026,revoked,eth-registry:fe8189f4,False
did:example:67d904ef55df2725,did:example:employer1,professional,EmployeeID,12,1.84,26/01/2024,27/12/2025,active,eth-registry:4e2b3b5a,False
did:example:4a489a950df6052b,did:example:university1,academic,StudentID,15,2.29,27/03/2025,09/06/2026,active,eth-registry:915dbd01,False
did:example:99639d6f0bcb786a,did:example:employer1,professional,EmployeeID,10,1.75,28/01/2024,07/07/2026,active,eth-registry:7e78a853,True
did:example:16b8172af725c8b9,did:example:gov_issuer,government,ProofOfResidence,17,2.56,26/05/2024,31/03/2026,active,eth-registry:0003a3f3,False
did:example:5b124a1b475b73ec,did:example:university1,academic,StudentID,12,1.96,29/04/2024,31/07/2026,active,eth-registry:448122fb,True
did:example:9fdf34b7cb538c3b,did:example:employer1,professional,EmployeeID,11,1.86,07/02/2024,22/01/2027,revoked,eth-registry:77252521,False
did:example:c007bb7a05731149,did:example:gov_issuer,government,ProofOfResidence,14,2.4,27/10/2024,01/12/2025,active,eth-registry:4e9f24ed,False
did:example:aa4a2d57681ad135,did:example:university1,academic,StudentID,14,2.15,29/09/2025,20/09/2028,revoked,eth-registry:9ee178e1,False
did:example:c9bd787b0d42a91a,did:example:university1,academic,StudentID,14,1.94,11/08/2024,07/07/2027,active,eth-registry:525b24ef,False
did:example:502f8c9ef0c03ce6,did:example:employer1,professional,EmployeeID,13,1.81,23/06/2024,06/07/2026,revoked,eth-registry:d4835cf9,True
did:example:722be2bcdf7ad7cb,did:example:gov_issuer,government,ProofOfAge,16,2.39,12/08/2025,31/08/2026,active,eth-registry:c8a6a8a3,False
did:example:7d4fc68ecf620eaf,did:example:employer1,professional,EmployeeID,14,1.87,15/11/2025,14/05/2027,revoked,eth-registry:bd2a1299,True
did:example:514490a773243b53,did:example:employer1,professional,EmployeeID,11,1.9,08/08/2024,20/01/2026,revoked,eth-registry:c1683aba,True
did:example:7524a165a5b8a2ae,did:example:university1,academic,StudentID,12,2.24,04/02/2024,05/04/2026,revoked,eth-registry:8e07d644,True
did:example:e09bda5790b44d35,did:example:university1,academic,StudentID,12,2.3,09/07/2025,26/11/2027,revoked,eth-registry:77761ebb,True
did:example:279287397bf17053,did:example:employer1,professional,EmployeeID,10,1.78,20/04/2025,12/04/2027,revoked,eth-registry:1f7260af,False
did:example:92321d4a844396ca,did:example:university1,academic,StudentID,13,2.17,30/12/2025,16/09/2027,active,eth-registry:47538de1,True
did:example:85c764f2e8744a54,did:example:employer1,professional,EmployeeID,12,1.61,01/05/2025,01/06/2026,revoked,eth-registry:c31d4090,False
did:example:cb8c76d26ba044de,did:example:employer1,professional,EmployeeID,14,1.96,10/11/2025,26/09/2028,active,eth-registry:7cf49df9,True
did:example:965bb0bb277e0d21,did:example:university1,academic,StudentID,12,2.15,24/04/2024,17/04/2027,active,eth-registry:782cc5db,True
did:example:2c1820d854796344,did:example:gov_issuer,government,ProofOfResidence,15,2.47,30/04/2024,23/05/2025,active,eth-registry:aa01df4c,False
did:example:9ca5f1696a645b0d,did:example:employer1,professional,EmployeeID,14,1.77,01/05/2025,26/12/2026,active,eth-registry:3b87ded2,True
did:example:fcafa1f720a1355b,did:example:gov_issuer,government,ProofOfResidence,14,2.6,30/06/2025,17/06/2028,active,eth-registry:4b79b586,True
did:example:dab1d03597765eb2,did:example:employer1,professional,EmployeeID,12,1.93,10/10/2024,28/07/2026,active,eth-registry:56e5b487,True
did:example:3b74af68e48de54e,did:example:employer1,professional,EmployeeID,10,1.92,11/11/2024,09/02/2027,revoked,eth-registry:89d78d48,True
did:example:8c9b9ac4782cc798,did:example:gov_issuer,government,ProofOfAge,16,2.5,06/10/2024,16/10/2026,revoked,eth-registry:be716046,False
did:example:5063503327f56bac,did:example:university1,academic,StudentID,15,2.05,05/02/2024,12/05/2026,active,eth-registry:ca329ddf,True
did:example:659ee7dc93795ff3,did:example:employer1,professional,EmployeeID,11,1.98,03/10/2025,07/07/2028,revoked,eth-registry:bd69971c,False
did:example:33e5f760031e71ed,did:example:university1,academic,StudentID,13,2.15,25/10/2025,29/07/2027,active,eth-registry:4d63296a,False
did:example:e5e86ff3731abfca,did:example:university1,academic,StudentID,13,2.12,27/11/2025,03/07/2028,active,eth-registry:6bf1d29f,False
did:example:87a16299c7f25563,did:example:employer1,professional,EmployeeID,13,1.84,03/01/2025,02/12/2026,active,eth-registry:3f5af38c,False
did:example:b1b9880632749754,did:example:university1,academic,StudentID,15,2.15,04/05/2024,01/10/2025,revoked,eth-registry:9f1fe6bb,True
did:example:38224243effff020,did:example:gov_issuer,government,ProofOfAge,14,2.59,22/10/2024,15/12/2025,active,eth-registry:ea07f706,False
did:example:e21ea9053fb3e471,did:example:employer1,professional,EmployeeID,12,1.82,15/05/2025,20/10/2027,revoked,eth-registry:9ae78bfd,True
did:example:fd6a60b0a3201e38,did:example:gov_issuer,government,ProofOfAge,17,2.65,06/05/2024,20/07/2026,active,eth-registry:7f95834e,False
did:example:190ebc8daaa13f40,did:example:university1,academic,StudentID,12,2.24,23/04/2024,22/01/2027,revoked,eth-registry:5f7e75bb,True
did:example:2da423a291571032,did:example:university1,academic,StudentID,15,2.08,26/12/2025,16/06/2027,revoked,eth-registry:3fa344a7,False
did:example:2a79021a90fbea8f,did:example:employer1,professional,EmployeeID,11,1.67,26/01/2024,01/07/2026,revoked,eth-registry:358cac3e,False
did:example:56b7d66eb8ba50d8,did:example:employer1,professional,EmployeeID,12,1.83,13/03/2025,30/03/2026,revoked,eth-registry:6f2ac1f8,True
did:example:24ba391caa7e7269,did:example:university1,academic,StudentID,15,2.15,19/04/2024,29/07/2025,active,eth-registry:34e7c7f0,False
did:example:f1120bfd964c84d0,did:example:university1,academic,StudentID,14,2.11,17/01/2024,26/03/2026,revoked,eth-registry:100a4260,True
did:example:378072d10313c4cc,did:example:employer1,professional,EmployeeID,14,1.96,08/04/2025,06/05/2027,revoked,eth-registry:5cf39a6e,False
did:example:8fadb48827dbd1a2,did:example:university1,academic,StudentID,14,1.94,14/05/2024,20/07/2026,revoked,eth-registry:c7d01802,False
did:example:1802265629544bcd,did:example:employer1,professional,EmployeeID,11,1.71,15/06/2025,17/02/2028,revoked,eth-registry:4c1eb45f,True
did:example:d82b9aca6a1d0d89,did:example:university1,academic,StudentID,14,2.25,25/08/2025,25/04/2028,revoked,eth-registry:72616b90,False
did:example:6355d0b000a7761a,did:example:employer1,professional,EmployeeID,13,1.98,05/01/2025,27/05/2026,revoked,eth-registry:5ba2a972,False
did:example:55149dfb91bfe7ca,did:example:university1,academic,StudentID,13,2.07,02/05/2024,27/09/2025,active,eth-registry:cd31e1ff,True
did:example:81f61b27d1d6672a,did:example:gov_issuer,government,ProofOfAge,14,2.38,26/11/2025,24/12/2027,revoked,eth-registry:ec5a065d,False
did:example:e9186cb4863b3541,did:example:university1,academic,StudentID,14,2.07,29/09/2024,29/08/2027,revoked,eth-registry:dc633173,True
did:example:71b3380771152e5a,did:example:employer1,professional,EmployeeID,12,1.78,12/07/2025,13/11/2027,revoked,eth-registry:6d821bea,True
did:example:0a140e0327b7b5ad,did:example:gov_issuer,government,ProofOfResidence,17,2.51,21/05/2024,04/09/2025,active,eth-registry:39097ff6,True
did:example:8c9061ab051c4b20,did:example:university1,academic,StudentID,12,2.01,28/04/2024,05/08/2026,revoked,eth-registry:ea407f96,False
did:example:f59933d62e79db71,did:example:university1,academic,StudentID,14,2.03,07/05/2025,09/01/2027,revoked,eth-registry:5de3294b,True
did:example:75838a7f8e64b811,did:example:gov_issuer,government,ProofOfResidence,18,2.56,01/06/2024,17/08/2025,revoked,eth-registry:db7abe16,False
did:example:84bd800da1e747ed,did:example:university1,academic,StudentID,15,2.15,24/01/2025,28/06/2027,revoked,eth-registry:f7a66a80,False
did:example:6c6800f2cd2372ed,did:example:university1,academic,StudentID,15,2.16,11/03/2025,29/09/2026,revoked,eth-registry:7fc624b1,False
did:example:2a81a26f53d4138d,did:example:university1,academic,StudentID,12,2.05,30/03/2024,18/10/2026,active,eth-registry:5ffc890c,True
did:example:c499178086368cff,did:example:university1,academic,StudentID,12,2.03,31/08/2024,08/10/2026,revoked,eth-registry:dbd94024,True
did:example:cde9865cdfa2bc15,did:example:university1,academic,StudentID,14,2.04,21/05/2024,12/04/2026,revoked,eth-registry:29176575,True
did:example:3bd3ed13f49d5b3a,did:example:university1,academic,StudentID,13,2.28,01/01/2024,01/06/2025,active,eth-registry:452a4db4,False
did:example:c6050986a4d6d2b6,did:example:university1,academic,StudentID,12,2.06,24/11/2025,25/06/2027,active,eth-registry:3ad0c093,True
did:example:8780689e7cd858c6,did:example:gov_issuer,government,ProofOfResidence,14,2.54,18/01/2024,17/09/2025,revoked,eth-registry:0d4c9b71,True
did:example:1af67b9276f36a9c,did:example:university1,academic,StudentID,12,2.11,29/08/2025,17/01/2028,active,eth-registry:b2590620,True
did:example:d252224a71ab636b,did:example:gov_issuer,government,ProofOfAge,15,2.65,25/10/2024,24/08/2026,revoked,eth-registry:a572f30c,True
did:example:5ce95b2d5ec9af1b,did:example:university1,academic,StudentID,14,2.05,21/07/2024,14/08/2025,active,eth-registry:82873360,True
did:example:b2ce3a4fee19292a,did:example:employer1,professional,EmployeeID,10,1.77,17/01/2025,26/01/2026,active,eth-registry:afc23b87,True
did:example:f4eddbb600bcc2e9,did:example:employer1,professional,EmployeeID,10,1.94,31/10/2025,19/05/2027,revoked,eth-registry:c8e61566,False
did:example:8f958eb06640b687,did:example:gov_issuer,government,ProofOfResidence,15,2.36,22/04/2025,30/04/2027,active,eth-registry:09b656fa,False
did:example:b24ce0d9217943b4,did:example:gov_issuer,government,ProofOfResidence,18,2.54,28/02/2024,28/10/2025,active,eth-registry:9b4e731a,True
did:example:55b15cd95f52baa8,did:example:employer1,professional,EmployeeID,14,1.76,11/07/2025,07/07/2028,revoked,eth-registry:204ebe7e,False
did:example:f7cfd46ee0d3743b,did:example:employer1,professional,EmployeeID,12,1.99,12/07/2025,28/12/2026,active,eth-registry:febdc374,True
did:example:02b67f809c256edd,did:example:gov_issuer,government,ProofOfResidence,14,2.59,09/12/2025,03/10/2027,active,eth-registry:f9153b41,False
did:example:afbe30ba8f41ebb0,did:example:employer1,professional,EmployeeID,10,1.6,27/05/2024,13/03/2026,active,eth-registry:192b588d,True
did:example:1e6af9053cf7dfae,did:example:employer1,professional,EmployeeID,14,1.94,05/09/2025,24/03/2027,revoked,eth-registry:3ec1e4c6,False
did:example:fc61107f7457e8d0,did:example:employer1,professional,EmployeeID,12,1.88,27/09/2024,04/07/2027,active,eth-registry:d47c32fc,True
did:example:0e9429a33297467a,did:example:university1,academic,StudentID,12,2.12,17/09/2024,20/03/2026,active,eth-registry:014b68c9,False
did:example:3407817b227a696d,did:example:university1,academic,StudentID,15,1.99,07/04/2025,14/04/2026,revoked,eth-registry:326f7937,True
did:example:3659cc2cf5c6d8db,did:example:gov_issuer,government,ProofOfAge,16,2.36,25/01/2025,05/02/2027,revoked,eth-registry:b3d8da87,False
did:example:bbd50e480bf90f7b,did:example:gov_issuer,government,ProofOfResidence,15,2.55,16/06/2024,23/09/2026,revoked,eth-registry:4312d892,True
did:example:bfd9c5513557155c,did:example:gov_issuer,government,ProofOfResidence,16,2.48,06/06/2024,05/05/2026,active,eth-registry:95e7bbf2,False
did:example:24cff83d458693d3,did:example:gov_issuer,government,ProofOfAge,15,2.64,20/04/2025,21/02/2027,revoked,eth-registry:93cdc5e1,False
did:example:c326267a0f4166e0,did:example:employer1,professional,EmployeeID,14,1.7,09/12/2025,30/08/2028,active,eth-registry:75c6ccd0,True
did:example:0698384ac37d74f9,did:example:university1,academic,StudentID,15,2.16,16/06/2024,16/03/2026,revoked,eth-registry:7c4ff07b,True
did:example:cd5769bbc0a057c1,did:example:gov_issuer,government,ProofOfResidence,14,2.4,26/01/2025,08/05/2027,revoked,eth-registry:1259255a,False
did:example:3ff76b2b1df914c8,did:example:gov_issuer,government,ProofOfAge,17,2.55,12/08/2024,16/04/2027,active,eth-registry:251d4910,True
did:example:0058df377e75cf90,did:example:employer1,professional,EmployeeID,10,1.62,01/07/2024,18/04/2026,active,eth-registry:286fa0ae,True
did:example:dcffcd51c889a32a,did:example:university1,academic,StudentID,13,2.06,04/08/2025,03/09/2027,active,eth-registry:3c0824ec,False
did:example:e5f6f5a6ad9c15fb,did:example:university1,academic,StudentID,14,1.97,13/06/2025,21/03/2027,revoked,eth-registry:27cf482e,False
did:example:afdeb3d66c009074,did:example:employer1,professional,EmployeeID,10,1.84,16/12/2024,10/03/2027,active,eth-registry:ca31f0ef,True
did:example:2aa8c64b81fa74e7,did:example:university1,academic,StudentID,14,2.03,22/12/2024,25/01/2027,active,eth-registry:6515e724,True
did:example:b359a82ddc017884,did:example:employer1,professional,EmployeeID,11,1.91,06/11/2024,21/07/2027,active,eth-registry:94fa7611,True
did:example:c6a9801c58740175,did:example:employer1,professional,EmployeeID,13,1.65,29/12/2025,02/07/2027,active,eth-registry:d200d257,False
did:example:c60db48da3757cc1,did:example:university1,academic,StudentID,13,2.12,22/11/2025,20/03/2027,active,eth-registry:95a2f065,True
did:example:9983016c97c9f29a,did:example:gov_issuer,government,ProofOfResidence,14,2.54,24/02/2024,29/12/2025,revoked,eth-registry:64b73e2a,True
did:example:04c8e73358150eef,did:example:university1,academic,StudentID,15,1.91,19/08/2025,09/11/2027,revoked,eth-registry:341026eb,False
did:example:02d429bba2f425c8,did:example:university1,academic,StudentID,13,1.91,02/09/2024,29/03/2026,revoked,eth-registry:0d17a72f,False
did:example:8022f2e842746bd1,did:example:employer1,professional,EmployeeID,14,1.72,22/04/2025,20/04/2028,revoked,eth-registry:0a0b4dd0,True
did:example:e2571577e3efe614,did:example:gov_issuer,government,ProofOfResidence,18,2.54,19/11/2025,30/11/2027,revoked,eth-registry:771b5d1d,True
did:example:46435e200a771106,did:example:university1,academic,StudentID,12,2.29,04/11/2024,20/06/2027,active,eth-registry:194c1087,False
did:example:c0cbe2784def13ce,did:example:employer1,professional,EmployeeID,13,1.64,03/12/2024,06/01/2027,revoked,eth-registry:cce98d8a,False
did:example:90c68dfe2bb4c19d,did:example:university1,academic,StudentID,13,2.18,02/04/2025,14/01/2027,active,eth-registry:6a1f6f71,False
did:example:357d98870e103904,did:example:employer1,professional,EmployeeID,13,1.88,15/08/2024,26/04/2027,active,eth-registry:dcd417fd,True
did:example:c17d58c68445c8b2,did:example:university1,academic,StudentID,14,2.17,11/07/2024,03/11/2025,revoked,eth-registry:2d45075b,False
did:example:83f2605695cf1790,did:example:university1,academic,StudentID,13,2.11,18/03/2025,17/09/2026,revoked,eth-registry:9fb379ed,False
did:example:cb4a3b7d191e5280,did:example:employer1,professional,EmployeeID,13,1.99,31/05/2024,11/12/2026,revoked,eth-registry:36c99b2e,False
did:example:003532f64e06a275,did:example:gov_issuer,government,ProofOfResidence,15,2.5,30/04/2025,20/02/2028,active,eth-registry:dcfedc30,True
did:example:de881541393fc47d,did:example:gov_issuer,government,ProofOfResidence,18,2.64,01/07/2024,29/01/2026,revoked,eth-registry:e4838514,True
did:example:b32ca7ea048c6650,did:example:employer1,professional,EmployeeID,14,1.71,08/03/2024,03/04/2026,revoked,eth-registry:218f752f,False
did:example:38c4afb818fccbd5,did:example:employer1,professional,EmployeeID,10,1.92,14/03/2024,04/03/2026,active,eth-registry:7173a280,True
did:example:782aff03c900dfe2,did:example:employer1,professional,EmployeeID,13,2.0,08/07/2024,21/12/2026,revoked,eth-registry:f0e4a2ec,True
did:example:b5a7b43e0eabb194,did:example:university1,academic,StudentID,15,2.26,15/03/2024,15/03/2026,revoked,eth-registry:99ec11cc,True
did:example:a4ed150fc25cbae2,did:example:university1,academic,StudentID,12,2.02,13/08/2024,03/11/2026,revoked,eth-registry:72ec018a,True
did:example:f375d96313a59b00,did:example:gov_issuer,government,ProofOfAge,17,2.64,01/11/2024,05/03/2027,active,eth-registry:b4eb7f5c,False
did:example:81d0c4c8d7478b54,did:example:gov_issuer,government,ProofOfResidence,18,2.34,28/06/2024,24/02/2027,revoked,eth-registry:1d1bef9e,True
did:example:8b1171a6b814f2b8,did:example:university1,academic,StudentID,12,2.17,25/01/2025,06/05/2026,active,eth-registry:0b129cca,True
did:example:7eaa0e3a73a23b8f,did:example:university1,academic,StudentID,14,2.04,06/10/2024,02/02/2027,revoked,eth-registry:869c05b8,False
did:example:987cb7ac2f8cf465,did:example:employer1,professional,EmployeeID,13,1.86,28/02/2024,09/07/2025,active,eth-registry:a2342db4,False
did:example:2c528b75c5699f67,did:example:employer1,professional,EmployeeID,11,1.76,01/09/2024,09/09/2025,active,eth-registry:57701408,False
did:example:e3d702d00a45cb28,did:example:university1,academic,StudentID,12,1.9,09/01/2024,15/06/2026,active,eth-registry:9274cc43,True
did:example:b3438b5ed59c1e09,did:example:employer1,professional,EmployeeID,11,1.69,18/06/2025,30/03/2027,revoked,eth-registry:0a41f83a,False
did:example:f0dd33a6129ccb7c,did:example:university1,academic,StudentID,13,1.92,19/11/2024,26/04/2027,revoked,eth-registry:61ee7311,True
did:example:21d5339de43f4b6a,did:example:employer1,professional,EmployeeID,13,1.77,13/03/2025,27/01/2028,active,eth-registry:27fbce3e,False
did:example:309538eaa927b659,did:example:university1,academic,StudentID,13,2.24,14/04/2024,17/07/2025,revoked,eth-registry:12700174,True
did:example:c3512c74f9a526f7,did:example:employer1,professional,EmployeeID,11,1.9,09/11/2024,05/10/2026,active,eth-registry:e943cfa2,False
did:example:017348911e83f3eb,did:example:university1,academic,StudentID,15,2.22,14/08/2025,25/10/2026,active,eth-registry:806a2939,True
did:example:a6fd5b23aef88da2,did:example:university1,academic,StudentID,14,2.22,26/05/2024,21/01/2027,revoked,eth-registry:6f08aedc,False
did:example:e4737dc3f284e044,did:example:gov_issuer,government,ProofOfAge,18,2.45,20/12/2025,19/12/2028,revoked,eth-registry:8226ea1c,True
did:example:c177747f2f0b8276,did:example:university1,academic,StudentID,14,2.1,03/11/2024,31/07/2027,active,eth-registry:dd6e06b4,True
did:example:0f5b0f4010bfb4a1,did:example:university1,academic,StudentID,15,2.1,09/04/2024,05/04/2027,active,eth-registry:1e5a3888,False
did:example:b0cfc59ad9426a0e,did:example:employer1,professional,EmployeeID,10,1.65,11/05/2024,09/01/2026,revoked,eth-registry:baf1536a,True
did:example:c551f257ca3681f3,did:example:employer1,professional,EmployeeID,14,1.84,03/12/2024,24/06/2026,active,eth-registry:6f9bf51e,True
did:example:7d998bed3117af0d,did:example:university1,academic,StudentID,15,2.19,27/11/2025,14/08/2028,active,eth-registry:2146eead,True
did:example:f5167b5b61317501,did:example:gov_issuer,government,ProofOfResidence,14,2.54,10/12/2024,31/03/2027,active,eth-registry:fb82fa90,True
did:example:ec53d3aacc1b3db7,did:example:university1,academic,StudentID,13,2.2,07/05/2024,06/02/2026,revoked,eth-registry:2fdf0f07,True
did:example:b22efd2a5969c447,did:example:university1,academic,StudentID,13,1.95,10/10/2024,12/03/2026,revoked,eth-registry:fa1a38f6,True
did:example:0703cf166de0e5e4,did:example:university1,academic,StudentID,13,2.2,19/09/2025,07/10/2026,active,eth-registry:3f55b5c2,False
did:example:3befc698af5fcf7a,did:example:university1,academic,StudentID,15,1.98,20/12/2025,16/01/2027,active,eth-registry:acb1293a,False
did:example:1ee4e483c7d904f0,did:example:university1,academic,StudentID,14,2.25,25/03/2025,14/08/2027,active,eth-registry:6a63179a,False
did:example:9d71a3ffe360dc36,did:example:university1,academic,StudentID,12,2.0,24/09/2025,04/04/2027,revoked,eth-registry:fded8496,True
did:example:8dded3dd5c9150ad,did:example:employer1,professional,EmployeeID,13,1.8,15/08/2025,05/04/2028,active,eth-registry:b571a1a1,True
did:example:68e3dd023e45a429,did:example:gov_issuer,government,ProofOfAge,18,2.49,06/11/2024,17/07/2027,revoked,eth-registry:210aa64b,False
did:example:7f98da490663d71b,did:example:gov_issuer,government,ProofOfAge,16,2.41,11/10/2025,06/09/2027,active,eth-registry:69da9353,False
did:example:9733d04ba62c7125,did:example:employer1,professional,EmployeeID,14,1.74,25/02/2024,01/10/2025,revoked,eth-registry:4565c68b,True
did:example:f8d109090a94ba62,did:example:university1,academic,StudentID,14,1.97,10/08/2025,14/12/2026,active,eth-registry:77f7aa61,False
did:example:a39dcddb932f9917,did:example:university1,academic,StudentID,15,2.13,28/02/2025,03/09/2026,revoked,eth-registry:e2e0b9fe,False
did:example:6713b06b592f5245,did:example:university1,academic,StudentID,15,2.27,06/03/2025,29/05/2027,revoked,eth-registry:7579c8ec,False
did:example:50d822ea1277f85f,did:example:employer1,professional,EmployeeID,10,1.73,14/11/2025,19/05/2028,active,eth-registry:9328ad31,True
did:example:710741811526ad0c,did:example:employer1,professional,EmployeeID,14,1.8,14/07/2024,04/01/2027,revoked,eth-registry:03a68179,False
did:example:42d36678817ca756,did:example:employer1,professional,EmployeeID,10,1.94,24/05/2024,24/04/2027,active,eth-registry:15eaf5c4,True
did:example:99f896787eeb4130,did:example:university1,academic,StudentID,15,2.08,27/04/2025,18/08/2027,revoked,eth-registry:44771882,True
did:example:ff83ad35a071ce50,did:example:university1,academic,StudentID,15,2.23,26/06/2025,02/07/2027,active,eth-registry:ddf1e8ce,True
did:example:6cf5a3be257b3158,did:example:gov_issuer,government,ProofOfResidence,15,2.48,04/01/2024,20/09/2025,revoked,eth-registry:cb63f608,False
did:example:ddc483d27b8bc14c,did:example:gov_issuer,government,ProofOfAge,14,2.48,31/12/2024,02/09/2026,revoked,eth-registry:d1b263e5,False
did:example:e32616d92741f8b1,did:example:employer1,professional,EmployeeID,12,1.66,02/10/2024,28/06/2026,active,eth-registry:87cead07,True
did:example:6ff1818eeef365f1,did:example:university1,academic,StudentID,13,1.95,22/08/2025,26/05/2028,active,eth-registry:6613e088,True
did:example:c5d4b58462ef7bb4,did:example:employer1,professional,EmployeeID,12,1.84,19/09/2025,25/10/2027,revoked,eth-registry:57a383b1,False
did:example:3dcfad86add8b22a,did:example:employer1,professional,EmployeeID,10,1.93,11/04/2024,19/09/2025,active,eth-registry:a4ca2375,False
did:example:01ffdd93f9cbb01a,did:example:employer1,professional,EmployeeID,10,1.65,28/02/2025,19/07/2026,active,eth-registry:70b0aa38,False
did:example:f9a6a1ffbfc85aa2,did:example:university1,academic,StudentID,13,2.26,11/06/2025,01/07/2026,active,eth-registry:61142077,False
did:example:a4bbc2ef38fb196c,did:example:employer1,professional,EmployeeID,13,1.74,09/07/2024,19/03/2027,active,eth-registry:613a2b90,True
did:example:3473c07f986abfdd,did:example:university1,academic,StudentID,13,2.07,13/11/2025,22/04/2027,active,eth-registry:5a9f9f22,True
did:example:1c634297af56d113,did:example:employer1,professional,EmployeeID,11,1.96,14/10/2025,27/12/2026,revoked,eth-registry:65818c7d,True
did:example:d8fa02f96daa783b,did:example:gov_issuer,government,ProofOfResidence,14,2.66,05/05/2024,02/12/2025,revoked,eth-registry:3f2fe7c1,False
did:example:4c050d469dbc0088,did:example:university1,academic,StudentID,13,2.11,12/01/2024,01/01/2026,revoked,eth-registry:ab0620e7,False
did:example:02b6d038af702216,did:example:university1,academic,StudentID,13,2.01,26/02/2025,28/01/2028,revoked,eth-registry:856a19b0,True
did:example:800007ccfcfafe46,did:example:gov_issuer,government,ProofOfResidence,15,2.37,07/10/2025,26/06/2028,active,eth-registry:920ea4de,True
did:example:0cbbe81c38e199e0,did:example:university1,academic,StudentID,13,2.01,13/05/2025,14/09/2026,revoked,eth-registry:7d09c28a,True
did:example:4bbc7e626f9c7f7b,did:example:employer1,professional,EmployeeID,11,1.91,09/07/2025,31/07/2027,revoked,eth-registry:bce602d8,False
did:example:25bd6702d6521e8a,did:example:gov_issuer,government,ProofOfAge,17,2.43,10/06/2025,02/02/2028,revoked,eth-registry:9898fbda,True
did:example:a2c8154b8f2b726a,did:example:employer1,professional,EmployeeID,11,1.88,17/04/2024,25/10/2026,active,eth-registry:6c2ac65f,False
did:example:70017514dea15d4b,did:example:employer1,professional,EmployeeID,13,1.68,19/02/2024,27/01/2026,revoked,eth-registry:b8288500,True
did:example:f1967a2926ede517,did:example:employer1,professional,EmployeeID,13,1.79,15/02/2024,08/08/2025,active,eth-registry:714d6a56,True
did:example:c757efb26602903d,did:example:employer1,professional,EmployeeID,13,1.74,20/12/2025,15/07/2028,active,eth-registry:004d0345,True
did:example:b651c2afd7f45f58,did:example:university1,academic,StudentID,14,2.1,26/11/2025,17/10/2027,active,eth-registry:42e89cf6,True
did:example:c7676c8b473f248c,did:example:university1,academic,StudentID,15,2.13,01/09/2025,21/02/2027,active,eth-registry:b837dfd0,True
did:example:92819024dd7bb6ff,did:example:gov_issuer,government,ProofOfAge,15,2.7,19/02/2024,24/07/2026,active,eth-registry:540353b2,True
did:example:7b92be49a5bf572f,did:example:employer1,professional,EmployeeID,14,1.96,11/10/2025,17/07/2028,revoked,eth-registry:e4088e5e,False
did:example:ee793b3bc2665ff7,did:example:gov_issuer,government,ProofOfResidence,15,2.58,12/12/2025,21/09/2028,revoked,eth-registry:c40c7111,False
did:example:209a86c1e1a1107e,did:example:gov_issuer,government,ProofOfResidence,14,2.36,27/07/2025,11/06/2028,active,eth-registry:ab564561,False
did:example:36c6233f3a5167b6,did:example:university1,academic,StudentID,15,2.27,03/11/2024,16/02/2027,revoked,eth-registry:e40237d7,True
did:example:8ca0d768b2639fe4,did:example:gov_issuer,government,ProofOfAge,18,2.66,08/03/2024,20/09/2026,revoked,eth-registry:a45f606c,True
did:example:a07f9422cfb286ea,did:example:gov_issuer,government,ProofOfResidence,14,2.65,15/09/2024,11/03/2026,revoked,eth-registry:82ca56c6,False
did:example:1d56a1a16f18c622,did:example:university1,academic,StudentID,14,2.09,29/05/2024,20/01/2026,revoked,eth-registry:df6b9f04,True
did:example:3e30d3235377c2dc,did:example:employer1,professional,EmployeeID,12,1.67,20/04/2025,04/08/2026,revoked,eth-registry:9168658d,False
did:example:2ca4a9389c382f1d,did:example:university1,academic,StudentID,12,2.2,07/10/2025,05/12/2026,revoked,eth-registry:6196d4fa,False
did:example:0916fd22be9803dc,did:example:employer1,professional,EmployeeID,12,1.76,28/12/2024,04/09/2027,active,eth-registry:7a31768b,True
did:example:b8e0f8e79b625e5b,did:example:employer1,professional,EmployeeID,13,1.74,05/02/2024,04/01/2026,revoked,eth-registry:21611a68,True
did:example:5f38b9f0eca8eb53,did:example:gov_issuer,government,ProofOfResidence,16,2.46,12/10/2024,21/11/2026,active,eth-registry:bce68f5f,True
did:example:14021ff924dac032,did:example:gov_issuer,government,ProofOfAge,16,2.52,07/08/2025,09/10/2026,revoked,eth-registry:56720559,True
did:example:100a03fff1b71847,did:example:gov_issuer,government,ProofOfResidence,18,2.43,12/04/2025,24/08/2026,active,eth-registry:594620da,True
did:example:773982e792951fff,did:example:university1,academic,StudentID,12,2.18,30/01/2024,25/03/2025,active,eth-registry:69659a76,False
did:example:92b18ee382e465ed,did:example:employer1,professional,EmployeeID,13,1.86,12/09/2024,02/09/2026,active,eth-registry:4cca4509,True
did:example:1638d7ffc662e363,did:example:gov_issuer,government,ProofOfResidence,15,2.5,14/09/2024,12/11/2026,active,eth-registry:aa56ca71,True
did:example:00b038f9584a4ca9,did:example:employer1,professional,EmployeeID,14,1.62,26/01/2024,27/04/2025,revoked,eth-registry:206b43f3,True
did:example:e0983bfa219c0c7b,did:example:university1,academic,StudentID,13,2.27,12/09/2024,11/02/2027,revoked,eth-registry:5485b9da,True
did:example:a640f26b2dd624d1,did:example:employer1,professional,EmployeeID,14,1.76,25/08/2025,09/11/2026,active,eth-registry:5e58e2d6,False
did:example:8ed9aa487d76aeae,did:example:university1,academic,StudentID,14,2.08,05/04/2024,09/12/2026,active,eth-registry:164191c9,True
did:example:e725a6f9f33a9abf,did:example:university1,academic,StudentID,12,2.08,11/01/2025,14/11/2027,active,eth-registry:56a2569c,False
did:example:85c155546f4d15d8,did:example:gov_issuer,government,ProofOfAge,17,2.45,25/04/2025,05/08/2027,revoked,eth-registry:be9db0ce,False
did:example:49d52c6bc6262206,did:example:university1,academic,StudentID,12,2.17,16/05/2025,18/06/2027,revoked,eth-registry:33c9bc12,False
did:example:042718e5a7b94e97,did:example:employer1,professional,EmployeeID,11,1.61,29/08/2024,14/02/2027,active,eth-registry:fd7dd2f0,True
did:example:22e359ad072f4930,did:example:employer1,professional,EmployeeID,11,1.95,24/02/2025,24/08/2026,revoked,eth-registry:3a9c9fae,True
did:example:c8705a7d20a042b6,did:example:university1,academic,StudentID,14,1.94,12/06/2025,15/04/2028,active,eth-registry:87cfa6be,False
did:example:80be46d0564bec76,did:example:employer1,professional,EmployeeID,11,2.0,24/03/2025,28/12/2027,active,eth-registry:01f52660,True
did:example:8ba3b3210d7e6643,did:example:employer1,professional,EmployeeID,12,1.85,04/09/2025,25/01/2028,revoked,eth-registry:27dac3d3,True
did:example:bb4deb3fe2939168,did:example:gov_issuer,government,ProofOfResidence,16,2.33,09/06/2024,09/06/2027,active,eth-registry:4898edf7,True
did:example:bc3605fa34e1db8a,did:example:employer1,professional,EmployeeID,10,1.82,19/03/2024,26/10/2025,active,eth-registry:7f687acf,False
did:example:cd53d683ff1c9431,did:example:gov_issuer,government,ProofOfResidence,15,2.43,14/11/2025,21/08/2028,active,eth-registry:c2158103,False
did:example:0afe22155acf100c,did:example:employer1,professional,EmployeeID,11,1.98,20/06/2025,14/07/2026,revoked,eth-registry:bc04b3e0,False
did:example:71da45162f377d59,did:example:university1,academic,StudentID,12,2.2,23/11/2024,23/05/2027,active,eth-registry:ad9320ed,False
did:example:717343335b69b8da,did:example:employer1,professional,EmployeeID,14,1.8,21/02/2025,20/09/2026,revoked,eth-registry:29e2c3c1,False
did:example:a33c67df6b40c48f,did:example:university1,academic,StudentID,13,2.07,03/11/2025,06/10/2028,revoked,eth-registry:72adde2d,False
did:example:649e90e1390fa1b7,did:example:employer1,professional,EmployeeID,12,2.0,25/09/2025,13/11/2027,active,eth-registry:c3c69018,True
did:example:bfad790214c4b44d,did:example:employer1,professional,EmployeeID,13,1.87,12/08/2025,03/01/2027,revoked,eth-registry:34c13f4c,True
did:example:01eb164bc5f94122,did:example:employer1,professional,EmployeeID,13,1.81,07/03/2025,23/10/2026,revoked,eth-registry:1dcb2691,False
did:example:241a27a3a49bdec5,did:example:university1,academic,StudentID,14,2.06,10/06/2025,12/03/2028,revoked,eth-registry:3087feeb,False
did:example:1382a043564ea96d,did:example:gov_issuer,government,ProofOfResidence,16,2.43,28/02/2025,09/10/2027,revoked,eth-registry:5b88b67f,False
did:example:de6d0a2b9efee945,did:example:university1,academic,StudentID,15,2.18,02/12/2024,21/08/2026,active,eth-registry:ab48081c,True
did:example:eeeef5e0cf0d1469,did:example:university1,academic,StudentID,15,2.14,07/05/2025,14/11/2026,active,eth-registry:80688506,True
did:example:0647f9943b77528a,did:example:employer1,professional,EmployeeID,11,1.94,17/01/2024,08/02/2025,revoked,eth-registry:23f57c2f,False
did:example:3933134535ad2791,did:example:gov_issuer,government,ProofOfAge,14,2.52,27/08/2025,25/11/2026,active,eth-registry:7d7c9a5f,True
did:example:c292abeca3e9163a,did:example:university1,academic,StudentID,13,2.13,18/08/2024,10/09/2025,revoked,eth-registry:10b381a5,False
did:example:03fe003a01557c47,did:example:gov_issuer,government,ProofOfAge,18,2.49,02/02/2025,01/10/2026,active,eth-registry:e20c3b4f,True
did:example:5393e2250650ce33,did:example:gov_issuer,government,ProofOfAge,18,2.61,01/05/2025,15/09/2026,active,eth-registry:b5807992,False
did:example:b32a5826cf6c249d,did:example:employer1,professional,EmployeeID,13,1.77,27/08/2024,10/09/2025,active,eth-registry:907043de,True
did:example:190bc5f942028961,did:example:employer1,professional,EmployeeID,13,1.94,29/08/2024,21/03/2027,active,eth-registry:152940d8,False
did:example:42545b93d9ed537d,did:example:university1,academic,StudentID,12,2.03,09/05/2024,10/02/2027,revoked,eth-registry:c3932b33,False
did:example:087868b5c142b380,did:example:university1,academic,StudentID,14,2.18,13/03/2024,28/12/2026,revoked,eth-registry:0784a61d,False
did:example:cb81adaa0b2b9a83,did:example:gov_issuer,government,ProofOfResidence,14,2.66,06/10/2025,08/06/2028,revoked,eth-registry:cc6ee416,True
did:example:abf3cd6b6cd429c6,did:example:gov_issuer,government,ProofOfResidence,16,2.61,13/01/2025,16/04/2026,revoked,eth-registry:2ff7aeed,True
did:example:a1a4e7b404476c2a,did:example:university1,academic,StudentID,12,2.04,11/05/2025,08/09/2026,revoked,eth-registry:40fa87a1,True
did:example:f4ca589e94e42931,did:example:employer1,professional,EmployeeID,10,1.88,22/04/2024,30/12/2026,revoked,eth-registry:aed276a9,False
did:example:1c82d1660790bb12,did:example:employer1,professional,EmployeeID,14,1.68,15/09/2025,26/09/2026,revoked,eth-registry:fc51bc36,True
did:example:c3170ca4dc262354,did:example:employer1,professional,EmployeeID,14,1.62,11/08/2024,14/02/2027,active,eth-registry:8ddb802d,False
did:example:00d4d63bd540d0d6,did:example:university1,academic,StudentID,14,2.22,02/12/2024,04/03/2026,revoked,eth-registry:070e27ad,True
did:example:3486a390de54e33a,did:example:university1,academic,StudentID,14,2.22,01/01/2025,08/02/2026,active,eth-registry:eb4f3dad,False
did:example:f02ed201bca050a4,did:example:employer1,professional,EmployeeID,11,1.61,27/06/2025,18/01/2028,revoked,eth-registry:ef83c0fa,True
did:example:1b04a27c31fa4742,did:example:employer1,professional,EmployeeID,12,1.98,26/03/2024,11/09/2026,active,eth-registry:485fbff9,False
did:example:3b9a037b06157bce,did:example:employer1,professional,EmployeeID,13,1.78,25/10/2025,26/12/2026,revoked,eth-registry:c17ac515,True
did:example:908b7ca6f0afc0be,did:example:gov_issuer,government,ProofOfAge,16,2.66,23/03/2024,20/04/2025,revoked,eth-registry:b4bc2244,False
did:example:b81be885d69d7a34,did:example:university1,academic,StudentID,13,2.22,10/04/2025,15/01/2028,revoked,eth-registry:af38b140,False
did:example:afe509cd3e88d989,did:example:university1,academic,StudentID,13,2.26,02/06/2024,10/12/2025,active,eth-registry:d37ac444,True
did:example:91a5d0a3d94011d9,did:example:university1,academic,StudentID,15,2.23,05/11/2025,13/10/2028,active,eth-registry:8f7edc8b,False
did:example:959ad180122b0ab3,did:example:university1,academic,StudentID,13,2.29,08/03/2025,31/03/2027,revoked,eth-registry:920943a4,True
did:example:f0cff2855289835a,did:example:gov_issuer,government,ProofOfResidence,18,2.55,21/11/2025,05/11/2028,active,eth-registry:59cc3c8e,False
did:example:d4d2aeef4394a99c,did:example:gov_issuer,government,ProofOfResidence,17,2.39,13/11/2025,07/09/2028,revoked,eth-registry:cfd89583,False
did:example:461621ec8394ef15,did:example:gov_issuer,government,ProofOfAge,18,2.46,14/07/2024,07/10/2026,active,eth-registry:e0229a42,False
did:example:5dafb8190709e37f,did:example:university1,academic,StudentID,14,2.2,23/06/2024,08/09/2025,revoked,eth-registry:f9b49348,True
did:example:9297e8f28cc0af13,did:example:employer1,professional,EmployeeID,11,1.66,23/03/2024,07/01/2027,active,eth-registry:d34ab3c5,True
did:example:6c4c4eeb55f30e24,did:example:university1,academic,StudentID,12,2.27,10/06/2025,19/02/2027,revoked,eth-registry:070ef8cb,False
did:example:911c535f2713dce4,did:example:employer1,professional,EmployeeID,12,1.68,19/01/2024,21/07/2025,active,eth-registry:c2b99997,True
did:example:98832bb42812ba64,did:example:gov_issuer,government,ProofOfAge,15,2.65,18/05/2024,13/07/2026,active,eth-registry:c6445af6,False
did:example:1e1f5cc9c9da308f,did:example:employer1,professional,EmployeeID,10,1.79,26/10/2025,14/07/2027,revoked,eth-registry:b750f03a,False
did:example:6bc2ad1ce2f29d37,did:example:employer1,professional,EmployeeID,14,1.94,09/04/2025,02/10/2027,revoked,eth-registry:99149591,True
did:example:4cef22b35ff811f6,did:example:employer1,professional,EmployeeID,14,1.98,25/11/2024,06/06/2026,active,eth-registry:d9520b71,True
did:example:5abe361f79643ded,did:example:employer1,professional,EmployeeID,11,1.77,10/04/2024,08/02/2027,active,eth-registry:bee5ff4d,True
did:example:317445b54e4e2254,did:example:employer1,professional,EmployeeID,13,1.88,09/09/2025,20/11/2026,revoked,eth-registry:e03ae4ab,False
did:example:62e5822e584b0967,did:example:university1,academic,StudentID,13,1.99,09/09/2025,17/08/2027,active,eth-registry:69974a84,False
did:example:21e7177faa1c298d,did:example:university1,academic,StudentID,13,2.22,03/02/2024,05/01/2027,active,eth-registry:996c5db5,False
did:example:6aa1609ce3dceeaf,did:example:gov_issuer,government,ProofOfAge,17,2.63,26/06/2025,01/03/2028,active,eth-registry:06e03b8c,True
did:example:1f3838d75ec89634,did:example:gov_issuer,government,ProofOfResidence,16,2.42,28/08/2024,19/04/2027,revoked,eth-registry:cc540e83,True
did:example:31266ca08568a313,did:example:employer1,professional,EmployeeID,14,1.61,12/05/2025,06/08/2027,revoked,eth-registry:51df95e4,False
did:example:4995c609211fa10c,did:example:university1,academic,StudentID,12,2.07,03/08/2024,23/09/2026,active,eth-registry:978c73d8,False
did:example:407b3d7fb52de00f,did:example:university1,academic,StudentID,14,1.97,11/01/2024,08/06/2025,active,eth-registry:c9ac53e4,True
did:example:8e93a22d19c4c3b3,did:example:university1,academic,StudentID,15,2.23,05/07/2025,07/02/2027,active,eth-registry:e50a55e8,True
did:example:d35b4cf5e18cd00d,did:example:employer1,professional,EmployeeID,14,1.7,03/09/2025,31/10/2027,active,eth-registry:a961a333,True
did:example:995c40a87492d358,did:example:university1,academic,StudentID,12,2.28,14/05/2025,24/12/2026,active,eth-registry:c323eb22,False
did:example:ec7867e03389148f,did:example:employer1,professional,EmployeeID,10,1.99,20/04/2024,05/12/2025,revoked,eth-registry:bbdaa82e,True
did:example:86467f1d1c779939,did:example:employer1,professional,EmployeeID,13,1.96,25/11/2024,05/04/2027,active,eth-registry:4a255271,True
did:example:1ada6f42f340beb0,did:example:gov_issuer,government,ProofOfAge,18,2.54,24/01/2025,22/06/2027,revoked,eth-registry:09aaf02f,False
did:example:7f36a097e067a90b,did:example:university1,academic,StudentID,15,2.01,03/08/2025,31/07/2027,revoked,eth-registry:ece95cf0,True
did:example:6d68fbb5969e7038,did:example:gov_issuer,government,ProofOfResidence,18,2.62,21/07/2025,13/02/2027,active,eth-registry:8dacd622,True
did:example:7fbc7dab6a149307,did:example:university1,academic,StudentID,12,2.18,11/10/2025,16/02/2027,revoked,eth-registry:e98ea901,False
did:example:8c9d7d619f77c88f,did:example:university1,academic,StudentID,14,2.29,06/04/2025,15/10/2026,active,eth-registry:a192f8ea,False
did:example:8233cf33e7b23fda,did:example:employer1,professional,EmployeeID,13,1.75,18/11/2025,17/07/2027,active,eth-registry:7d68ae7a,False
did:example:375988dedab491d6,did:example:university1,academic,StudentID,14,1.92,21/08/2025,12/07/2028,revoked,eth-registry:61b14ecf,False
did:example:6baebfefa56798f5,did:example:university1,academic,StudentID,15,2.3,26/05/2024,16/01/2026,active,eth-registry:ca4b5fee,False
did:example:224c9f5ab7a29901,did:example:employer1,professional,EmployeeID,11,1.94,02/06/2025,27/03/2028,revoked,eth-registry:bccdf85b,True
did:example:06d6a1d77945f9a3,did:example:university1,academic,StudentID,13,1.99,03/03/2024,31/03/2026,revoked,eth-registry:60b5847c,True
did:example:32d5be5fcd8a5218,did:example:gov_issuer,government,ProofOfResidence,16,2.59,06/07/2025,01/06/2027,active,eth-registry:199ce60e,True
did:example:f3fd8f48561ff729,did:example:university1,academic,StudentID,15,1.9,10/06/2024,22/12/2025,active,eth-registry:a79e931d,False
did:example:b23ca8f53d6127c2,did:example:gov_issuer,government,ProofOfResidence,15,2.52,06/08/2024,16/02/2027,revoked,eth-registry:2c5e15d7,False
did:example:0bf46706f7b6b4d3,did:example:university1,academic,StudentID,13,2.05,23/02/2025,31/10/2027,active,eth-registry:130f95a7,False
did:example:0515bfe3aa947e39,did:example:gov_issuer,government,ProofOfAge,14,2.45,04/10/2024,21/09/2027,active,eth-registry:371f7251,False
did:example:6f128eadf16f2c2b,did:example:university1,academic,StudentID,12,2.0,18/04/2025,08/12/2027,active,eth-registry:b2a6f82a,True
did:example:32c893fe75c28590,did:example:employer1,professional,EmployeeID,14,1.71,01/01/2025,06/03/2026,active,eth-registry:eef8077e,True
did:example:56d0c3729e0d32a7,did:example:university1,academic,StudentID,15,2.08,09/04/2025,11/01/2028,active,eth-registry:a4f56793,True
did:example:2e591055a076e553,did:example:gov_issuer,government,ProofOfResidence,15,2.4,04/03/2025,21/05/2027,active,eth-registry:49c90ccf,True
did:example:62cda71fe5977072,did:example:employer1,professional,EmployeeID,13,1.79,30/05/2024,09/06/2026,revoked,eth-registry:ec21c091,True
did:example:b566ce72f97b1fc1,did:example:employer1,professional,EmployeeID,12,1.83,20/05/2025,21/11/2026,active,eth-registry:94243ee3,False
did:example:3bda443214e4ff79,did:example:gov_issuer,government,ProofOfAge,18,2.58,01/12/2025,06/12/2027,revoked,eth-registry:dfb3a92d,False
did:example:8b236a3a3725d109,did:example:gov_issuer,government,ProofOfAge,15,2.57,10/02/2025,17/09/2027,revoked,eth-registry:8c8a9c6a,False
did:example:2a8147ad3af11300,did:example:gov_issuer,government,ProofOfAge,18,2.4,19/03/2025,23/05/2027,revoked,eth-registry:30724423,True
did:example:2f586f5ddd99ccb2,did:example:university1,academic,StudentID,13,1.92,03/06/2025,16/08/2026,revoked,eth-registry:666769ad,False
did:example:cc4a80a1028c6bf7,did:example:university1,academic,StudentID,14,2.23,02/03/2024,05/09/2026,revoked,eth-registry:156d9288,False
did:example:065d208e8545c349,did:example:gov_issuer,government,ProofOfResidence,15,2.65,20/04/2024,17/11/2026,active,eth-registry:69a06642,True
did:example:bb5d5f6339d8abed,did:example:gov_issuer,government,ProofOfResidence,17,2.69,11/02/2025,17/06/2027,revoked,eth-registry:808072f5,True
did:example:dddd1380756c6da3,did:example:gov_issuer,government,ProofOfAge,15,2.68,15/10/2024,10/03/2026,revoked,eth-registry:0b14c686,False
did:example:d78971077cf496db,did:example:gov_issuer,government,ProofOfAge,18,2.55,20/05/2025,21/12/2026,active,eth-registry:974afb7f,False
did:example:72f3d9f233cf10a2,did:example:university1,academic,StudentID,14,2.26,29/10/2025,27/09/2027,active,eth-registry:17849ba0,False
did:example:34c60f2d0b35dc42,did:example:employer1,professional,EmployeeID,11,1.78,25/07/2025,20/04/2028,revoked,eth-registry:fe20fb66,True
did:example:fdacf32de7db1c67,did:example:university1,academic,StudentID,15,2.21,07/06/2024,22/01/2027,revoked,eth-registry:7d53dca6,False
did:example:b493af3a5d1baf65,did:example:employer1,professional,EmployeeID,13,1.98,12/08/2024,20/10/2025,active,eth-registry:270ec7d7,False
did:example:27bc41e72c70477f,did:example:gov_issuer,government,ProofOfResidence,16,2.62,15/04/2024,03/06/2025,active,eth-registry:28241449,True
did:example:1d056c4b10ddaacd,did:example:employer1,professional,EmployeeID,10,1.77,12/03/2024,17/04/2025,revoked,eth-registry:6ba5b762,False
did:example:23a9d6aac28791ed,did:example:employer1,professional,EmployeeID,14,1.75,28/06/2025,06/05/2028,active,eth-registry:220636ab,True
did:example:494187bc748c2bcd,did:example:employer1,professional,EmployeeID,13,1.72,20/05/2025,10/02/2028,active,eth-registry:6f4bbf9a,True
did:example:8eaeba23240ed6f0,did:example:gov_issuer,government,ProofOfResidence,17,2.45,22/05/2024,27/10/2025,active,eth-registry:acb67308,True
did:example:a7536661dfbab762,did:example:university1,academic,StudentID,15,2.23,30/05/2025,29/03/2028,revoked,eth-registry:c6793509,True
did:example:8df8b4a977aa2446,did:example:gov_issuer,government,ProofOfAge,17,2.58,30/11/2024,01/12/2026,active,eth-registry:54977ee7,False
did:example:24fad392fe07e6fe,did:example:university1,academic,StudentID,12,2.0,02/10/2025,19/05/2027,revoked,eth-registry:17a55bcf,True
did:example:814694aca6d15d5e,did:example:university1,academic,StudentID,12,2.18,04/06/2025,22/11/2027,revoked,eth-registry:fb078667,True
did:example:287c48c7582ae429,did:example:university1,academic,StudentID,12,2.05,16/07/2024,04/09/2025,revoked,eth-registry:c6b2ef0f,False
did:example:4c5a3286c89c3f30,did:example:university1,academic,StudentID,12,2.12,20/12/2024,20/03/2026,active,eth-registry:291dc455,True
did:example:195f130e6eaee9e5,did:example:gov_issuer,government,ProofOfAge,17,2.45,19/06/2024,23/12/2025,revoked,eth-registry:ef202dfc,True
did:example:7cc5e0d87b8e8bbd,did:example:university1,academic,StudentID,15,2.11,21/10/2025,08/01/2028,revoked,eth-registry:ffd08f12,False
did:example:491137e545d49f22,did:example:university1,academic,StudentID,12,2.19,11/01/2025,15/09/2027,active,eth-registry:405372ff,False
did:example:13d3fdbb1754e5a8,did:example:gov_issuer,government,ProofOfResidence,16,2.59,03/10/2025,14/10/2027,active,eth-registry:e144e5a2,False
did:example:b20d9d47d811bb78,did:example:employer1,professional,EmployeeID,10,1.9,08/01/2025,25/11/2026,revoked,eth-registry:3dea5380,False
did:example:dc1fbef5f8965016,did:example:employer1,professional,EmployeeID,12,1.76,02/01/2025,06/03/2027,active,eth-registry:825581f8,False
did:example:d7321f1d44cc1a6c,did:example:university1,academic,StudentID,15,2.18,15/05/2024,23/05/2025,active,eth-registry:070eff0c,True
did:example:48462d6626b4b431,did:example:gov_issuer,government,ProofOfResidence,18,2.4,03/12/2025,31/03/2028,active,eth-registry:b15f10c4,True
did:example:d73e244f2a1566a9,did:example:employer1,professional,EmployeeID,14,1.79,06/05/2025,15/12/2027,active,eth-registry:6ce41d23,False
did:example:da3d5154b4993284,did:example:gov_issuer,government,ProofOfAge,15,2.53,01/08/2024,04/06/2026,revoked,eth-registry:5d5dc3d9,True
did:example:13d7e5c2f17afa9a,did:example:university1,academic,StudentID,15,2.17,05/09/2025,22/12/2027,revoked,eth-registry:7bc10533,True
did:example:286a6dea0ce77058,did:example:university1,academic,StudentID,15,2.26,19/06/2024,23/01/2026,active,eth-registry:e4083a6f,True
did:example:0a2a3f4a1e9acb11,did:example:university1,academic,StudentID,13,2.02,11/03/2024,24/01/2027,active,eth-registry:99c9b806,True
did:example:9d52a13572f68e70,did:example:university1,academic,StudentID,13,2.24,04/05/2025,15/09/2026,revoked,eth-registry:a77b7bb5,True
did:example:9398a7ecdcfd56e3,did:example:university1,academic,StudentID,12,2.02,30/06/2025,08/10/2026,revoked,eth-registry:213da339,True
did:example:34509999dd118b3f,did:example:gov_issuer,government,ProofOfResidence,18,2.52,22/02/2025,09/01/2028,active,eth-registry:31afb279,False
did:example:14ca4148067ffaa2,did:example:gov_issuer,government,ProofOfResidence,15,2.63,05/06/2025,10/06/2027,active,eth-registry:7f7012bc,False
did:example:f386208e6543ace7,did:example:gov_issuer,government,ProofOfAge,15,2.59,02/07/2024,21/04/2026,revoked,eth-registry:94e558b6,False
did:example:9e9bc86a5597d3dd,did:example:university1,academic,StudentID,13,2.25,21/07/2024,09/03/2027,active,eth-registry:ab3a9313,False
did:example:e1c5c453cab18b44,did:example:employer1,professional,EmployeeID,10,1.93,28/09/2024,22/04/2026,revoked,eth-registry:214fdf18,False
did:example:eee4314184d4c631,did:example:gov_issuer,government,ProofOfResidence,18,2.41,31/05/2024,02/01/2026,active,eth-registry:dba12310,False
did:example:57d54c978d34b5d8,did:example:gov_issuer,government,ProofOfResidence,17,2.7,19/06/2024,27/07/2025,revoked,eth-registry:f3c41ea6,True
did:example:d3779ae8abd800c4,did:example:university1,academic,StudentID,12,2.27,04/02/2024,16/02/2026,active,eth-registry:b2290260,False
did:example:961d7f76c16f91ff,did:example:gov_issuer,government,ProofOfAge,14,2.47,22/06/2024,23/12/2026,revoked,eth-registry:2d61835e,True
did:example:cb768f783c00607f,did:example:university1,academic,StudentID,12,1.92,04/02/2025,26/01/2028,active,eth-registry:5b4c0a1f,False
did:example:8045475a0d50489a,did:example:university1,academic,StudentID,15,2.02,25/09/2024,15/10/2026,revoked,eth-registry:05d4c2ec,True
did:example:b598a7fffe8a5d1d,did:example:employer1,professional,EmployeeID,12,1.93,09/11/2024,02/01/2026,revoked,eth-registry:eef4ed36,True
did:example:6b4b8f21813667e6,did:example:employer1,professional,EmployeeID,13,1.98,06/11/2025,25/03/2027,active,eth-registry:6c96f383,False
did:example:482cd802e03f533b,did:example:employer1,professional,EmployeeID,10,1.93,05/01/2024,28/07/2025,active,eth-registry:b049909e,True
did:example:48ab6ddd24b53991,did:example:employer1,professional,EmployeeID,11,1.76,02/09/2025,16/06/2028,active,eth-registry:94877d9e,True
did:example:c13696d4e351abeb,did:example:employer1,professional,EmployeeID,12,1.62,25/01/2024,24/03/2026,active,eth-registry:f5b71bb3,True
did:example:daa8a3e5b2da4485,did:example:employer1,professional,EmployeeID,11,1.81,09/01/2025,22/11/2027,revoked,eth-registry:22880bc8,True
did:example:1988e72266ea09fd,did:example:university1,academic,StudentID,14,2.05,05/04/2024,13/12/2026,active,eth-registry:10ba4ca8,False
did:example:75cff6c7afc65e36,did:example:university1,academic,StudentID,15,1.95,15/12/2024,19/09/2027,active,eth-registry:55f9b9c8,False
did:example:0cc32c7158fc8bdb,did:example:gov_issuer,government,ProofOfAge,15,2.34,15/10/2025,07/05/2027,active,eth-registry:ff17a0d4,False
did:example:502924cc29dafd66,did:example:employer1,professional,EmployeeID,13,1.66,24/01/2024,09/03/2026,active,eth-registry:10b3daf0,True
did:example:b862c9e49693a59e,did:example:university1,academic,StudentID,15,1.98,05/01/2025,18/02/2026,revoked,eth-registry:c95e2f23,True
did:example:d8360348e6f93c13,did:example:employer1,professional,EmployeeID,14,1.9,03/12/2024,01/09/2026,revoked,eth-registry:19be6c61,False
did:example:0b32afabe463b37b,did:example:university1,academic,StudentID,12,2.05,25/11/2024,11/07/2026,revoked,eth-registry:62ecb4ce,True
did:example:6a664eea29b9b41b,did:example:gov_issuer,government,ProofOfAge,14,2.47,31/03/2025,27/07/2026,revoked,eth-registry:48945020,True
did:example:d3d11b583d4ead05,did:example:university1,academic,StudentID,15,2.14,26/08/2024,10/10/2025,revoked,eth-registry:dea8ece9,True
did:example:af8fa627836e076a,did:example:university1,academic,StudentID,15,2.28,23/07/2025,24/04/2027,active,eth-registry:52fbf933,True
did:example:3ed889beab675b92,did:example:university1,academic,StudentID,13,2.2,23/06/2024,13/08/2025,revoked,eth-registry:28ef57f9,False
did:example:e4ec5ca2df2e0106,did:example:university1,academic,StudentID,14,2.16,17/09/2024,08/12/2026,revoked,eth-registry:857edcc8,False
did:example:b2cfa0003010c1cc,did:example:employer1,professional,EmployeeID,12,1.9,08/12/2024,28/06/2026,revoked,eth-registry:32a5b381,True
did:example:d496f2d52c0d9d52,did:example:gov_issuer,government,ProofOfAge,17,2.59,03/11/2025,17/04/2027,active,eth-registry:2731fd2c,True
did:example:e54ea847df39fec3,did:example:employer1,professional,EmployeeID,13,1.88,25/01/2025,15/04/2026,revoked,eth-registry:f7479b11,False
did:example:91e98711cb3c1aad,did:example:university1,academic,StudentID,13,2.1,06/09/2025,11/08/2027,active,eth-registry:5e6d730d,True
did:example:4f069596f93c7226,did:example:university1,academic,StudentID,15,2.13,12/04/2024,13/08/2025,active,eth-registry:3ef2fc3c,False
did:example:167bb9f5c6cc1d06,did:example:employer1,professional,EmployeeID,10,1.78,01/03/2024,23/04/2026,revoked,eth-registry:ca2d8178,False
did:example:4706ba3360e6ff0f,did:example:university1,academic,StudentID,12,2.06,01/01/2025,22/12/2027,active,eth-registry:09e64c58,True
did:example:9153738f2d8ce773,did:example:gov_issuer,government,ProofOfResidence,18,2.41,22/10/2025,08/04/2028,active,eth-registry:d8f36ce2,False
did:example:d9d7294b5e6c0ca4,did:example:university1,academic,StudentID,12,2.04,20/06/2024,12/09/2025,revoked,eth-registry:771c29d6,False
did:example:898f0aca192ab158,did:example:employer1,professional,EmployeeID,14,1.77,11/06/2024,16/08/2025,revoked,eth-registry:fbc14eb3,True
did:example:8fcb0af48c4d2a1f,did:example:employer1,professional,EmployeeID,11,1.83,18/04/2024,17/01/2027,active,eth-registry:18040057,False
did:example:d7496b0797c5eb90,did:example:gov_issuer,government,ProofOfResidence,15,2.5,05/11/2025,30/07/2028,active,eth-registry:d0793083,True
did:example:be4fde43d7bb6643,did:example:university1,academic,StudentID,12,1.94,08/03/2024,28/11/2025,active,eth-registry:5c91679a,True
did:example:613f7a754b08db45,did:example:employer1,professional,EmployeeID,14,1.74,06/04/2025,05/03/2027,revoked,eth-registry:a73ea601,False
did:example:60d05ebc78a6322a,did:example:employer1,professional,EmployeeID,11,1.75,04/10/2024,06/07/2026,active,eth-registry:8f335eb7,True
did:example:5deb12fa9bc6c597,did:example:gov_issuer,government,ProofOfResidence,14,2.58,28/10/2024,27/12/2026,revoked,eth-registry:ffdeb3a7,True
did:example:32779a4d23414907,did:example:employer1,professional,EmployeeID,12,1.73,03/06/2025,02/11/2026,revoked,eth-registry:99a74228,True
did:example:f1aa43ae8906b4f4,did:example:university1,academic,StudentID,12,1.9,15/11/2024,03/10/2027,revoked,eth-registry:1f8847da,False
did:example:41714affac8ebc1d,did:example:university1,academic,StudentID,15,1.93,17/01/2024,07/11/2025,active,eth-registry:68749fdd,True
did:example:75a45171e640fedf,did:example:employer1,professional,EmployeeID,10,1.8,15/02/2025,17/06/2026,active,eth-registry:ffe03baf,False
did:example:a2848345b5f66f37,did:example:employer1,professional,EmployeeID,12,1.68,19/01/2024,26/08/2025,active,eth-registry:8008576b,False
did:example:003903c01b551d02,did:example:gov_issuer,government,ProofOfResidence,15,2.5,08/09/2025,15/06/2028,active,eth-registry:08090d95,False
did:example:b85086b7abd69d54,did:example:university1,academic,StudentID,12,2.13,22/11/2025,21/06/2027,active,eth-registry:d2d59aa5,False
did:example:4da50dd1b18c4bfd,did:example:gov_issuer,government,ProofOfAge,14,2.67,03/09/2025,13/04/2028,active,eth-registry:5d015365,False
did:example:083d85ea75a9a9ec,did:example:university1,academic,StudentID,14,2.16,29/10/2024,11/05/2027,revoked,eth-registry:ca70c71a,True
did:example:9221d85929f18002,did:example:gov_issuer,government,ProofOfResidence,15,2.31,30/10/2024,26/10/2027,active,eth-registry:57dcd517,False
did:example:698e2042ecfce163,did:example:employer1,professional,EmployeeID,10,1.75,03/03/2025,22/06/2026,active,eth-registry:962e7533,True
did:example:c50dcc39571eac1e,did:example:university1,academic,StudentID,12,2.22,12/09/2025,26/06/2027,revoked,eth-registry:f710e2e9,False
did:example:10fa1b4dc2cc9191,did:example:university1,academic,StudentID,15,2.0,04/07/2025,09/03/2028,active,eth-registry:029dc95b,False
did:example:1175df7a49e33ee8,did:example:employer1,professional,EmployeeID,13,1.97,10/12/2024,12/03/2026,active,eth-registry:a307eb1a,True
did:example:000e3e560797fa9f,did:example:employer1,professional,EmployeeID,13,1.81,16/08/2025,10/09/2026,revoked,eth-registry:dc8ac405,False
did:example:d0a64a0c93ad1a2a,did:example:employer1,professional,EmployeeID,14,1.64,01/11/2024,11/11/2025,active,eth-registry:a9fae7b8,False
did:example:1f5466208408910f,did:example:gov_issuer,government,ProofOfAge,14,2.4,16/07/2025,14/09/2026,active,eth-registry:832c5b1a,False
did:example:16a332c84205d952,did:example:university1,academic,StudentID,14,2.26,26/06/2024,26/01/2027,revoked,eth-registry:e9be2ae5,True
did:example:772093ff56795686,did:example:employer1,professional,EmployeeID,13,2.0,27/11/2024,09/08/2026,revoked,eth-registry:98196cc0,False
did:example:f2e2f79ba151a1c7,did:example:university1,academic,StudentID,12,2.25,28/08/2025,05/12/2026,active,eth-registry:27b2f793,False
did:example:1af68f4abfc4e654,did:example:university1,academic,StudentID,14,2.03,29/06/2024,25/11/2026,active,eth-registry:3aa88aaf,False
did:example:1b2692d3b538761e,did:example:employer1,professional,EmployeeID,13,1.91,29/03/2025,07/11/2026,active,eth-registry:8fd8cd3a,True
did:example:19cb0cb16e893465,did:example:employer1,professional,EmployeeID,13,1.69,23/07/2024,01/11/2025,active,eth-registry:9e2c5a61,True
did:example:b7cdc9c6d62ab779,did:example:employer1,professional,EmployeeID,11,1.75,11/11/2024,02/11/2027,active,eth-registry:1ac396d8,False
did:example:3aedfca9a5f6ce8b,did:example:gov_issuer,government,ProofOfAge,17,2.58,25/08/2024,25/10/2026,active,eth-registry:307d3277,False
did:example:549e8a257f346568,did:example:gov_issuer,government,ProofOfAge,17,2.69,29/04/2025,18/03/2027,revoked,eth-registry:bed338ff,False
did:example:cc20d688523248d6,did:example:university1,academic,StudentID,12,2.08,06/07/2025,09/05/2028,revoked,eth-registry:b376b6a9,False
did:example:4e33dffcba8d6cda,did:example:gov_issuer,government,ProofOfResidence,16,2.5,21/09/2025,09/03/2027,active,eth-registry:4378cb62,False
did:example:6babb46a9057e378,did:example:university1,academic,StudentID,14,1.99,17/09/2024,22/11/2026,revoked,eth-registry:ba2e3438,False
did:example:fef44bc093f8afd1,did:example:university1,academic,StudentID,13,2.06,24/05/2024,25/11/2026,revoked,eth-registry:c302760d,False
did:example:0bc2b757e0dacce2,did:example:gov_issuer,government,ProofOfResidence,14,2.33,11/11/2025,15/11/2026,active,eth-registry:2158de85,True
did:example:a2ce1390be50bf7b,did:example:employer1,professional,EmployeeID,10,1.94,13/10/2024,29/04/2026,revoked,eth-registry:5d28e8ca,True
did:example:7c658eb363990958,did:example:employer1,professional,EmployeeID,13,1.61,21/04/2025,30/06/2026,active,eth-registry:f78e0833,False
did:example:fb4010c3c7366957,did:example:university1,academic,StudentID,15,2.17,04/10/2024,27/10/2026,revoked,eth-registry:e7a5dd91,False
did:example:7321fb6dbc7e8eba,did:example:gov_issuer,government,ProofOfAge,16,2.41,01/09/2025,11/01/2028,active,eth-registry:508e1f5e,True
did:example:dd0419d5f323bad9,did:example:employer1,professional,EmployeeID,14,1.79,25/02/2024,19/06/2025,revoked,eth-registry:cc60db3f,True
did:example:d7b0300f8a1ef672,did:example:employer1,professional,EmployeeID,14,1.71,30/01/2024,12/05/2025,active,eth-registry:1bb35d35,True
did:example:3e51008c104edf14,did:example:university1,academic,StudentID,14,2.06,01/09/2024,03/08/2026,active,eth-registry:7b3eb177,False
did:example:8fd0da4a588c7ca5,did:example:university1,academic,StudentID,14,2.12,30/10/2024,16/08/2026,active,eth-registry:b311ba0f,False
did:example:4de7f7904066f093,did:example:employer1,professional,EmployeeID,14,1.86,10/07/2025,27/09/2026,active,eth-registry:457ca130,False
did:example:36bcc3ab51a95573,did:example:gov_issuer,government,ProofOfResidence,17,2.68,09/12/2024,21/04/2027,revoked,eth-registry:b2b76f87,False
did:example:8946f5e9edc203da,did:example:gov_issuer,government,ProofOfResidence,18,2.43,04/07/2024,20/01/2027,revoked,eth-registry:11767bb0,False
did:example:d0cf848878a1e1f8,did:example:university1,academic,StudentID,15,2.13,25/02/2024,03/01/2026,revoked,eth-registry:d85af0e1,True
did:example:f49522fe23804491,did:example:university1,academic,StudentID,12,2.26,15/08/2025,08/05/2027,active,eth-registry:10d1dea3,True
did:example:5bf64cd4dbb5fd8f,did:example:gov_issuer,government,ProofOfAge,17,2.42,07/01/2025,04/05/2026,revoked,eth-registry:540a9b26,False
did:example:bd5390e178e8f3df,did:example:employer1,professional,EmployeeID,13,1.95,29/11/2025,20/07/2027,revoked,eth-registry:b7ce3d02,False
did:example:7a62059b91dc5a84,did:example:university1,academic,StudentID,15,2.28,29/08/2024,03/09/2026,active,eth-registry:af663565,True
did:example:1d65f2676fa64939,did:example:employer1,professional,EmployeeID,11,1.94,12/06/2024,08/06/2027,active,eth-registry:80be85f4,False
did:example:f278f8aa7c507856,did:example:university1,academic,StudentID,15,2.13,17/07/2024,29/11/2025,revoked,eth-registry:e6a39306,False
did:example:76b9da26c7246684,did:example:employer1,professional,EmployeeID,12,1.89,26/10/2024,24/06/2027,revoked,eth-registry:7e0dea65,True
did:example:ade73af8f09144ca,did:example:employer1,professional,EmployeeID,11,1.79,13/04/2024,15/04/2026,active,eth-registry:4d42d0e2,True
did:example:0285a4dc06add7c9,did:example:university1,academic,StudentID,12,2.14,06/04/2024,15/05/2026,active,eth-registry:98ccda92,True
did:example:834600a5c9f2b8a5,did:example:employer1,professional,EmployeeID,11,1.99,02/08/2025,09/03/2027,revoked,eth-registry:869beddc,True
did:example:8684dc31455e472d,did:example:university1,academic,StudentID,15,2.0,20/05/2025,09/04/2028,revoked,eth-registry:8dcf2e5f,True
did:example:e2594810b541bb4e,did:example:gov_issuer,government,ProofOfResidence,17,2.62,01/01/2025,17/02/2026,active,eth-registry:090d863e,True
did:example:c0bab561d24199c4,did:example:employer1,professional,EmployeeID,13,1.8,18/12/2024,21/05/2026,revoked,eth-registry:ca998bc7,False
did:example:39a782218c3dea02,did:example:employer1,professional,EmployeeID,14,1.67,29/12/2024,17/08/2026,revoked,eth-registry:9f8c72d3,False
did:example:9daa50d1ffb14e2b,did:example:gov_issuer,government,ProofOfResidence,15,2.56,06/03/2025,29/04/2027,active,eth-registry:486d3304,False
did:example:674f193d333dd323,did:example:university1,academic,StudentID,14,2.22,27/07/2024,01/06/2026,revoked,eth-registry:491fbaec,False
did:example:ce2d94bb8ca1e85a,did:example:gov_issuer,government,ProofOfAge,15,2.53,23/07/2025,01/06/2028,active,eth-registry:cbcfc3ff,False
did:example:f12e542675f2b883,did:example:employer1,professional,EmployeeID,14,1.93,06/01/2024,19/05/2025,revoked,eth-registry:1d09d213,True
did:example:671ef47184f9b335,did:example:university1,academic,StudentID,13,2.05,21/07/2025,10/09/2027,revoked,eth-registry:f55aeed4,True
did:example:3cfc10ad687be21f,did:example:university1,academic,StudentID,15,2.27,02/08/2025,22/07/2027,revoked,eth-registry:57bc1988,False
did:example:59ad41ff9fa06006,did:example:university1,academic,StudentID,14,2.16,12/01/2025,25/08/2026,revoked,eth-registry:2f316bc9,False
did:example:1219b2a611da4772,did:example:employer1,professional,EmployeeID,13,1.92,03/08/2024,19/08/2025,active,eth-registry:9e447f6c,True
did:example:fd1b53ac04af3651,did:example:gov_issuer,government,ProofOfResidence,18,2.41,06/10/2025,21/05/2028,revoked,eth-registry:02c0e1d3,False
did:example:4c917b2bc6951b2d,did:example:employer1,professional,EmployeeID,13,1.78,21/08/2025,14/01/2027,revoked,eth-registry:231c101a,False
did:example:8c6774d63e4ef12d,did:example:employer1,professional,EmployeeID,11,1.96,12/11/2025,21/02/2027,revoked,eth-registry:c3917d20,True
did:example:920e28b7a592f9ac,did:example:employer1,professional,EmployeeID,12,1.62,12/01/2024,03/03/2026,active,eth-registry:45e1be52,True
did:example:538510e277c8ce82,did:example:employer1,professional,EmployeeID,12,1.76,06/04/2025,26/07/2026,revoked,eth-registry:f7ba9373,False
did:example:9959424b6ecd80ef,did:example:employer1,professional,EmployeeID,10,1.91,06/01/2024,17/04/2026,revoked,eth-registry:43c8459e,False
did:example:9e9599209cc5c83c,did:example:gov_issuer,government,ProofOfResidence,16,2.6,29/01/2024,16/07/2026,revoked,eth-registry:b56cb0b3,True
did:example:1f4ac6aed2414f72,did:example:university1,academic,StudentID,13,2.24,15/02/2024,31/07/2025,revoked,eth-registry:160f419f,False
did:example:f07e30b1b6ff5615,did:example:gov_issuer,government,ProofOfResidence,15,2.6,21/07/2025,09/09/2026,revoked,eth-registry:bc9e2f45,True
did:example:db30df5dee8d6897,did:example:gov_issuer,government,ProofOfAge,14,2.68,15/06/2025,24/08/2026,revoked,eth-registry:484fc317,False
did:example:76f6c9c4aec4da12,did:example:gov_issuer,government,ProofOfAge,16,2.5,13/10/2025,19/11/2026,active,eth-registry:043d0320,False
did:example:df9963701446a796,did:example:employer1,professional,EmployeeID,12,1.85,09/04/2025,29/03/2027,active,eth-registry:34d1bf0e,True
did:example:876c18f3d98cb796,did:example:university1,academic,StudentID,12,2.24,10/02/2025,14/11/2026,active,eth-registry:6c137264,True
did:example:08d74fd2a484597f,did:example:gov_issuer,government,ProofOfResidence,17,2.58,12/05/2024,01/12/2026,revoked,eth-registry:86589295,False
did:example:0d0bf22b6d29600f,did:example:employer1,professional,EmployeeID,10,1.64,26/05/2025,12/03/2027,revoked,eth-registry:6a0edc36,True
did:example:592d571906c597ff,did:example:employer1,professional,EmployeeID,10,1.75,27/10/2025,14/02/2028,revoked,eth-registry:632dfd22,True
did:example:05d0904c56b1da5e,did:example:gov_issuer,government,ProofOfAge,16,2.52,17/09/2024,26/08/2026,active,eth-registry:435c4783,False
did:example:14ffe22a56212a46,did:example:university1,academic,StudentID,13,2.2,24/05/2025,01/04/2027,active,eth-registry:f5e5f2bd,False
did:example:36f60a32c3e2dd1c,did:example:university1,academic,StudentID,15,2.12,02/01/2025,27/06/2027,active,eth-registry:3001dfe8,False
did:example:7f7a643112095792,did:example:university1,academic,StudentID,12,2.21,16/01/2025,22/01/2027,active,eth-registry:9751173b,True
did:example:aeb67bee865d5d66,did:example:university1,academic,StudentID,13,2.24,06/08/2025,25/09/2027,revoked,eth-registry:6ae2f46c,False
did:example:1ffad66dc3506ca0,did:example:university1,academic,StudentID,14,2.01,31/07/2024,25/06/2026,active,eth-registry:6be82ef2,True
did:example:1f7aa68f4214eea5,did:example:employer1,professional,EmployeeID,11,1.85,02/10/2025,06/03/2028,active,eth-registry:cdb8dfc7,True
did:example:845559b41053b8b4,did:example:university1,academic,StudentID,15,2.12,21/12/2025,31/07/2027,revoked,eth-registry:3f9695e1,False
did:example:ea01955f37a0ae0e,did:example:employer1,professional,EmployeeID,13,1.69,25/03/2024,30/04/2025,revoked,eth-registry:56a00e11,False
did:example:fcda5c20693bc05e,did:example:gov_issuer,government,ProofOfAge,18,2.5,08/01/2025,13/11/2026,active,eth-registry:7ac632de,True
did:example:45b623cdb178563c,did:example:university1,academic,StudentID,15,2.12,13/01/2024,30/08/2025,revoked,eth-registry:235415d0,True
did:example:3b37fcfd2ce5294c,did:example:employer1,professional,EmployeeID,10,1.93,04/09/2024,21/06/2027,active,eth-registry:cc57d332,True
did:example:dea1a2a2e01b9b0e,did:example:employer1,professional,EmployeeID,12,1.78,30/09/2024,06/09/2027,revoked,eth-registry:5f66aab9,True
did:example:112628b0eab4143b,did:example:gov_issuer,government,ProofOfAge,17,2.33,30/04/2025,06/10/2026,revoked,eth-registry:74d5537f,False
did:example:cc69ada36ea31fa6,did:example:university1,academic,StudentID,12,2.09,12/10/2024,20/08/2026,revoked,eth-registry:98442916,False
did:example:b2277a9a3988ad5b,did:example:employer1,professional,EmployeeID,12,1.94,21/09/2024,03/08/2026,revoked,eth-registry:4881ffdc,True
did:example:b4366b7da950ead3,did:example:employer1,professional,EmployeeID,13,1.83,19/07/2025,28/12/2026,revoked,eth-registry:cb76dc38,True
did:example:610fbbece695e1ba,did:example:employer1,professional,EmployeeID,13,1.73,08/07/2025,15/07/2026,revoked,eth-registry:526b760c,False
did:example:7b8f06167d8ba047,did:example:university1,academic,StudentID,13,2.27,07/01/2024,01/01/2027,revoked,eth-registry:1d1c9e6f,True
did:example:85d5c9da49ac7c9c,did:example:university1,academic,StudentID,15,1.96,03/09/2024,23/12/2026,active,eth-registry:affa1641,True
did:example:f5a209c694979605,did:example:employer1,professional,EmployeeID,13,1.73,12/07/2025,08/05/2027,revoked,eth-registry:7989b6f9,True
did:example:d23a4333459560de,did:example:university1,academic,StudentID,12,2.07,16/03/2024,28/07/2025,revoked,eth-registry:d604b9c7,False
did:example:53667262aab763e0,did:example:gov_issuer,government,ProofOfResidence,15,2.6,27/01/2025,11/01/2027,revoked,eth-registry:eedb3a97,False
did:example:01651a4f670764ad,did:example:university1,academic,StudentID,15,2.23,25/12/2024,12/07/2026,revoked,eth-registry:86756ae2,True
did:example:1bc5f5ddc927368c,did:example:university1,academic,StudentID,12,1.92,25/05/2025,04/11/2026,active,eth-registry:3e7b16b4,True
did:example:c5cf56d2aafb2756,did:example:employer1,professional,EmployeeID,10,1.92,09/05/2025,08/04/2028,active,eth-registry:666a6374,False
did:example:da425d1dc4f09f75,did:example:university1,academic,StudentID,13,2.19,07/01/2025,01/05/2027,revoked,eth-registry:da09521a,False
did:example:4254bff71fec5741,did:example:gov_issuer,government,ProofOfAge,18,2.66,29/10/2024,11/06/2026,revoked,eth-registry:71f5e5cf,False
did:example:0990560c3856ef61,did:example:university1,academic,StudentID,14,2.26,01/08/2025,30/12/2026,revoked,eth-registry:baec34e1,True
did:example:cf08c1a5120ba5ac,did:example:gov_issuer,government,ProofOfResidence,14,2.61,06/10/2024,21/04/2027,active,eth-registry:e3559d8f,True
did:example:02b913000637ea2f,did:example:employer1,professional,EmployeeID,11,1.68,15/11/2024,03/02/2027,active,eth-registry:fa9ce055,False
did:example:efae036222adccfb,did:example:gov_issuer,government,ProofOfAge,18,2.43,02/11/2024,19/07/2027,revoked,eth-registry:b29f8b88,False
did:example:87c0d1f23f73a50f,did:example:university1,academic,StudentID,12,2.27,09/09/2024,16/03/2027,revoked,eth-registry:1277ce25,False
did:example:a9f4dc1dba199612,did:example:gov_issuer,government,ProofOfAge,16,2.54,05/04/2025,24/01/2027,revoked,eth-registry:0c1a892e,False
did:example:a0ef777ca4501102,did:example:gov_issuer,government,ProofOfAge,16,2.52,10/04/2025,30/07/2027,active,eth-registry:963031bf,True
did:example:1378c1693d833bea,did:example:university1,academic,StudentID,15,2.27,19/10/2025,24/07/2027,active,eth-registry:f5ef9d1b,True
did:example:7445466116dea9fd,did:example:employer1,professional,EmployeeID,13,1.95,20/11/2024,25/01/2026,active,eth-registry:10a1a865,False
did:example:71c9269b794aa52d,did:example:employer1,professional,EmployeeID,14,1.89,09/07/2025,01/08/2026,active,eth-registry:a175b91e,True
did:example:7f5328a95d01080d,did:example:employer1,professional,EmployeeID,10,1.95,09/08/2024,06/10/2025,revoked,eth-registry:afbd3c84,True
did:example:af59fdbd37d4fd67,did:example:employer1,professional,EmployeeID,12,1.65,04/12/2025,06/10/2028,active,eth-registry:063d6880,False
did:example:35f75721e61f6462,did:example:university1,academic,StudentID,14,2.2,29/10/2025,05/07/2028,active,eth-registry:6e5e94a6,False
did:example:0aacd8119abb9ad8,did:example:employer1,professional,EmployeeID,12,1.99,08/03/2025,18/12/2026,active,eth-registry:90b7bd35,True
did:example:15b573ac1e4d092d,did:example:employer1,professional,EmployeeID,13,1.62,12/06/2025,03/04/2028,revoked,eth-registry:62ac06e5,True
did:example:896f2b4c80c2574d,did:example:employer1,professional,EmployeeID,13,1.69,27/02/2025,20/08/2027,revoked,eth-registry:7dc5ee59,False
did:example:5ca8a70db330f008,did:example:university1,academic,StudentID,13,2.22,23/05/2024,30/08/2025,active,eth-registry:2b3505bf,True
did:example:31c7e5db76a8c138,did:example:university1,academic,StudentID,12,2.11,18/11/2025,01/05/2027,revoked,eth-registry:6e285ee2,False
did:example:176f13f4b617a095,did:example:employer1,professional,EmployeeID,14,1.63,25/06/2025,26/03/2027,revoked,eth-registry:f966305e,False
did:example:1180165b5ccbd8fc,did:example:university1,academic,StudentID,15,2.01,02/11/2024,13/06/2027,revoked,eth-registry:bf517993,True
did:example:495832b72fe02a0e,did:example:university1,academic,StudentID,15,2.03,03/07/2024,24/10/2026,active,eth-registry:f1db2442,True
did:example:045c747f832fa290,did:example:university1,academic,StudentID,13,2.03,03/05/2025,14/02/2027,revoked,eth-registry:db0cd07f,False
did:example:d27fa835e27b96fa,did:example:university1,academic,StudentID,13,2.25,11/11/2024,14/07/2027,active,eth-registry:0c6cbfb9,False
did:example:3a51472d1fedf8e3,did:example:employer1,professional,EmployeeID,11,1.86,28/08/2025,22/04/2027,revoked,eth-registry:1c62e65e,True
did:example:8131892082cb4cd7,did:example:university1,academic,StudentID,12,2.19,07/06/2024,02/04/2027,revoked,eth-registry:e4ebb947,True
did:example:c73d1ef07b3403d5,did:example:university1,academic,StudentID,12,1.91,15/01/2025,26/06/2027,revoked,eth-registry:ae88b017,False
did:example:9ee42ce95f670575,did:example:university1,academic,StudentID,13,2.07,23/03/2024,15/08/2026,revoked,eth-registry:c8936491,True
did:example:8d2a1c42868438a2,did:example:employer1,professional,EmployeeID,14,1.73,05/06/2025,08/08/2026,revoked,eth-registry:233bca4f,False
did:example:fa473447cce569bb,did:example:employer1,professional,EmployeeID,11,1.94,18/10/2024,02/02/2026,revoked,eth-registry:f4d6a513,True
did:example:c6694453235bb880,did:example:employer1,professional,EmployeeID,12,1.98,20/05/2024,08/05/2027,active,eth-registry:53197759,True
did:example:041522e5a752cf82,did:example:gov_issuer,government,ProofOfResidence,16,2.47,09/02/2025,24/08/2027,revoked,eth-registry:860a6ca3,True
did:example:2c657a7a55e77b9a,did:example:employer1,professional,EmployeeID,11,1.99,21/02/2025,27/08/2026,revoked,eth-registry:97320d17,False
did:example:693d9b1b96ca0cf2,did:example:employer1,professional,EmployeeID,14,1.61,08/08/2024,27/04/2027,active,eth-registry:a25cbd57,True
did:example:d68dd3c3a1534703,did:example:employer1,professional,EmployeeID,10,1.73,17/11/2025,30/06/2027,active,eth-registry:04af7a6e,False
did:example:58a7a4c17b0873cf,did:example:gov_issuer,government,ProofOfAge,18,2.61,24/02/2024,06/11/2025,active,eth-registry:c0e7ed7f,False
did:example:a879d352809ade12,did:example:university1,academic,StudentID,14,2.04,31/08/2024,10/04/2026,revoked,eth-registry:95dfbefc,True
did:example:c1c01329d8a00e2c,did:example:university1,academic,StudentID,13,2.27,01/07/2024,27/06/2026,revoked,eth-registry:e28f9b9a,False
did:example:6868ef02b1e2afd6,did:example:employer1,professional,EmployeeID,13,1.69,07/11/2025,16/05/2028,revoked,eth-registry:d0a346d8,False
did:example:c5dba6b33f9d46bc,did:example:university1,academic,StudentID,13,2.22,28/06/2024,27/10/2025,revoked,eth-registry:b88f4eeb,True
did:example:e0cd7461ec893d20,did:example:employer1,professional,EmployeeID,14,1.68,10/06/2024,18/05/2027,revoked,eth-registry:66acd1f7,False
did:example:7464c92941c54ac3,did:example:employer1,professional,EmployeeID,10,1.68,07/03/2025,15/10/2026,revoked,eth-registry:6ff9d057,False
did:example:9416c3b00e2a3378,did:example:university1,academic,StudentID,12,2.08,09/07/2024,16/06/2027,revoked,eth-registry:2c577e6a,True
did:example:37381a5a4cbd89e0,did:example:employer1,professional,EmployeeID,12,1.98,25/07/2024,21/04/2027,revoked,eth-registry:34f57e63,False
did:example:a69293df9b90474d,did:example:university1,academic,StudentID,15,2.13,28/06/2024,02/08/2026,active,eth-registry:c1efc8f2,False
did:example:66f9aa918f20be33,did:example:gov_issuer,government,ProofOfAge,14,2.55,25/01/2025,30/03/2026,active,eth-registry:73fbfce1,False
did:example:25ed8c3d558c6275,did:example:gov_issuer,government,ProofOfResidence,17,2.3,01/07/2025,24/08/2027,active,eth-registry:16a1db42,False
did:example:62eee2bddc64332c,did:example:university1,academic,StudentID,15,1.92,09/12/2024,19/06/2027,active,eth-registry:67f2eb85,False
did:example:3488d94c3410df9c,did:example:employer1,professional,EmployeeID,12,1.63,12/10/2025,28/09/2028,active,eth-registry:218f664b,False
did:example:e0fa058205dba124,did:example:employer1,professional,EmployeeID,14,1.93,13/07/2024,22/09/2025,active,eth-registry:9b5e109f,False
did:example:ac016bd00112c719,did:example:gov_issuer,government,ProofOfResidence,17,2.39,09/09/2025,06/03/2028,active,eth-registry:525ecd89,True
did:example:af6d11da0d465d8c,did:example:employer1,professional,EmployeeID,11,1.73,25/06/2025,24/01/2027,active,eth-registry:80653827,False
did:example:8e1947adc090923b,did:example:gov_issuer,government,ProofOfAge,18,2.54,23/02/2024,24/08/2026,revoked,eth-registry:2d5bc7a0,False
did:example:f97cc502f50f6777,did:example:university1,academic,StudentID,14,2.13,03/05/2025,02/07/2027,revoked,eth-registry:14a1e444,False
did:example:7d3831f0a741d619,did:example:employer1,professional,EmployeeID,10,1.76,26/12/2025,19/09/2028,active,eth-registry:a30cab9b,False
did:example:1fe98eb1081535c6,did:example:employer1,professional,EmployeeID,12,1.6,12/05/2025,14/05/2026,revoked,eth-registry:2a280a3f,True
did:example:6c8e591d94fa586c,did:example:university1,academic,StudentID,14,2.08,07/07/2024,11/07/2026,revoked,eth-registry:38d4071f,False
did:example:29856db3a5387d98,did:example:employer1,professional,EmployeeID,14,1.9,12/11/2024,20/03/2027,revoked,eth-registry:a79e6521,True
did:example:65a9906af3033abb,did:example:university1,academic,StudentID,15,1.99,27/09/2025,01/07/2027,revoked,eth-registry:6481c943,False
did:example:02489e2456ab6507,did:example:university1,academic,StudentID,13,2.18,19/08/2024,07/04/2026,active,eth-registry:f470f5ba,True
did:example:a4aeae1544b36a0f,did:example:employer1,professional,EmployeeID,11,1.61,13/12/2024,09/08/2026,active,eth-registry:fa18bfb3,False
did:example:c0fdc9e31fdfe5bc,did:example:university1,academic,StudentID,12,2.26,07/03/2025,05/09/2027,revoked,eth-registry:336576e4,False
did:example:23bb89ebe2a83c78,did:example:gov_issuer,government,ProofOfAge,14,2.68,28/08/2025,26/01/2027,active,eth-registry:3f976737,True
did:example:b6dc231349a3dcf6,did:example:gov_issuer,government,ProofOfResidence,17,2.3,02/12/2025,13/11/2028,revoked,eth-registry:8a52d19b,False
did:example:a3badab3b3284838,did:example:gov_issuer,government,ProofOfAge,18,2.48,30/05/2025,29/10/2026,revoked,eth-registry:e5cd8017,True
did:example:c533e6b8a8c306f9,did:example:employer1,professional,EmployeeID,10,1.77,13/11/2024,13/09/2026,revoked,eth-registry:3c35594c,True
did:example:1bdf473c9f90e7d1,did:example:university1,academic,StudentID,14,2.24,27/10/2024,22/10/2027,revoked,eth-registry:ec39bdb0,False
did:example:fd77d8377f916b62,did:example:employer1,professional,EmployeeID,12,1.82,01/05/2025,22/05/2026,revoked,eth-registry:06b4acc7,True
did:example:36a23a8bafe34c0d,did:example:university1,academic,StudentID,12,2.14,24/02/2024,26/10/2025,revoked,eth-registry:fd37c17b,True
did:example:242b8794ccf62e38,did:example:university1,academic,StudentID,12,1.98,19/11/2024,01/08/2027,revoked,eth-registry:fc5d37d1,False
did:example:658dae58942a2b5c,did:example:university1,academic,StudentID,13,1.93,16/09/2024,05/05/2026,revoked,eth-registry:8aa67b9b,False
did:example:3f7c7d201e187428,did:example:gov_issuer,government,ProofOfAge,17,2.58,12/11/2025,31/05/2027,active,eth-registry:4bfbcfbc,True
did:example:2f9b231fe8e97b9a,did:example:university1,academic,StudentID,13,2.15,17/09/2025,17/09/2026,revoked,eth-registry:d444b601,True
did:example:e1ffe0c098c93c14,did:example:gov_issuer,government,ProofOfAge,18,2.63,12/07/2024,28/10/2025,revoked,eth-registry:9ee501b9,True
did:example:9abf7b979a3dfd45,did:example:university1,academic,StudentID,13,2.24,23/04/2025,13/09/2026,revoked,eth-registry:ea41b901,False
did:example:9662e5562d40c0b6,did:example:university1,academic,StudentID,12,2.15,01/12/2024,04/09/2027,active,eth-registry:c7644939,False
did:example:136e908880f691e5,did:example:university1,academic,StudentID,12,2.12,30/08/2025,03/10/2027,active,eth-registry:19366eab,True
did:example:b3a5b72f9005623c,did:example:gov_issuer,government,ProofOfResidence,16,2.67,26/12/2024,13/06/2026,active,eth-registry:7fb80922,False
did:example:63f7fb6c997a4d83,did:example:employer1,professional,EmployeeID,12,1.92,13/04/2025,25/11/2027,active,eth-registry:697f8bf8,False
did:example:83ef8bc2bed5d551,did:example:gov_issuer,government,ProofOfAge,17,2.65,16/06/2025,01/09/2027,revoked,eth-registry:fe4fd341,False
did:example:d8071ba8064dfff1,did:example:gov_issuer,government,ProofOfAge,16,2.7,24/08/2025,11/04/2027,active,eth-registry:e22478d5,False
did:example:3938cd7ed8761701,did:example:university1,academic,StudentID,12,2.06,11/06/2025,13/12/2026,active,eth-registry:cdc27f73,True
did:example:71bd3259724a6d6a,did:example:employer1,professional,EmployeeID,11,1.89,04/08/2024,12/01/2026,active,eth-registry:c349a877,True
did:example:3aae51e34bd16481,did:example:university1,academic,StudentID,14,2.18,24/06/2025,26/11/2027,revoked,eth-registry:53307035,False
did:example:ea5b01e54982277f,did:example:employer1,professional,EmployeeID,11,1.67,19/08/2024,24/01/2027,revoked,eth-registry:9b7d7d06,True
did:example:ed0fac2f6629eba3,did:example:university1,academic,StudentID,14,2.15,19/06/2025,06/10/2027,active,eth-registry:8ccd41db,True
did:example:52ccbd8ff26a4282,did:example:university1,academic,StudentID,15,2.07,25/11/2025,17/10/2027,revoked,eth-registry:9aa1e1f9,False
did:example:aa1103feec350c40,did:example:university1,academic,StudentID,13,2.08,09/12/2024,16/12/2026,revoked,eth-registry:85d18b85,False
did:example:7a533a9c7a03a622,did:example:gov_issuer,government,ProofOfAge,16,2.37,14/10/2025,31/07/2028,revoked,eth-registry:db9249b0,False
did:example:93eb2a4b3be6b26a,did:example:university1,academic,StudentID,15,2.2,23/04/2024,02/06/2026,active,eth-registry:eb094ade,False
did:example:b7a6cbc0653670e1,did:example:employer1,professional,EmployeeID,11,1.88,06/11/2024,29/01/2027,active,eth-registry:a2991864,True
did:example:8b291b4baa88dda7,did:example:employer1,professional,EmployeeID,12,1.81,28/09/2025,13/03/2027,active,eth-registry:90e8fedd,False
did:example:4adb7e5c978b652d,did:example:gov_issuer,government,ProofOfResidence,15,2.36,17/06/2025,15/05/2027,revoked,eth-registry:29bcf4c4,False
did:example:6dc19685a54e2650,did:example:university1,academic,StudentID,14,2.12,25/08/2024,10/09/2025,revoked,eth-registry:4772e226,True
did:example:f50f2810b2fad005,did:example:employer1,professional,EmployeeID,13,1.64,01/01/2025,04/12/2026,active,eth-registry:827a8a70,False
did:example:33f845929f6961a2,did:example:employer1,professional,EmployeeID,10,1.74,21/03/2024,27/10/2026,active,eth-registry:9566ba6e,True
did:example:caf70490f406f5c3,did:example:employer1,professional,EmployeeID,10,1.75,19/08/2025,22/12/2027,revoked,eth-registry:38b2fb92,True
did:example:f2965a933eed5a55,did:example:gov_issuer,government,ProofOfResidence,14,2.65,04/04/2024,14/01/2027,active,eth-registry:3cd7012f,False
did:example:b5f7b06066a10e3a,did:example:employer1,professional,EmployeeID,10,1.77,16/02/2025,22/10/2026,active,eth-registry:50f88333,True
did:example:e91880d067e1b569,did:example:gov_issuer,government,ProofOfResidence,14,2.54,27/12/2024,18/07/2027,active,eth-registry:19dc7979,True
did:example:90b47e7c035998a8,did:example:employer1,professional,EmployeeID,13,1.95,27/03/2025,13/09/2027,active,eth-registry:faf57c8d,False
did:example:b346a094f8fef5ab,did:example:employer1,professional,EmployeeID,14,1.77,07/11/2024,08/04/2027,revoked,eth-registry:cdb0c4bd,True
did:example:ec51f03846b28ea3,did:example:employer1,professional,EmployeeID,12,1.95,03/03/2024,08/10/2026,active,eth-registry:a7262c5a,False
did:example:b66580acfe8b3b39,did:example:employer1,professional,EmployeeID,14,1.65,30/04/2025,09/04/2027,active,eth-registry:24ed2572,True
did:example:72d97b5dceb0453e,did:example:university1,academic,StudentID,14,2.05,16/10/2025,22/06/2027,revoked,eth-registry:566c47fa,False
did:example:95ad93a6efb523e2,did:example:employer1,professional,EmployeeID,14,1.64,23/03/2025,23/05/2027,active,eth-registry:ab7b2ad6,True
did:example:45afdf1f8f0022b0,did:example:employer1,professional,EmployeeID,13,1.82,01/02/2024,07/11/2025,active,eth-registry:185a171a,True
did:example:144843de65990ffb,did:example:university1,academic,StudentID,12,2.28,19/03/2024,06/08/2026,revoked,eth-registry:1bc66166,True
did:example:fb2615b408beaec5,did:example:gov_issuer,government,ProofOfAge,16,2.56,19/07/2024,12/04/2027,revoked,eth-registry:75a6db82,True
did:example:d763661cc6fea766,did:example:university1,academic,StudentID,14,2.15,04/08/2024,23/08/2025,revoked,eth-registry:e62a972e,False
did:example:00eccdd3105b2d5a,did:example:university1,academic,StudentID,14,2.01,30/03/2024,26/06/2026,revoked,eth-registry:2d4f2aca,True
did:example:a4868c03ec5fdbe2,did:example:gov_issuer,government,ProofOfAge,17,2.67,17/10/2025,22/08/2027,revoked,eth-registry:8a6ad73b,False
did:example:ebf80e51d39ce247,did:example:university1,academic,StudentID,12,2.09,22/06/2025,06/09/2026,revoked,eth-registry:9b60ca0d,True
did:example:1034888d552c3e67,did:example:university1,academic,StudentID,14,2.01,14/07/2025,25/12/2026,revoked,eth-registry:896a14e1,True
did:example:7228edc9b19c6316,did:example:university1,academic,StudentID,15,2.3,05/12/2025,30/07/2028,revoked,eth-registry:140bd71c,True
did:example:fb764dc9682805b7,did:example:university1,academic,StudentID,12,2.07,28/09/2025,21/06/2027,revoked,eth-registry:8ceaa43e,False
did:example:451803168e15049d,did:example:employer1,professional,EmployeeID,12,1.75,05/05/2024,07/07/2025,active,eth-registry:4fb29608,False
did:example:c249ad5b6bee076c,did:example:employer1,professional,EmployeeID,14,1.61,17/01/2024,17/07/2026,revoked,eth-registry:ffcea5c2,True
did:example:a28a8c61ac4daa7d,did:example:employer1,professional,EmployeeID,10,1.67,17/06/2025,07/12/2026,revoked,eth-registry:dbb9fdec,True
did:example:4521ab6311a2a3a0,did:example:gov_issuer,government,ProofOfAge,14,2.62,28/10/2025,20/07/2027,active,eth-registry:9342f6de,False
did:example:68f16752284413b2,did:example:gov_issuer,government,ProofOfResidence,18,2.49,27/05/2025,17/10/2026,revoked,eth-registry:75e438bb,True
did:example:28a89d4d0ea8df0d,did:example:employer1,professional,EmployeeID,10,1.98,21/09/2025,14/03/2028,revoked,eth-registry:96f8dfb4,True
did:example:a79ab33c0e87d9eb,did:example:university1,academic,StudentID,14,1.93,20/03/2025,20/01/2028,revoked,eth-registry:cd971d55,True
did:example:cbe7c15cbfb74eab,did:example:gov_issuer,government,ProofOfResidence,18,2.55,26/11/2024,06/11/2027,active,eth-registry:05dcd710,True
did:example:776fc3731ffa42dd,did:example:university1,academic,StudentID,13,2.19,05/04/2024,29/05/2025,active,eth-registry:1448d7e4,False
did:example:84327997d092995a,did:example:employer1,professional,EmployeeID,12,1.85,07/05/2025,11/03/2028,active,eth-registry:4113fd8e,True
did:example:8868f86247f4df9c,did:example:university1,academic,StudentID,13,2.11,01/08/2024,08/11/2026,active,eth-registry:1ac43eaa,True
did:example:d33e01ebc6fd64f2,did:example:university1,academic,StudentID,13,2.13,17/07/2024,14/03/2027,active,eth-registry:fd26587f,False
did:example:99a78800391b934c,did:example:employer1,professional,EmployeeID,11,1.88,02/10/2025,25/11/2026,active,eth-registry:86ce2ff6,True
did:example:f992e5039fafa851,did:example:employer1,professional,EmployeeID,12,1.95,26/04/2025,09/01/2028,revoked,eth-registry:08f7d65a,False
did:example:ffc46e39f2361a51,did:example:gov_issuer,government,ProofOfAge,18,2.43,21/11/2024,18/07/2026,revoked,eth-registry:bf872ae0,False
did:example:bc85005ed1aa4108,did:example:university1,academic,StudentID,15,2.08,06/08/2025,20/05/2027,revoked,eth-registry:8b507dd3,True
did:example:18f4259e5d922c42,did:example:employer1,professional,EmployeeID,14,1.85,19/06/2025,03/04/2028,revoked,eth-registry:e09f7652,False
did:example:662342b6eb0fcaef,did:example:gov_issuer,government,ProofOfResidence,14,2.43,19/12/2024,06/06/2027,active,eth-registry:764f8068,True
did:example:02aa760538a48262,did:example:gov_issuer,government,ProofOfResidence,15,2.37,15/12/2025,24/12/2027,revoked,eth-registry:ff6e5e2f,False
did:example:bce7e969eb1fd8af,did:example:university1,academic,StudentID,15,2.29,21/01/2024,22/05/2026,active,eth-registry:66590147,False
did:example:03fb42037be6e466,did:example:employer1,professional,EmployeeID,12,1.68,26/12/2024,12/09/2026,active,eth-registry:50b88eb9,True
did:example:ebacb16c78395db2,did:example:university1,academic,StudentID,13,1.99,31/10/2024,19/10/2027,revoked,eth-registry:8a0631ed,True
did:example:59fcd3aefed28525,did:example:university1,academic,StudentID,13,2.15,30/03/2024,20/05/2025,active,eth-registry:4e436538,False
did:example:226db3565f04dcd8,did:example:university1,academic,StudentID,12,1.93,13/06/2025,07/08/2027,revoked,eth-registry:9d22200f,True
did:example:1727887d34e2ade1,did:example:university1,academic,StudentID,13,1.91,14/03/2024,15/04/2025,revoked,eth-registry:758b4cd0,False
did:example:e342e03e21a87eff,did:example:gov_issuer,government,ProofOfResidence,16,2.33,29/05/2025,08/04/2027,active,eth-registry:7e6d1dce,False
did:example:f945104927f5418c,did:example:gov_issuer,government,ProofOfAge,16,2.35,05/07/2025,11/07/2027,revoked,eth-registry:ac6c97ae,True
did:example:80310228130b367d,did:example:employer1,professional,EmployeeID,12,1.77,21/12/2024,25/08/2027,active,eth-registry:0b59be4c,True
did:example:38099ee5c3c54186,did:example:university1,academic,StudentID,13,2.23,27/06/2024,14/05/2027,active,eth-registry:8591d76a,True
did:example:1537cbd7ab33a257,did:example:employer1,professional,EmployeeID,11,1.74,21/12/2025,20/06/2028,revoked,eth-registry:aa4b14f8,True
did:example:5914af7c8bb147ea,did:example:university1,academic,StudentID,15,2.07,30/05/2025,03/05/2028,revoked,eth-registry:86afb3bb,True
did:example:5c446d51ff9f6325,did:example:employer1,professional,EmployeeID,12,1.84,26/03/2024,25/06/2025,revoked,eth-registry:20b0f726,False
did:example:0aae176f9d010410,did:example:university1,academic,StudentID,13,2.02,22/06/2025,11/07/2027,revoked,eth-registry:ba216719,True
did:example:2ee608aba90c248b,did:example:university1,academic,StudentID,14,2.07,25/04/2024,04/07/2026,active,eth-registry:8996f341,True
did:example:21e384bff3f35979,did:example:employer1,professional,EmployeeID,12,1.75,31/03/2025,26/05/2026,active,eth-registry:65db1380,True
did:example:a6ba0f17a729ffaf,did:example:gov_issuer,government,ProofOfResidence,16,2.44,07/07/2024,12/09/2026,revoked,eth-registry:91e67523,False
did:example:7535ab554318efcc,did:example:university1,academic,StudentID,12,2.06,09/04/2025,10/05/2026,revoked,eth-registry:bc1b0a8e,False
did:example:18de5813d4dea0f3,did:example:employer1,professional,EmployeeID,13,1.6,10/08/2025,14/11/2027,active,eth-registry:adb041e0,False
did:example:31e2bd2dfec46a5c,did:example:employer1,professional,EmployeeID,10,1.95,26/07/2025,03/01/2027,active,eth-registry:174606eb,False
did:example:9479c1ec29d280e1,did:example:university1,academic,StudentID,15,2.29,11/07/2025,29/05/2028,active,eth-registry:64c52b44,False
did:example:c8023e435f0139da,did:example:gov_issuer,government,ProofOfAge,16,2.64,31/05/2025,24/01/2027,revoked,eth-registry:b997de97,False
did:example:ca86f716a4a924b1,did:example:university1,academic,StudentID,13,1.9,18/07/2025,01/10/2027,revoked,eth-registry:9036bf39,True
did:example:3018faab4221e7ad,did:example:employer1,professional,EmployeeID,11,1.9,21/10/2025,09/01/2028,revoked,eth-registry:86c0464a,False
did:example:7b5ebbf22a2addf4,did:example:university1,academic,StudentID,13,2.13,05/10/2025,01/07/2028,revoked,eth-registry:c5fad86b,False
did:example:952e1d500173fa87,did:example:gov_issuer,government,ProofOfAge,17,2.34,18/07/2025,21/03/2027,revoked,eth-registry:21a3367e,True
did:example:482c90497419d067,did:example:gov_issuer,government,ProofOfAge,16,2.67,19/11/2024,07/08/2026,active,eth-registry:4f70898e,False
did:example:6a3aab4f69f7d4c7,did:example:gov_issuer,government,ProofOfResidence,14,2.61,02/08/2024,14/12/2026,active,eth-registry:3aabdcb2,False
did:example:7924bea288e9aa88,did:example:university1,academic,StudentID,14,1.96,20/08/2024,30/09/2025,active,eth-registry:4ac669c7,True
did:example:216aef4e80afd7e9,did:example:university1,academic,StudentID,13,2.29,24/03/2025,02/05/2027,revoked,eth-registry:f3576d37,True
did:example:0c28f4f57abe485d,did:example:gov_issuer,government,ProofOfResidence,14,2.35,14/03/2025,13/12/2026,revoked,eth-registry:32e73768,False
did:example:b71c6704719aa8de,did:example:employer1,professional,EmployeeID,14,1.78,08/11/2024,23/10/2027,active,eth-registry:d9d7ac10,True
did:example:495ff3f2dc6679a6,did:example:university1,academic,StudentID,13,1.96,26/10/2024,19/11/2026,active,eth-registry:1f7420cf,False
did:example:4aab76e215d5f0d5,did:example:gov_issuer,government,ProofOfAge,16,2.36,14/06/2025,29/12/2027,revoked,eth-registry:bba6e0ba,True
did:example:2fb272a5fbdb67f9,did:example:university1,academic,StudentID,12,2.29,17/01/2025,18/09/2027,active,eth-registry:016b1ea0,False
did:example:fd3a8c326e32232c,did:example:employer1,professional,EmployeeID,11,1.83,14/01/2024,30/04/2025,revoked,eth-registry:cf0e67d0,False
did:example:e90db9bd48064e1c,did:example:university1,academic,StudentID,13,2.0,12/04/2024,17/07/2026,revoked,eth-registry:abd1cf5f,True
did:example:0601e88eb54652b3,did:example:university1,academic,StudentID,12,2.21,30/08/2024,08/01/2027,active,eth-registry:2fa1ce3d,False
did:example:347522f442c5b136,did:example:employer1,professional,EmployeeID,14,1.95,16/10/2024,04/09/2026,revoked,eth-registry:f2569fe2,True
did:example:9d9ca04e1122231d,did:example:university1,academic,StudentID,13,2.27,19/06/2025,11/11/2026,active,eth-registry:4bb51ce2,False
did:example:1795390cfa2b87ee,did:example:employer1,professional,EmployeeID,12,1.97,11/12/2024,13/11/2026,revoked,eth-registry:adf3ac44,False
did:example:89557f1dc05d4be5,did:example:university1,academic,StudentID,14,2.26,07/11/2024,14/12/2025,revoked,eth-registry:1169c7ff,False
did:example:eea2b13166e3e7e4,did:example:employer1,professional,EmployeeID,12,1.86,04/03/2024,02/03/2027,active,eth-registry:ade7cd81,False
did:example:fe400f77e3fb9b8d,did:example:employer1,professional,EmployeeID,12,1.74,14/02/2024,18/04/2025,active,eth-registry:5013a7be,False
did:example:333b86ad4895001e,did:example:university1,academic,StudentID,14,2.27,27/12/2025,09/04/2027,active,eth-registry:5a6f1c56,True
did:example:fa8dd491b62d2607,did:example:gov_issuer,government,ProofOfAge,14,2.35,21/09/2025,30/12/2026,revoked,eth-registry:48ca61e6,True
did:example:1b7b444928fa9780,did:example:gov_issuer,government,ProofOfResidence,17,2.37,28/01/2024,26/06/2025,active,eth-registry:47da04dc,True
did:example:60786c5ce55b7dea,did:example:university1,academic,StudentID,12,2.07,27/11/2024,10/04/2026,revoked,eth-registry:f026236f,True
did:example:63e16a76375a37ed,did:example:employer1,professional,EmployeeID,12,1.71,03/11/2025,03/02/2028,active,eth-registry:f740748e,False
did:example:82e84435e4745e78,did:example:employer1,professional,EmployeeID,11,1.85,04/06/2025,24/08/2026,active,eth-registry:dc0be2b3,True
did:example:4a9de55ab85e7271,did:example:gov_issuer,government,ProofOfResidence,16,2.66,28/02/2024,24/07/2026,active,eth-registry:dc3ed7e1,True
did:example:067351ac68ff9f5f,did:example:gov_issuer,government,ProofOfAge,14,2.5,09/11/2024,02/09/2026,active,eth-registry:6c747e13,True
did:example:bc9661990c8df91a,did:example:gov_issuer,government,ProofOfAge,17,2.52,20/09/2025,05/07/2027,active,eth-registry:3f7b28ba,False
did:example:6745b06871962522,did:example:university1,academic,StudentID,13,2.07,06/08/2024,13/08/2026,revoked,eth-registry:8caec096,True
did:example:4394f9fcc13f5de9,did:example:employer1,professional,EmployeeID,10,1.88,04/02/2025,27/02/2026,revoked,eth-registry:8d07fc7c,False
did:example:27bd70dc8232cf73,did:example:university1,academic,StudentID,12,1.94,24/08/2024,24/08/2026,revoked,eth-registry:2391ffa4,True
did:example:9cfdd1c69a9d26d9,did:example:gov_issuer,government,ProofOfAge,16,2.32,23/05/2024,08/06/2026,revoked,eth-registry:851a99c8,False
did:example:76e20ab10b289d58,did:example:university1,academic,StudentID,14,2.16,20/09/2025,20/03/2028,revoked,eth-registry:fe68a937,True
did:example:a2761c866d90a628,did:example:university1,academic,StudentID,14,2.11,18/06/2024,01/10/2025,active,eth-registry:43913792,False
did:example:dee245163fb1279f,did:example:gov_issuer,government,ProofOfAge,17,2.46,02/03/2025,08/04/2026,active,eth-registry:58d10f5b,True
did:example:0327e08caea4adb5,did:example:university1,academic,StudentID,15,2.03,14/09/2024,24/10/2025,revoked,eth-registry:817405b8,False
did:example:3146779fc3b48bbb,did:example:employer1,professional,EmployeeID,14,1.62,24/03/2025,22/02/2028,revoked,eth-registry:bf3aa96b,False
did:example:6a23723ad26861a0,did:example:gov_issuer,government,ProofOfResidence,18,2.57,03/08/2025,12/04/2027,revoked,eth-registry:5049cb6b,False
did:example:f640f56d1cd13f4e,did:example:employer1,professional,EmployeeID,14,1.77,07/02/2025,29/07/2026,active,eth-registry:e3a2b6af,True
did:example:5f84204e3f6f2a7f,did:example:gov_issuer,government,ProofOfAge,17,2.48,17/04/2024,25/07/2025,active,eth-registry:839b9aad,True
did:example:bb6e5ff772be1205,did:example:gov_issuer,government,ProofOfResidence,16,2.66,29/07/2024,01/02/2026,active,eth-registry:04501d7e,False
did:example:922b21c6fd18ecfe,did:example:gov_issuer,government,ProofOfResidence,16,2.6,26/06/2024,12/05/2026,active,eth-registry:e90de3a8,True
did:example:842493088fe780d3,did:example:employer1,professional,EmployeeID,13,1.69,18/05/2025,26/04/2028,active,eth-registry:bf33b582,False
did:example:84bdb5d3b98e08f6,did:example:university1,academic,StudentID,12,2.16,21/05/2025,28/11/2027,revoked,eth-registry:8295f6c4,True
did:example:3e9b4eb4df9a873a,did:example:university1,academic,StudentID,14,1.95,14/04/2024,27/12/2026,revoked,eth-registry:54d5eddd,False
did:example:40bf0c8a2349f59f,did:example:university1,academic,StudentID,14,1.98,24/03/2025,27/04/2026,active,eth-registry:068916b7,True
did:example:f7b2995eacbaf3e8,did:example:university1,academic,StudentID,14,2.19,05/12/2024,28/01/2027,revoked,eth-registry:ea2c3f80,False
did:example:21ddb251cbf7191e,did:example:gov_issuer,government,ProofOfResidence,18,2.35,03/11/2024,03/11/2026,active,eth-registry:7c60b12d,True
did:example:8ae9caf4518cd454,did:example:gov_issuer,government,ProofOfResidence,17,2.41,19/09/2025,08/02/2027,revoked,eth-registry:00230605,False
did:example:5da77d108532fa4d,did:example:employer1,professional,EmployeeID,14,1.96,14/02/2024,11/02/2026,revoked,eth-registry:7bfdf4cc,True
did:example:e13c354bd5bf0e06,did:example:university1,academic,StudentID,15,2.2,14/06/2025,15/08/2027,revoked,eth-registry:4a35a31e,True
did:example:b7d338d060e70227,did:example:university1,academic,StudentID,15,2.27,12/02/2025,13/02/2026,active,eth-registry:a8e3a2ec,True
did:example:d302e02dc4bee6c7,did:example:gov_issuer,government,ProofOfAge,15,2.65,07/07/2024,24/06/2027,revoked,eth-registry:891739b3,False
did:example:19c78652dc827db9,did:example:employer1,professional,EmployeeID,10,1.73,16/06/2024,07/12/2026,active,eth-registry:f5049ce2,True
did:example:de9c20fc6e1e3630,did:example:employer1,professional,EmployeeID,11,1.85,29/04/2024,06/03/2027,active,eth-registry:7c258d29,False
did:example:adf7bcfc47f157aa,did:example:university1,academic,StudentID,14,2.05,23/03/2025,27/05/2026,active,eth-registry:2de324b4,False
did:example:b06f76e308ea0dba,did:example:employer1,professional,EmployeeID,14,1.88,23/04/2025,05/06/2026,active,eth-registry:bd7aea56,True
did:example:5328b40fc73c6b0b,did:example:university1,academic,StudentID,15,2.04,19/07/2024,31/05/2027,active,eth-registry:ee812400,False
did:example:b337915ad5a5311b,did:example:university1,academic,StudentID,14,1.9,05/10/2024,17/08/2027,active,eth-registry:1db4c6d1,False
did:example:6055a9a6a9ec0f23,did:example:employer1,professional,EmployeeID,13,1.64,17/12/2025,28/03/2028,active,eth-registry:2ee19063,False
did:example:02106622c1717d47,did:example:university1,academic,StudentID,15,2.21,30/05/2025,23/10/2026,active,eth-registry:7b8c4759,False
did:example:fc519f0758114f97,did:example:gov_issuer,government,ProofOfAge,17,2.33,07/03/2025,03/10/2026,active,eth-registry:a8633615,False
did:example:c1357bdab3b2af9f,did:example:employer1,professional,EmployeeID,10,1.84,28/03/2024,29/10/2026,active,eth-registry:08fe31ec,False
did:example:e25f350e76b89369,did:example:employer1,professional,EmployeeID,12,1.94,21/02/2025,29/12/2027,revoked,eth-registry:611bc3b4,True
did:example:b2d741a3f8562717,did:example:gov_issuer,government,ProofOfResidence,15,2.6,14/10/2024,16/02/2027,revoked,eth-registry:a92a8ebb,False
did:example:b5801a51cb2cfdb5,did:example:university1,academic,StudentID,14,2.07,03/09/2025,22/06/2027,revoked,eth-registry:34158155,False
did:example:18452e981d7fab7c,did:example:employer1,professional,EmployeeID,13,1.68,20/05/2024,10/01/2027,revoked,eth-registry:5c5f395b,True
did:example:efe1436864daef10,did:example:gov_issuer,government,ProofOfResidence,15,2.67,27/12/2025,05/07/2027,active,eth-registry:71fe80b1,True
did:example:6d89d5c824c00312,did:example:employer1,professional,EmployeeID,11,1.83,19/11/2025,21/02/2027,active,eth-registry:03435676,False
did:example:5ef4b37b32a9ac2d,did:example:employer1,professional,EmployeeID,10,1.76,23/07/2025,30/04/2027,active,eth-registry:515755e6,True
did:example:c64fc4f644b1ea4b,did:example:university1,academic,StudentID,13,2.28,31/12/2024,07/12/2026,active,eth-registry:53f090f9,False
did:example:8a8e8a39fc9ced31,did:example:employer1,professional,EmployeeID,14,1.69,10/03/2025,31/05/2027,revoked,eth-registry:55bb0797,False
did:example:1e0a41c4a7c0e08f,did:example:gov_issuer,government,ProofOfResidence,17,2.48,24/10/2025,10/03/2028,revoked,eth-registry:932db4ae,False
did:example:26c2822270b77213,did:example:university1,academic,StudentID,15,1.94,23/09/2025,04/03/2028,active,eth-registry:a71cce7e,True
did:example:0c61954c4c0943f0,did:example:employer1,professional,EmployeeID,14,1.65,14/08/2025,10/01/2027,revoked,eth-registry:cbec18a6,True
did:example:77295df6d623afde,did:example:gov_issuer,government,ProofOfAge,18,2.46,12/05/2024,07/09/2026,active,eth-registry:64ec0391,False
did:example:b31907828e353cc2,did:example:gov_issuer,government,ProofOfResidence,14,2.58,25/10/2024,26/11/2025,active,eth-registry:eb3c6c92,True
did:example:d576a76192fcccd5,did:example:university1,academic,StudentID,13,2.04,12/07/2025,15/05/2028,active,eth-registry:2fa8aeb0,False
did:example:b0cccd1db2941c55,did:example:university1,academic,StudentID,12,2.18,31/03/2024,17/02/2026,active,eth-registry:9529263d,False
did:example:fd664977185ddac6,did:example:university1,academic,StudentID,12,2.22,12/05/2025,09/04/2028,active,eth-registry:f626916e,True
did:example:192a7e72d08aa469,did:example:university1,academic,StudentID,12,2.25,18/09/2024,14/06/2027,revoked,eth-registry:585d2af5,True
did:example:7fbb0b0dd7d3e697,did:example:employer1,professional,EmployeeID,11,1.62,15/02/2025,09/07/2026,active,eth-registry:a4f56f20,False
did:example:fbb628cc8e3a3793,did:example:university1,academic,StudentID,12,2.21,02/11/2025,22/01/2027,active,eth-registry:067126cd,True
did:example:5e11d54521792efe,did:example:gov_issuer,government,ProofOfAge,18,2.36,25/09/2025,23/07/2028,revoked,eth-registry:8e1ca5d0,True
did:example:bd01978cd971cf40,did:example:university1,academic,StudentID,14,2.18,25/09/2024,19/09/2026,active,eth-registry:8ec182fe,True
did:example:e773883c1f570cae,did:example:university1,academic,StudentID,14,2.05,02/06/2025,18/08/2026,revoked,eth-registry:ebbc2acb,False
did:example:6c498e4e104f0d3a,did:example:university1,academic,StudentID,14,2.18,08/01/2024,28/03/2026,revoked,eth-registry:b15d4269,False
did:example:a2ef322245ce4df1,did:example:gov_issuer,government,ProofOfAge,18,2.39,07/06/2025,06/05/2028,revoked,eth-registry:c7cbea9f,True
did:example:9802eb936b589928,did:example:gov_issuer,government,ProofOfResidence,14,2.56,10/04/2024,23/06/2026,revoked,eth-registry:bdc61df1,False
did:example:de1cb31244cc837b,did:example:employer1,professional,EmployeeID,11,1.65,27/10/2025,04/05/2027,active,eth-registry:7f68aee2,False
did:example:447c36ec63c5db70,did:example:employer1,professional,EmployeeID,11,1.67,05/08/2024,08/04/2026,active,eth-registry:c5216b2f,False
did:example:52e93be5a6ba2b65,did:example:employer1,professional,EmployeeID,12,1.85,26/05/2025,06/12/2026,active,eth-registry:3d32a5c4,True
did:example:d329ce3a6be36705,did:example:university1,academic,StudentID,14,2.03,02/05/2025,30/05/2027,active,eth-registry:d8c1e442,True
did:example:6663ab0c933765cb,did:example:university1,academic,StudentID,15,2.18,05/07/2024,09/05/2026,active,eth-registry:4b95e461,False
did:example:d34f7d2723f3059e,did:example:gov_issuer,government,ProofOfAge,16,2.57,04/09/2025,12/05/2027,revoked,eth-registry:f27f5e4d,True
did:example:c5f45ff206dac19e,did:example:university1,academic,StudentID,12,2.15,14/05/2024,23/09/2025,active,eth-registry:63027f7f,False
did:example:65db076dfe857001,did:example:university1,academic,StudentID,14,2.19,20/10/2025,10/11/2026,active,eth-registry:8e10be84,False
did:example:ca59d5f25c359118,did:example:university1,academic,StudentID,15,2.22,10/01/2025,07/09/2027,active,eth-registry:806b8634,True
did:example:b09133973318c3cc,did:example:gov_issuer,government,ProofOfAge,16,2.66,07/12/2024,17/07/2027,revoked,eth-registry:7e1353ee,True
did:example:01e7865094af03da,did:example:employer1,professional,EmployeeID,12,1.63,20/06/2024,19/09/2025,active,eth-registry:1816e35b,True
did:example:d687c2964d70c2b9,did:example:employer1,professional,EmployeeID,10,1.83,07/01/2024,21/06/2025,active,eth-registry:191be489,False
did:example:3b175c3b945aecf1,did:example:employer1,professional,EmployeeID,10,1.9,26/05/2025,12/04/2027,revoked,eth-registry:5431bf4b,True
did:example:ea60fa92027f7587,did:example:gov_issuer,government,ProofOfAge,15,2.39,19/06/2025,28/08/2027,revoked,eth-registry:bcd5f4fe,False
did:example:0539ced0c5b9110b,did:example:employer1,professional,EmployeeID,10,1.71,08/09/2025,02/07/2028,revoked,eth-registry:e44056a9,False
did:example:bc3e5ca8d136d219,did:example:employer1,professional,EmployeeID,12,1.71,05/12/2025,27/04/2028,active,eth-registry:b85ef2a1,False
did:example:735d4ef96dbb4b26,did:example:employer1,professional,EmployeeID,14,1.83,01/08/2024,08/11/2026,revoked,eth-registry:3f3cd73c,False
did:example:a76fcb6d20242ba5,did:example:university1,academic,StudentID,13,2.05,18/02/2025,15/08/2027,active,eth-registry:864a333c,False
did:example:6e737235c51f377d,did:example:university1,academic,StudentID,14,2.17,29/10/2025,15/01/2028,revoked,eth-registry:105cff8f,False
did:example:3dc14c27e50eef6c,did:example:university1,academic,StudentID,15,2.14,18/02/2025,29/12/2027,active,eth-registry:828da0e2,False
did:example:f73c85b682d84e93,did:example:university1,academic,StudentID,15,2.16,29/06/2025,25/06/2028,revoked,eth-registry:c27f28ce,False
did:example:935b5e151bea43b7,did:example:university1,academic,StudentID,14,2.0,05/06/2025,01/05/2027,revoked,eth-registry:77a6c726,True
did:example:f289a050e9d10b46,did:example:university1,academic,StudentID,15,2.21,23/12/2025,08/01/2027,active,eth-registry:4f834dfd,True
did:example:823b29ecfe0896da,did:example:employer1,professional,EmployeeID,11,1.87,05/09/2024,01/09/2027,active,eth-registry:df012ac1,True
did:example:b7f7e365890e3a0e,did:example:university1,academic,StudentID,13,1.95,25/05/2024,13/01/2026,active,eth-registry:7e68f27e,False
did:example:e6ef22e1d8e84b75,did:example:university1,academic,StudentID,13,1.98,31/10/2025,14/05/2027,active,eth-registry:1e11ed64,False
did:example:0f0003d7b64b3f58,did:example:university1,academic,StudentID,15,2.02,03/12/2024,04/03/2026,active,eth-registry:a795e426,True
did:example:036502561a40f361,did:example:employer1,professional,EmployeeID,12,1.97,21/05/2024,29/11/2026,active,eth-registry:22c0164b,True
did:example:20f2f8534697c0bb,did:example:employer1,professional,EmployeeID,14,1.73,13/04/2025,25/08/2026,revoked,eth-registry:f7ba90aa,False
did:example:81b4fee8f6f217ef,did:example:gov_issuer,government,ProofOfAge,14,2.31,14/09/2025,19/08/2028,active,eth-registry:374e8d24,False
did:example:6740155776436070,did:example:university1,academic,StudentID,12,1.96,11/07/2025,15/12/2026,active,eth-registry:f7396d04,False
did:example:c78c2e2a2d12f999,did:example:gov_issuer,government,ProofOfResidence,17,2.31,02/09/2024,24/10/2025,revoked,eth-registry:f2f0af8b,False
did:example:a62c6cc09bfe6d94,did:example:employer1,professional,EmployeeID,13,1.76,28/10/2025,29/01/2028,revoked,eth-registry:c5b59133,False
did:example:728bcbd5bf5d4270,did:example:university1,academic,StudentID,14,2.22,30/01/2024,28/06/2025,revoked,eth-registry:c5df5aa7,False
did:example:692a2163604425d5,did:example:employer1,professional,EmployeeID,11,1.78,13/10/2025,29/04/2027,revoked,eth-registry:b7f65886,False
did:example:b615c71d1711bce4,did:example:employer1,professional,EmployeeID,10,1.94,13/05/2024,28/07/2025,revoked,eth-registry:b55f5ca2,False
did:example:1b9e28dfd6000b31,did:example:employer1,professional,EmployeeID,11,1.62,21/06/2024,19/10/2026,revoked,eth-registry:016dc7b2,False
did:example:b5cbe5ef6e8a7049,did:example:university1,academic,StudentID,13,2.09,17/08/2024,24/01/2026,active,eth-registry:05cf483b,False
did:example:d5fc4fc29af1dc42,did:example:university1,academic,StudentID,13,2.21,04/11/2024,27/04/2027,active,eth-registry:e21e669b,False
did:example:6d616f0c1dda451e,did:example:university1,academic,StudentID,15,2.17,04/02/2024,11/08/2025,revoked,eth-registry:efcd0e4c,False
did:example:c154b2ea3e9800d7,did:example:university1,academic,StudentID,15,2.24,09/06/2025,29/03/2027,revoked,eth-registry:5f8df14e,False
did:example:05ec861e525e86bd,did:example:employer1,professional,EmployeeID,13,1.71,05/04/2024,30/03/2026,revoked,eth-registry:264e5913,True
did:example:fc0e4f6bb5d97b96,did:example:gov_issuer,government,ProofOfResidence,14,2.5,06/04/2024,03/05/2026,active,eth-registry:dca00c89,False
did:example:212d26cf3602cdbe,did:example:university1,academic,StudentID,12,2.17,04/01/2024,31/08/2026,revoked,eth-registry:c44f068a,False
did:example:7ead066fa2ed9539,did:example:employer1,professional,EmployeeID,12,1.67,02/12/2025,08/03/2027,revoked,eth-registry:c7bc2a9e,True
did:example:e901eaff96e405d1,did:example:employer1,professional,EmployeeID,13,1.93,05/02/2024,20/07/2025,active,eth-registry:7b065faa,False
did:example:a52d075b344ce9d6,did:example:university1,academic,StudentID,14,2.02,30/06/2025,01/01/2028,revoked,eth-registry:f333810e,True
did:example:86d868da86b63bf4,did:example:university1,academic,StudentID,13,1.94,08/04/2025,24/12/2027,revoked,eth-registry:c93ea8db,False
did:example:b0ec0be84b4bce9b,did:example:employer1,professional,EmployeeID,10,1.91,28/08/2025,30/06/2027,active,eth-registry:5a791bed,True
did:example:5f90af16bc8d96bc,did:example:employer1,professional,EmployeeID,11,1.88,25/11/2024,29/11/2025,active,eth-registry:0b16a937,True
did:example:d8124d58fb1f5fb7,did:example:university1,academic,StudentID,15,2.25,25/10/2025,26/06/2028,revoked,eth-registry:3d56bbd9,False
did:example:c1a363259e3d3cf2,did:example:university1,academic,StudentID,15,2.26,10/12/2024,02/03/2027,revoked,eth-registry:7325e653,True
did:example:1392d1c39a8f7436,did:example:university1,academic,StudentID,15,2.01,10/05/2024,29/05/2026,active,eth-registry:0c7f2f11,False
did:example:41fe647348ae515b,did:example:employer1,professional,EmployeeID,12,1.86,21/10/2025,01/08/2027,revoked,eth-registry:ec0087fd,True
did:example:13f644bfb28288d7,did:example:university1,academic,StudentID,12,2.3,04/11/2024,28/03/2027,revoked,eth-registry:11be1c0b,True
did:example:2e399771a170e0b7,did:example:university1,academic,StudentID,15,2.0,05/01/2024,02/08/2025,revoked,eth-registry:e3779173,True
did:example:f73deeec9d9ad7ac,did:example:gov_issuer,government,ProofOfResidence,14,2.49,21/04/2025,08/01/2027,active,eth-registry:427df9c7,True
did:example:ba73e4df4a641282,did:example:gov_issuer,government,ProofOfAge,15,2.66,22/08/2024,07/03/2027,active,eth-registry:21b560dd,False
did:example:840a9f8d5dc615c4,did:example:employer1,professional,EmployeeID,14,1.64,24/08/2025,22/05/2027,active,eth-registry:65e759ac,False
did:example:bddd276f11229752,did:example:gov_issuer,government,ProofOfResidence,16,2.67,22/04/2024,14/03/2027,revoked,eth-registry:60ba6065,False
did:example:b6006e45c0481ccd,did:example:university1,academic,StudentID,12,2.1,23/06/2025,08/05/2027,active,eth-registry:d739aa50,True
did:example:4657c3d721dc3be9,did:example:gov_issuer,government,ProofOfResidence,16,2.66,29/08/2025,14/10/2027,active,eth-registry:fd30b844,True
did:example:71230a0f0103c5dd,did:example:university1,academic,StudentID,12,2.15,29/03/2024,06/07/2026,revoked,eth-registry:f4985ae9,True
did:example:3e4f1de315590e22,did:example:gov_issuer,government,ProofOfAge,15,2.57,03/03/2025,26/07/2027,active,eth-registry:df3d8327,True
did:example:1f697cf07533e859,did:example:university1,academic,StudentID,15,2.21,16/04/2025,21/04/2027,active,eth-registry:e68573c8,True
did:example:7fb42e825ca150f5,did:example:university1,academic,StudentID,13,1.93,04/11/2025,27/07/2027,revoked,eth-registry:46f1b783,False
did:example:4d363697a3ed55cf,did:example:employer1,professional,EmployeeID,14,1.85,02/08/2024,12/03/2027,active,eth-registry:c1ce6aac,True
did:example:a58b4c54492c08b9,did:example:university1,academic,StudentID,14,2.27,21/12/2024,28/05/2027,revoked,eth-registry:4821c2ac,True
did:example:33f39ce286c58f79,did:example:university1,academic,StudentID,14,2.28,24/10/2024,03/12/2025,active,eth-registry:ea91a4c8,False
did:example:8238b33fb6e8747e,did:example:employer1,professional,EmployeeID,13,1.99,30/09/2024,31/12/2026,active,eth-registry:3013e2dd,True
did:example:8694566f25c990b8,did:example:university1,academic,StudentID,14,2.16,27/12/2025,15/10/2028,active,eth-registry:0db7c6f8,True
did:example:b39ed820e76e1f93,did:example:university1,academic,StudentID,12,2.15,24/04/2025,07/06/2027,revoked,eth-registry:e3ba3a73,True
did:example:e4c4f22496839cdf,did:example:university1,academic,StudentID,15,2.12,24/04/2024,01/03/2027,revoked,eth-registry:5d448728,False
did:example:316158b77e0d2617,did:example:employer1,professional,EmployeeID,12,1.84,23/09/2025,05/07/2027,revoked,eth-registry:55dff8af,True
did:example:079fde67de5a805d,did:example:gov_issuer,government,ProofOfResidence,17,2.54,17/03/2024,11/09/2025,active,eth-registry:3be427c0,True
did:example:5d293b725fe65ddc,did:example:employer1,professional,EmployeeID,12,1.62,02/10/2025,01/10/2027,active,eth-registry:078bb55f,True
did:example:bc822c4668becc14,did:example:gov_issuer,government,ProofOfResidence,17,2.34,26/10/2024,07/01/2026,revoked,eth-registry:410925e6,False
did:example:ef9a19d255252221,did:example:gov_issuer,government,ProofOfResidence,15,2.55,09/05/2025,25/06/2026,active,eth-registry:50ef4cf0,True
did:example:4bdf9b1820a8812c,did:example:employer1,professional,EmployeeID,14,1.73,23/09/2025,15/11/2027,active,eth-registry:4fea4a77,True
did:example:0d461e8933a060f9,did:example:gov_issuer,government,ProofOfResidence,15,2.42,29/09/2025,20/10/2026,revoked,eth-registry:bae51d02,False
did:example:c609d377e4e9e5bf,did:example:gov_issuer,government,ProofOfResidence,17,2.38,28/04/2024,13/06/2025,active,eth-registry:fcc68baa,False
did:example:720f4619d6b7b3b6,did:example:employer1,professional,EmployeeID,12,1.92,23/10/2024,20/09/2026,active,eth-registry:88deb0b5,False
did:example:c184c33702319138,did:example:university1,academic,StudentID,14,2.29,28/02/2024,13/08/2025,revoked,eth-registry:b344e2b7,True
did:example:67d039cbc6f26450,did:example:employer1,professional,EmployeeID,10,1.85,15/04/2025,24/08/2026,active,eth-registry:911f4824,False
did:example:749925def61b5532,did:example:university1,academic,StudentID,13,2.28,02/11/2024,08/11/2026,active,eth-registry:fc28334f,True
did:example:f11ad649d9516c5a,did:example:employer1,professional,EmployeeID,10,1.95,30/12/2025,26/08/2027,revoked,eth-registry:936ed668,True
did:example:bb693d772b9214fb,did:example:gov_issuer,government,ProofOfResidence,16,2.39,07/04/2025,29/06/2027,active,eth-registry:dbb45c89,True
did:example:3f367c375cdcc5d5,did:example:employer1,professional,EmployeeID,13,1.66,16/11/2024,23/09/2026,active,eth-registry:fb9afe3a,False
did:example:f6fc9c45f5738c5a,did:example:university1,academic,StudentID,14,1.98,23/04/2024,12/09/2025,active,eth-registry:c667c39a,True
did:example:5801351cce255fb3,did:example:university1,academic,StudentID,15,1.94,29/07/2024,25/12/2026,active,eth-registry:db373b76,False
did:example:3d6ec196758e3c9f,did:example:employer1,professional,EmployeeID,11,1.83,11/08/2025,22/06/2028,revoked,eth-registry:a199a366,True
did:example:721243b7a1721f66,did:example:university1,academic,StudentID,13,2.01,14/04/2024,27/09/2026,active,eth-registry:2cae27c8,True
did:example:de78bb21ec6328d8,did:example:university1,academic,StudentID,13,2.27,10/09/2025,20/01/2027,active,eth-registry:3b915f58,False
did:example:14e410a60f2ab3cf,did:example:gov_issuer,government,ProofOfResidence,15,2.55,16/03/2025,27/04/2027,active,eth-registry:5df4d3bc,True
did:example:360103ea650a3ac7,did:example:university1,academic,StudentID,15,2.04,17/01/2025,09/05/2026,active,eth-registry:96db3372,True
did:example:81a1ac81b0a77de4,did:example:gov_issuer,government,ProofOfResidence,18,2.69,14/12/2024,02/01/2026,active,eth-registry:fa6887a5,False
did:example:c4f2d1e1f4b055af,did:example:university1,academic,StudentID,13,2.28,23/01/2024,20/05/2025,active,eth-registry:510233de,False
did:example:be323107a8974719,did:example:university1,academic,StudentID,15,2.21,14/06/2024,26/01/2027,revoked,eth-registry:e6bb3314,False
did:example:ba249fd2d8e3f84e,did:example:employer1,professional,EmployeeID,10,1.92,12/01/2025,22/11/2027,active,eth-registry:a3c6cbfd,True
did:example:9f19e6243e846822,did:example:university1,academic,StudentID,12,2.29,20/12/2024,01/03/2027,revoked,eth-registry:e65dbb96,True
did:example:d3d25f820692c5ee,did:example:employer1,professional,EmployeeID,11,1.84,05/06/2024,09/03/2027,active,eth-registry:aecc2c7c,True
did:example:11053bce0943eace,did:example:university1,academic,StudentID,13,2.25,09/08/2025,04/06/2027,active,eth-registry:a8c4db7b,True
did:example:6e66ee9bde33c802,did:example:university1,academic,StudentID,12,1.93,22/11/2024,16/12/2025,active,eth-registry:9eed3885,False
did:example:0b9d05309694070c,did:example:employer1,professional,EmployeeID,12,1.82,10/10/2024,01/08/2027,revoked,eth-registry:4f61e63a,True
did:example:6cfd18640c4f2cd2,did:example:gov_issuer,government,ProofOfAge,17,2.5,09/07/2025,22/12/2027,revoked,eth-registry:b344361c,True
did:example:f5b3a77e2f32aedb,did:example:employer1,professional,EmployeeID,12,1.62,18/04/2024,12/08/2026,revoked,eth-registry:b5286614,True
did:example:4c9a8fea5aee3004,did:example:gov_issuer,government,ProofOfResidence,16,2.33,09/02/2024,02/04/2025,active,eth-registry:68ae6f72,True
did:example:326ae2d1d88bf013,did:example:university1,academic,StudentID,12,1.91,23/08/2024,27/07/2027,active,eth-registry:361ca600,True
did:example:085c5550186498fa,did:example:university1,academic,StudentID,13,2.02,01/01/2024,24/02/2025,active,eth-registry:b861f4d3,True
did:example:ccb5896c32e58b94,did:example:gov_issuer,government,ProofOfResidence,18,2.32,28/09/2024,09/10/2025,revoked,eth-registry:3e025b38,True
did:example:c91f7c1520179372,did:example:university1,academic,StudentID,15,2.07,07/04/2024,01/06/2025,revoked,eth-registry:bee349d8,True
did:example:4d489185cc98ece3,did:example:university1,academic,StudentID,12,2.23,27/04/2025,14/03/2028,active,eth-registry:fcf66d70,False
did:example:148340052d1ea245,did:example:employer1,professional,EmployeeID,10,1.85,03/02/2024,01/10/2026,active,eth-registry:bc43129d,False
did:example:7bb55b91fcb2c4a7,did:example:university1,academic,StudentID,15,2.17,30/05/2024,20/08/2025,active,eth-registry:73555eee,False
did:example:ec8ca233fcaeb6ee,did:example:employer1,professional,EmployeeID,10,1.61,09/07/2024,17/05/2026,revoked,eth-registry:816b8a58,True
did:example:75ade4cdb38b0c6a,did:example:university1,academic,StudentID,14,2.24,11/03/2025,01/04/2027,revoked,eth-registry:5a75cace,True
did:example:abc163ef08e0c223,did:example:employer1,professional,EmployeeID,14,1.66,22/10/2024,03/12/2026,active,eth-registry:9dc86bab,False
did:example:a0ad86f691fd6749,did:example:employer1,professional,EmployeeID,13,1.72,15/07/2025,09/12/2026,revoked,eth-registry:42dfb170,True
did:example:c36f450caa01ff5b,did:example:gov_issuer,government,ProofOfAge,16,2.51,23/07/2025,14/08/2026,active,eth-registry:9fd53c74,False
did:example:3ecf2b4156ff54a5,did:example:gov_issuer,government,ProofOfResidence,15,2.67,08/10/2024,30/10/2025,revoked,eth-registry:aa91de08,True
did:example:09252e5bed79be3f,did:example:university1,academic,StudentID,15,2.3,23/01/2024,11/11/2026,revoked,eth-registry:d5294d74,False
did:example:361b240ad00d4cf2,did:example:employer1,professional,EmployeeID,13,1.91,02/12/2025,29/02/2028,revoked,eth-registry:7a8bfd02,False
did:example:abd7be19e9f7ff77,did:example:gov_issuer,government,ProofOfResidence,18,2.59,13/09/2024,31/08/2027,active,eth-registry:1d11f99d,True
did:example:b8d0ec661f0d06a1,did:example:university1,academic,StudentID,14,2.11,28/01/2025,18/10/2027,revoked,eth-registry:b3844730,True
did:example:6acf8e127708c196,did:example:university1,academic,StudentID,15,2.17,10/11/2025,30/04/2027,active,eth-registry:c2df1c4a,False
did:example:f1fdcf6a9cd3bedb,did:example:university1,academic,StudentID,15,1.96,21/04/2025,25/06/2026,revoked,eth-registry:f9c1fcbd,False
did:example:bda2c0f35a9e35bc,did:example:employer1,professional,EmployeeID,10,1.71,25/02/2025,19/06/2027,revoked,eth-registry:bd97a570,False
did:example:f0e01274a5959e70,did:example:employer1,professional,EmployeeID,11,1.99,05/09/2024,16/02/2026,active,eth-registry:04e69e8b,False
did:example:3227f1aa5ee06976,did:example:gov_issuer,government,ProofOfResidence,17,2.69,27/08/2025,05/01/2028,active,eth-registry:323420b8,True
did:example:c701640a693faf30,did:example:employer1,professional,EmployeeID,10,1.73,22/05/2024,29/04/2027,revoked,eth-registry:747d0699,False
did:example:eacd673f17c70066,did:example:employer1,professional,EmployeeID,13,1.7,19/12/2024,25/11/2027,active,eth-registry:3307fc86,False
did:example:9e40b322d1eece84,did:example:university1,academic,StudentID,13,1.99,12/09/2024,14/03/2026,revoked,eth-registry:1af0a13a,False
did:example:45df0e131da6081c,did:example:gov_issuer,government,ProofOfResidence,15,2.49,12/03/2024,28/02/2026,active,eth-registry:bc1b6bd1,True
did:example:4d55fbee2ce0095d,did:example:university1,academic,StudentID,14,1.99,21/07/2024,19/12/2026,revoked,eth-registry:de505080,False
did:example:b382b36576e0b23e,did:example:university1,academic,StudentID,15,2.16,16/05/2024,05/11/2025,active,eth-registry:41272354,True
did:example:48b818ef417c04be,did:example:university1,academic,StudentID,15,1.93,07/03/2024,22/04/2026,active,eth-registry:63fbe9e0,False
did:example:572a337bbfc93e1e,did:example:employer1,professional,EmployeeID,12,1.64,08/07/2025,28/03/2027,active,eth-registry:ef0a765d,False
did:example:dc95f57275b742ff,did:example:gov_issuer,government,ProofOfAge,14,2.41,03/06/2025,27/07/2027,revoked,eth-registry:d1c5ea55,True
did:example:df6ad64b0f518ccc,did:example:employer1,professional,EmployeeID,14,1.91,23/09/2025,03/01/2028,active,eth-registry:75e723a8,True
did:example:63b2c3b04d0569ad,did:example:employer1,professional,EmployeeID,14,1.73,23/01/2024,24/10/2026,revoked,eth-registry:ffdc62ec,True
did:example:0b334a9f332e357e,did:example:employer1,professional,EmployeeID,13,1.79,07/12/2024,17/11/2026,revoked,eth-registry:a3e19db6,True
did:example:14dff08dfa0dc842,did:example:gov_issuer,government,ProofOfResidence,17,2.56,27/04/2025,22/11/2026,revoked,eth-registry:8f39dbb3,True
did:example:4df7f2973586843d,did:example:gov_issuer,government,ProofOfResidence,16,2.62,25/12/2024,21/02/2026,active,eth-registry:dedbd74f,True
did:example:08f58823a87411aa,did:example:university1,academic,StudentID,12,2.02,19/01/2024,13/06/2026,active,eth-registry:6c5dcd2f,False
did:example:6cb323f04ac73cee,did:example:employer1,professional,EmployeeID,10,1.89,25/11/2024,08/07/2027,active,eth-registry:0fe79d88,False
did:example:9ac1a400f087175d,did:example:employer1,professional,EmployeeID,10,1.71,31/03/2024,25/01/2026,active,eth-registry:7dd817dd,False
did:example:573951f809210311,did:example:employer1,professional,EmployeeID,14,1.86,14/01/2024,06/10/2026,active,eth-registry:964b10a5,False
did:example:ea7176e055c1a9e9,did:example:gov_issuer,government,ProofOfAge,14,2.48,18/06/2025,30/05/2027,active,eth-registry:1fc8eea2,True
did:example:3a89a42a211e60e1,did:example:employer1,professional,EmployeeID,12,1.97,10/03/2024,22/02/2026,active,eth-registry:d7e00a16,False
did:example:93260995540dbf45,did:example:employer1,professional,EmployeeID,11,1.99,06/08/2024,08/09/2025,active,eth-registry:27ed35f8,True
did:example:4be583a8adaeb47d,did:example:employer1,professional,EmployeeID,10,1.91,26/12/2025,12/01/2028,revoked,eth-registry:fc19a7c3,True
did:example:cf2b06dd8a8d62a1,did:example:employer1,professional,EmployeeID,14,1.97,24/11/2025,01/02/2028,revoked,eth-registry:3214016b,True
did:example:ab7563113c02ad70,did:example:employer1,professional,EmployeeID,10,1.65,31/01/2024,24/01/2026,revoked,eth-registry:96db8cbc,False
did:example:0795900bc93cfd28,did:example:university1,academic,StudentID,15,2.16,20/10/2024,17/11/2026,active,eth-registry:4790d684,True
did:example:12e99c463c615ba6,did:example:gov_issuer,government,ProofOfResidence,17,2.38,12/09/2024,04/10/2026,revoked,eth-registry:58230d54,True
did:example:08bd8e792b338526,did:example:university1,academic,StudentID,15,2.01,30/03/2025,23/08/2027,active,eth-registry:87ac25a4,False
did:example:1b5ce1f538d28da8,did:example:university1,academic,StudentID,12,2.11,19/05/2025,02/08/2026,revoked,eth-registry:ac820012,False
did:example:3e0ca746b0008abb,did:example:gov_issuer,government,ProofOfAge,18,2.6,24/02/2024,17/03/2026,active,eth-registry:02c0a42b,False
did:example:5d665886e97b185f,did:example:university1,academic,StudentID,14,2.19,06/11/2024,18/09/2026,revoked,eth-registry:e08d171a,True
did:example:5f6555552c1c46b0,did:example:university1,academic,StudentID,13,2.25,23/07/2024,02/04/2026,active,eth-registry:682c2e33,True
did:example:1aa26fe32e6e459a,did:example:gov_issuer,government,ProofOfAge,17,2.52,19/12/2025,11/11/2027,active,eth-registry:3ba33860,True
did:example:c88b35051625ca4e,did:example:employer1,professional,EmployeeID,11,1.97,01/08/2024,10/12/2026,active,eth-registry:444eaea2,True
did:example:0d98b9f906755dd8,did:example:employer1,professional,EmployeeID,11,1.96,24/01/2024,22/01/2027,revoked,eth-registry:abf87623,False
did:example:1f2c16bcc0154f92,did:example:university1,academic,StudentID,13,2.24,01/04/2025,09/09/2026,revoked,eth-registry:183ca996,True
did:example:63e485f87a8e1805,did:example:employer1,professional,EmployeeID,12,1.69,01/10/2025,05/11/2026,active,eth-registry:ceec4b63,True
did:example:b606df6b42209b5e,did:example:gov_issuer,government,ProofOfResidence,17,2.51,23/08/2025,05/05/2027,revoked,eth-registry:34a679b0,True
did:example:19733d8a8abbc811,did:example:employer1,professional,EmployeeID,11,1.89,08/04/2024,22/11/2025,revoked,eth-registry:dc04fde4,False
did:example:c2071e5dca155c1a,did:example:university1,academic,StudentID,12,2.29,26/06/2025,15/08/2026,active,eth-registry:497172cd,True
did:example:ee8c6ea0e03d3592,did:example:employer1,professional,EmployeeID,14,1.6,29/05/2024,26/05/2026,active,eth-registry:c6fc7d28,True
did:example:c8c51ee19118d018,did:example:employer1,professional,EmployeeID,12,1.73,15/04/2024,28/04/2026,revoked,eth-registry:a48c8249,True
did:example:72f78f12c00b733d,did:example:employer1,professional,EmployeeID,14,1.74,21/01/2025,02/10/2027,revoked,eth-registry:f8b6527b,False
did:example:2efd9224b523e7fd,did:example:university1,academic,StudentID,13,2.02,11/08/2025,03/01/2028,revoked,eth-registry:befd5496,False
did:example:ad683dd5ef99709e,did:example:employer1,professional,EmployeeID,11,1.93,29/09/2025,01/09/2027,active,eth-registry:fb81a8ed,False
did:example:e2f07233d9243d2d,did:example:gov_issuer,government,ProofOfResidence,15,2.32,28/03/2025,21/07/2027,revoked,eth-registry:04b14c8a,False
did:example:e8e9294a14351a33,did:example:employer1,professional,EmployeeID,12,1.74,29/10/2024,29/05/2026,revoked,eth-registry:8e12e5d4,False
did:example:0add1bd465219c13,did:example:gov_issuer,government,ProofOfResidence,17,2.58,04/03/2025,26/06/2026,revoked,eth-registry:31489ccc,True
did:example:4079d2928a46967c,did:example:gov_issuer,government,ProofOfAge,16,2.46,02/08/2024,28/08/2026,revoked,eth-registry:5d1c3508,False
did:example:dd0a0ad133bf08c0,did:example:university1,academic,StudentID,13,1.96,08/04/2024,06/04/2026,revoked,eth-registry:38877888,True
did:example:3464b757e5429b8a,did:example:employer1,professional,EmployeeID,14,1.84,20/10/2024,25/05/2026,revoked,eth-registry:8cc2aba1,False
did:example:90ae3afad4bf9a03,did:example:university1,academic,StudentID,14,2.11,03/05/2024,19/02/2027,revoked,eth-registry:4bd58a4b,False
did:example:8252b04ab1464782,did:example:employer1,professional,EmployeeID,11,1.99,09/03/2024,13/04/2026,revoked,eth-registry:f668b158,False
did:example:53b2479a2270ff3d,did:example:university1,academic,StudentID,12,2.2,30/06/2025,18/08/2027,active,eth-registry:2c0b06f3,True
did:example:8dec8d938d486c31,did:example:gov_issuer,government,ProofOfResidence,16,2.69,04/09/2025,21/01/2028,active,eth-registry:be8e8f95,True
did:example:95d611995af181ff,did:example:employer1,professional,EmployeeID,13,1.67,01/07/2025,29/01/2027,revoked,eth-registry:0be17d65,False
did:example:0c0fdd803c850b10,did:example:employer1,professional,EmployeeID,14,1.9,31/10/2025,23/11/2027,revoked,eth-registry:7e691c9c,True
did:example:d6a1527c9aa7624a,did:example:gov_issuer,government,ProofOfAge,15,2.52,20/12/2024,06/10/2027,revoked,eth-registry:9bac6d8e,False
did:example:4b4b50c11918e9c3,did:example:gov_issuer,government,ProofOfResidence,14,2.59,08/05/2025,27/07/2027,revoked,eth-registry:7d4934c1,True
did:example:52725b9d6d691789,did:example:university1,academic,StudentID,15,2.09,28/05/2024,09/02/2027,active,eth-registry:ba9bdb15,False
did:example:b2fcf612ed80a178,did:example:gov_issuer,government,ProofOfResidence,16,2.38,21/11/2024,19/12/2025,revoked,eth-registry:446b9992,True
did:example:bb84a13240d1abe1,did:example:gov_issuer,government,ProofOfResidence,14,2.32,14/03/2024,22/08/2026,revoked,eth-registry:3eb9035e,False
did:example:d9c2e49441e83e17,did:example:employer1,professional,EmployeeID,10,1.94,24/03/2025,18/07/2027,revoked,eth-registry:dc0e4dc7,False
did:example:1acf150c62d60910,did:example:employer1,professional,EmployeeID,12,1.93,14/11/2024,01/09/2027,revoked,eth-registry:a8538985,False
did:example:db8152747040598a,did:example:gov_issuer,government,ProofOfAge,17,2.37,07/02/2025,16/01/2028,active,eth-registry:e588b210,True
did:example:6cd8f1518bc246b7,did:example:university1,academic,StudentID,12,2.16,16/09/2025,26/12/2026,active,eth-registry:fc053905,False
did:example:43254ff28c2ca244,did:example:university1,academic,StudentID,13,2.2,07/02/2024,31/01/2026,active,eth-registry:a678d55f,True
did:example:1d60eccfc3bed4eb,did:example:employer1,professional,EmployeeID,13,1.82,21/11/2024,03/10/2027,revoked,eth-registry:bdeae379,True
did:example:a723d4892fb24c78,did:example:gov_issuer,government,ProofOfResidence,18,2.43,15/10/2024,24/05/2027,active,eth-registry:c718ff31,False
did:example:5dd265754bac5da7,did:example:university1,academic,StudentID,13,2.25,25/06/2025,06/09/2026,active,eth-registry:292512b5,False
did:example:f2f87ec5e71d2eac,did:example:university1,academic,StudentID,13,2.16,25/04/2025,31/05/2027,active,eth-registry:27388792,False
did:example:2f4877d07372d5ff,did:example:employer1,professional,EmployeeID,11,1.89,10/06/2025,19/02/2027,revoked,eth-registry:8a896462,False
did:example:8c5fa7a028876da2,did:example:employer1,professional,EmployeeID,10,1.86,11/09/2025,07/02/2028,active,eth-registry:3eba8219,False
did:example:4c175d4c5847d509,did:example:employer1,professional,EmployeeID,10,1.89,05/08/2024,14/08/2026,active,eth-registry:08b5b8c6,True
did:example:8962f202c8e4c9bf,did:example:gov_issuer,government,ProofOfAge,18,2.36,19/09/2024,03/05/2026,revoked,eth-registry:34aed107,True
did:example:3c43016793b3b314,did:example:employer1,professional,EmployeeID,10,1.97,10/09/2024,12/07/2026,active,eth-registry:619815c3,True
did:example:fdffb1403ce388bb,did:example:employer1,professional,EmployeeID,14,1.71,21/08/2025,27/07/2028,active,eth-registry:8314b765,True
did:example:b3ee384151c4bb3f,did:example:employer1,professional,EmployeeID,11,1.93,05/12/2024,29/08/2026,revoked,eth-registry:cfb276c9,True
did:example:1b3cc6ab4a1895b8,did:example:employer1,professional,EmployeeID,13,1.96,07/07/2025,11/12/2026,active,eth-registry:652fb809,True
did:example:66bc8bb55a5787c6,did:example:gov_issuer,government,ProofOfResidence,18,2.56,28/06/2024,18/09/2025,active,eth-registry:65d5c38b,False
did:example:bd773fc86f4e738a,did:example:university1,academic,StudentID,14,2.14,10/11/2025,06/03/2027,revoked,eth-registry:f9d4f267,False
did:example:5c9f508aa2ade4ac,did:example:gov_issuer,government,ProofOfAge,17,2.34,19/12/2024,26/01/2026,active,eth-registry:333cdadb,True
did:example:26f4f6be23a9eded,did:example:university1,academic,StudentID,13,2.07,24/12/2025,26/01/2027,active,eth-registry:354ace4e,True
did:example:8720921ad70574b4,did:example:gov_issuer,government,ProofOfResidence,16,2.54,22/11/2024,16/12/2026,revoked,eth-registry:c4154363,False
did:example:5d7911df887bb8a1,did:example:gov_issuer,government,ProofOfAge,17,2.33,31/01/2024,01/03/2026,revoked,eth-registry:6981b741,False
did:example:23b03f6086279c7f,did:example:employer1,professional,EmployeeID,12,1.64,11/07/2024,12/02/2027,active,eth-registry:e840c4c7,False
did:example:d8707cbae90a73b5,did:example:gov_issuer,government,ProofOfResidence,14,2.7,15/11/2024,10/02/2027,revoked,eth-registry:62e0e12d,True
did:example:4a94c5191f7934fe,did:example:employer1,professional,EmployeeID,14,1.73,07/04/2024,24/08/2025,revoked,eth-registry:445c9b3e,False
did:example:5c68b5a888ad5574,did:example:university1,academic,StudentID,12,2.04,19/07/2025,05/11/2027,active,eth-registry:cac9a7e9,True
did:example:564922ec41346eca,did:example:employer1,professional,EmployeeID,14,1.7,11/09/2024,01/08/2026,revoked,eth-registry:0dbd8f7b,False
did:example:3438f21e3e9480e7,did:example:employer1,professional,EmployeeID,14,1.86,24/08/2025,27/12/2026,active,eth-registry:190e8237,False
did:example:8858548a479e50c1,did:example:gov_issuer,government,ProofOfResidence,14,2.49,05/12/2025,24/03/2028,revoked,eth-registry:5debb319,True
did:example:aec673b0f781c85c,did:example:gov_issuer,government,ProofOfAge,17,2.62,01/03/2024,20/06/2026,revoked,eth-registry:09686cc8,True
did:example:f77394ceb9357253,did:example:university1,academic,StudentID,14,2.1,22/07/2024,27/05/2026,revoked,eth-registry:67ad89c9,True
did:example:88001da49de1a884,did:example:university1,academic,StudentID,12,1.91,19/03/2025,17/07/2026,active,eth-registry:093b6c01,True
did:example:2d110fcc1fc09068,did:example:gov_issuer,government,ProofOfResidence,18,2.49,24/09/2025,15/10/2026,revoked,eth-registry:56341c6a,False
did:example:52837211cb193ba6,did:example:employer1,professional,EmployeeID,10,1.62,18/10/2025,21/04/2028,active,eth-registry:0c08d9ff,True
did:example:5940302c99a6ded7,did:example:university1,academic,StudentID,12,2.23,22/05/2024,12/09/2025,revoked,eth-registry:483fca14,True
did:example:8bbe30bc561bd960,did:example:gov_issuer,government,ProofOfAge,18,2.35,14/06/2024,01/01/2026,revoked,eth-registry:2cb1b4db,True
did:example:2b6259e9c39a27c2,did:example:employer1,professional,EmployeeID,13,1.69,25/05/2024,30/09/2026,revoked,eth-registry:05e6184a,False
did:example:806612f49c198ef3,did:example:employer1,professional,EmployeeID,10,1.78,10/09/2024,15/07/2026,revoked,eth-registry:082abdba,True
did:example:a667cbe09f254e2b,did:example:employer1,professional,EmployeeID,10,1.68,23/03/2025,13/11/2027,active,eth-registry:7a72d597,True
did:example:d32337092561fe7f,did:example:employer1,professional,EmployeeID,11,1.82,15/10/2024,10/07/2026,active,eth-registry:b4cb2373,True
did:example:e7d20f8288088613,did:example:gov_issuer,government,ProofOfResidence,14,2.48,14/06/2025,27/03/2028,revoked,eth-registry:3646df72,True
did:example:c999b467c942fb6a,did:example:university1,academic,StudentID,12,2.28,15/10/2024,10/07/2026,revoked,eth-registry:007955cf,True
did:example:6e6466693581e598,did:example:employer1,professional,EmployeeID,12,1.64,07/03/2025,06/05/2026,active,eth-registry:71f8355c,False
did:example:c31b4a6242b1cdff,did:example:gov_issuer,government,ProofOfAge,14,2.53,14/02/2025,26/07/2027,revoked,eth-registry:021ad318,False
did:example:ec23c08afba1b5b4,did:example:university1,academic,StudentID,13,2.19,04/07/2024,29/10/2026,active,eth-registry:c9da204f,True
did:example:e8ab9a0e51c57c29,did:example:university1,academic,StudentID,13,1.95,14/02/2024,12/02/2027,revoked,eth-registry:2c0e1a6d,True
did:example:b09f542e2e14bc7a,did:example:university1,academic,StudentID,15,2.15,10/06/2024,21/08/2025,active,eth-registry:47dea285,True
did:example:96434f056f120419,did:example:employer1,professional,EmployeeID,14,1.95,23/07/2025,12/08/2027,revoked,eth-registry:03f21008,True
did:example:b08ae1ab275bcd66,did:example:university1,academic,StudentID,15,2.22,30/06/2025,30/11/2027,revoked,eth-registry:bbaff07c,False
did:example:27fb673d8e1fa557,did:example:employer1,professional,EmployeeID,11,1.97,30/03/2024,17/01/2026,active,eth-registry:39e3f348,False
did:example:b66a2720bdbb4c45,did:example:employer1,professional,EmployeeID,12,1.89,07/10/2024,16/04/2026,active,eth-registry:d05c4032,True
did:example:2480cc795c45afd4,did:example:gov_issuer,government,ProofOfAge,16,2.46,17/08/2025,19/03/2027,active,eth-registry:1d40f237,True
did:example:0f1a3deb3f5a3c15,did:example:gov_issuer,government,ProofOfAge,18,2.67,13/08/2025,20/08/2026,active,eth-registry:36c3e698,True
did:example:9815a80cfba7055f,did:example:university1,academic,StudentID,14,1.99,13/01/2024,13/04/2026,active,eth-registry:5bdce7ca,True
did:example:31b938f74e9ed5d0,did:example:university1,academic,StudentID,15,2.13,28/07/2025,16/02/2028,active,eth-registry:1eb6c2fa,False
did:example:ec9588db33e6ecfb,did:example:university1,academic,StudentID,14,2.21,29/07/2025,23/06/2027,revoked,eth-registry:24c330d4,False
did:example:011aa783bee93a9e,did:example:gov_issuer,government,ProofOfResidence,18,2.65,26/03/2024,23/04/2025,active,eth-registry:d2a8c4c9,True
did:example:169ab5989192fbe8,did:example:employer1,professional,EmployeeID,13,1.97,16/09/2024,03/04/2027,revoked,eth-registry:4626698e,True
did:example:3267c176af7892e2,did:example:university1,academic,StudentID,14,1.93,09/02/2024,03/12/2026,revoked,eth-registry:8ac9f1e3,False
did:example:12e860880d049443,did:example:university1,academic,StudentID,14,2.19,24/04/2025,11/07/2027,revoked,eth-registry:0cfea69a,False
did:example:67d3872365bf20c0,did:example:employer1,professional,EmployeeID,11,1.68,21/09/2025,23/11/2026,active,eth-registry:6e6ac2d1,True
did:example:0f006eaff7672411,did:example:gov_issuer,government,ProofOfResidence,17,2.61,10/05/2024,07/03/2026,revoked,eth-registry:2acbbbb2,False
did:example:87210abaed4427b6,did:example:employer1,professional,EmployeeID,11,1.88,14/09/2024,03/11/2026,active,eth-registry:55b97345,False
did:example:fdeff10cf122adda,did:example:university1,academic,StudentID,14,1.97,27/01/2025,24/12/2027,revoked,eth-registry:f26be4ed,True
did:example:5b4de7fdb1258b39,did:example:employer1,professional,EmployeeID,11,1.93,22/02/2024,20/02/2026,revoked,eth-registry:0b6320b3,False
did:example:d68c66d6a360abd2,did:example:university1,academic,StudentID,15,2.08,06/08/2024,14/08/2025,active,eth-registry:30e4ff52,False
did:example:5e24c981c923bd6a,did:example:employer1,professional,EmployeeID,12,1.82,07/06/2024,03/11/2026,revoked,eth-registry:10ead12e,True
did:example:b8e6da31720df91d,did:example:university1,academic,StudentID,14,2.29,03/01/2024,21/05/2026,revoked,eth-registry:d3b4b105,False
did:example:c57dd2395de850bb,did:example:gov_issuer,government,ProofOfResidence,15,2.56,03/05/2025,22/10/2026,revoked,eth-registry:f4cc7872,True
did:example:93bee6385b5facc0,did:example:gov_issuer,government,ProofOfAge,17,2.54,14/06/2025,10/04/2027,revoked,eth-registry:1d171fef,True
did:example:175d30eae4e2d660,did:example:employer1,professional,EmployeeID,14,1.61,28/02/2024,30/03/2025,revoked,eth-registry:3aa14474,False
did:example:bb3043213709a7c9,did:example:gov_issuer,government,ProofOfResidence,14,2.38,05/04/2024,02/07/2025,revoked,eth-registry:bac77487,True
did:example:22ef6a56a085760d,did:example:employer1,professional,EmployeeID,11,1.61,21/02/2024,05/10/2025,active,eth-registry:b75089dc,True
did:example:cc0d93c08f5cc264,did:example:university1,academic,StudentID,14,2.03,17/11/2025,23/01/2027,active,eth-registry:bc1657a8,False
did:example:b42f64858d99326c,did:example:gov_issuer,government,ProofOfAge,18,2.44,20/02/2025,09/09/2026,active,eth-registry:d0f56ce4,False
did:example:3e994eda05dc148d,did:example:employer1,professional,EmployeeID,13,1.81,01/02/2025,21/05/2027,active,eth-registry:da9931b8,True
did:example:6fa01d25fd051471,did:example:gov_issuer,government,ProofOfAge,16,2.58,04/03/2024,08/12/2025,active,eth-registry:e8cbd079,False
did:example:0ee5938d131d6fc0,did:example:gov_issuer,government,ProofOfAge,15,2.37,02/01/2024,19/04/2025,active,eth-registry:c34f9aa3,True
did:example:1e9f3320c334a40d,did:example:employer1,professional,EmployeeID,14,1.84,09/11/2025,08/02/2028,revoked,eth-registry:568e5d95,True
did:example:719821e7f7a78ec5,did:example:university1,academic,StudentID,15,2.27,21/11/2025,07/08/2028,revoked,eth-registry:79f794cb,False
did:example:5cc0b4e808643b95,did:example:gov_issuer,government,ProofOfAge,18,2.37,02/02/2025,09/04/2027,active,eth-registry:8ca4baff,False
did:example:240105b51fb8275f,did:example:university1,academic,StudentID,13,2.16,07/04/2024,20/11/2025,revoked,eth-registry:60279723,True
did:example:b884806189ef7ea1,did:example:university1,academic,StudentID,13,1.92,22/01/2024,02/09/2026,active,eth-registry:a12a68cb,True
did:example:92a1af363d9db738,did:example:university1,academic,StudentID,12,2.11,01/09/2025,10/05/2027,active,eth-registry:e9602e65,False
did:example:e0988c551c4d7b8d,did:example:gov_issuer,government,ProofOfResidence,18,2.6,21/01/2025,01/02/2026,active,eth-registry:7d2dbbf4,True
did:example:96b0c680e44b466c,did:example:employer1,professional,EmployeeID,14,1.61,28/08/2024,23/12/2026,active,eth-registry:0c35f3cd,False
did:example:781b25a1fcfc8283,did:example:university1,academic,StudentID,12,2.03,09/01/2024,17/06/2026,revoked,eth-registry:3700ecb4,False
did:example:68b9ffce311083b8,did:example:gov_issuer,government,ProofOfResidence,15,2.65,19/02/2025,29/07/2026,active,eth-registry:92d6c054,False
did:example:18f46eba6bcbb6c6,did:example:gov_issuer,government,ProofOfResidence,16,2.39,03/10/2025,05/07/2027,revoked,eth-registry:94d98e04,False
did:example:058d76fd565c125f,did:example:university1,academic,StudentID,13,2.19,02/09/2025,07/09/2026,revoked,eth-registry:78f07f1b,True
did:example:d00ea0359bc77cc5,did:example:university1,academic,StudentID,13,2.14,18/06/2025,27/05/2027,active,eth-registry:7746c0d7,False
did:example:e35aa10c52159217,did:example:university1,academic,StudentID,13,1.97,06/02/2024,27/12/2025,revoked,eth-registry:5f367876,False
did:example:713995f54afc6ef5,did:example:employer1,professional,EmployeeID,13,1.9,07/07/2025,11/01/2027,revoked,eth-registry:d400bcf0,False
did:example:c66acd96f0303d0b,did:example:university1,academic,StudentID,15,2.11,12/05/2025,01/06/2027,revoked,eth-registry:589a79da,True
did:example:ee49a86ad3dc9be9,did:example:gov_issuer,government,ProofOfResidence,18,2.34,05/09/2025,14/01/2028,revoked,eth-registry:59f32dff,False
did:example:f5ad2e5136930e8f,did:example:employer1,professional,EmployeeID,12,1.98,18/04/2024,09/03/2026,revoked,eth-registry:ebc89f6e,False
did:example:857c8ea5acefd385,did:example:university1,academic,StudentID,15,2.1,22/09/2025,25/04/2028,active,eth-registry:0a9e4a9e,False
did:example:ac09bc598300873c,did:example:employer1,professional,EmployeeID,13,1.9,07/06/2025,07/05/2027,revoked,eth-registry:31e9298b,False
did:example:7ce2305dcac70971,did:example:university1,academic,StudentID,12,1.99,13/07/2025,08/05/2027,revoked,eth-registry:b5058ac2,True
did:example:7dc8a29bec6e6e70,did:example:employer1,professional,EmployeeID,13,1.65,27/04/2024,26/08/2026,active,eth-registry:7c5d3980,False
did:example:10bb663b78e3ee4f,did:example:university1,academic,StudentID,13,2.2,17/09/2025,20/01/2027,active,eth-registry:4be5dbee,False
did:example:52d61f4ad2a1d587,did:example:employer1,professional,EmployeeID,13,1.87,17/01/2024,26/09/2026,revoked,eth-registry:77d1f0bf,False
did:example:d0e6b89fbef13b9c,did:example:university1,academic,StudentID,14,2.01,11/06/2024,27/08/2026,active,eth-registry:4bdfe3a8,True
did:example:d16eb3889671f688,did:example:university1,academic,StudentID,15,2.2,23/04/2024,15/01/2026,revoked,eth-registry:7c86edda,True
did:example:9b9907cfe92c8d3d,did:example:university1,academic,StudentID,15,2.1,18/06/2024,06/12/2025,active,eth-registry:d46d665e,False
did:example:27ca76906a7e04e1,did:example:employer1,professional,EmployeeID,14,1.74,02/04/2025,31/10/2027,revoked,eth-registry:46a76706,True
did:example:423764813b7870ab,did:example:employer1,professional,EmployeeID,12,1.91,07/11/2025,17/11/2026,active,eth-registry:a555d8dd,False
did:example:8a8f4c6b5c2f3b03,did:example:employer1,professional,EmployeeID,12,1.85,21/12/2025,04/02/2027,revoked,eth-registry:a03d3d81,False
did:example:fc77b44a3a7548ce,did:example:university1,academic,StudentID,13,2.1,20/03/2024,07/06/2026,revoked,eth-registry:6eec2fb4,True
did:example:c0074ad95e528555,did:example:employer1,professional,EmployeeID,14,1.91,10/12/2025,26/11/2027,active,eth-registry:15392097,True
did:example:6e73255857e72a37,did:example:employer1,professional,EmployeeID,11,1.82,20/03/2024,23/07/2025,active,eth-registry:292ee990,True
did:example:52e88804602a82bc,did:example:employer1,professional,EmployeeID,12,1.98,29/06/2025,30/03/2027,active,eth-registry:d69484e6,True
did:example:eae90f3f3928a071,did:example:employer1,professional,EmployeeID,13,1.93,14/05/2024,07/12/2026,active,eth-registry:98c71e5f,True
did:example:4e8681d8236e34c2,did:example:university1,academic,StudentID,12,2.04,25/08/2025,31/07/2027,revoked,eth-registry:82649876,False
did:example:1ecca319be6e19ef,did:example:employer1,professional,EmployeeID,13,1.79,12/09/2024,03/10/2026,revoked,eth-registry:0e0b2883,False
did:example:bf4d7197c431252c,did:example:university1,academic,StudentID,13,2.28,30/09/2025,05/12/2026,active,eth-registry:5e831374,False
did:example:f4b816c164519e7d,did:example:employer1,professional,EmployeeID,11,1.96,31/01/2025,12/07/2027,active,eth-registry:d6239637,False
did:example:42a2856b87b150c9,did:example:university1,academic,StudentID,14,1.98,21/01/2025,02/05/2026,revoked,eth-registry:9d4982c9,False
did:example:2e45266df888a1aa,did:example:employer1,professional,EmployeeID,10,1.71,18/11/2024,07/05/2026,active,eth-registry:ef8d1048,True
did:example:aa11699dc1f72970,did:example:university1,academic,StudentID,12,2.05,16/06/2024,16/01/2026,revoked,eth-registry:a99377b5,False
did:example:b4976b900ef49d15,did:example:university1,academic,StudentID,13,2.25,11/01/2025,22/11/2026,revoked,eth-registry:62b5ccf8,True
did:example:3c73647c89800f5d,did:example:employer1,professional,EmployeeID,12,1.97,28/04/2025,13/11/2026,revoked,eth-registry:180232a9,False
did:example:6d00e33e324f8876,did:example:university1,academic,StudentID,12,2.22,12/04/2024,29/11/2026,active,eth-registry:6e0b7869,False
did:example:abc39868c6bdceb3,did:example:university1,academic,StudentID,13,2.01,13/04/2024,19/01/2026,active,eth-registry:3d20775d,True
did:example:af1fdafca9293367,did:example:university1,academic,StudentID,13,2.25,08/11/2024,04/12/2025,active,eth-registry:b858d6e3,False
did:example:ea31508c9b03e989,did:example:university1,academic,StudentID,14,1.91,31/08/2025,31/07/2027,revoked,eth-registry:8b1aaea2,False
did:example:2b5a287148d9bc8f,did:example:university1,academic,StudentID,13,2.07,15/09/2024,14/12/2025,revoked,eth-registry:d2fd1e72,False
did:example:e88882b9c658dd99,did:example:gov_issuer,government,ProofOfResidence,14,2.45,28/10/2024,07/04/2026,active,eth-registry:3e331645,True
did:example:7e9e39ac2ce0cd13,did:example:gov_issuer,government,ProofOfAge,16,2.51,02/12/2025,07/02/2028,revoked,eth-registry:ab63365e,True
did:example:d0b92d0904b545ab,did:example:gov_issuer,government,ProofOfAge,18,2.52,13/07/2024,08/10/2026,revoked,eth-registry:ce109780,True
did:example:7e492494f55d1111,did:example:university1,academic,StudentID,14,1.99,24/09/2024,24/01/2027,revoked,eth-registry:f0371988,True
did:example:e64711e905d1bb0d,did:example:employer1,professional,EmployeeID,11,1.68,08/09/2025,09/06/2027,active,eth-registry:3942b736,False
did:example:c920adb1599abc39,did:example:university1,academic,StudentID,13,2.22,13/01/2025,17/09/2027,active,eth-registry:4e8191fe,True
did:example:bcde99a4b3c11bac,did:example:university1,academic,StudentID,12,1.93,22/03/2024,04/05/2025,revoked,eth-registry:db57c505,True
did:example:c54cf33aecd5dd0d,did:example:gov_issuer,government,ProofOfResidence,15,2.5,06/06/2024,10/03/2026,active,eth-registry:124f9406,True
did:example:a7faa7243227c9f9,did:example:gov_issuer,government,ProofOfAge,16,2.38,13/12/2025,09/06/2027,revoked,eth-registry:df95dba7,True
did:example:639d41f0e0c8deaf,did:example:university1,academic,StudentID,14,2.03,15/08/2025,14/09/2026,revoked,eth-registry:4ae1dfbf,True
did:example:6ae8625bea45f9c6,did:example:university1,academic,StudentID,13,2.01,25/11/2025,08/01/2028,revoked,eth-registry:92fa8c73,True
did:example:a341345eaf29957c,did:example:employer1,professional,EmployeeID,14,1.88,17/12/2024,27/01/2026,revoked,eth-registry:0aabd405,True
did:example:4ec371ed7b191d35,did:example:university1,academic,StudentID,14,2.08,21/03/2025,07/06/2027,revoked,eth-registry:47d0d524,False
did:example:810c473398871028,did:example:university1,academic,StudentID,12,2.02,10/04/2024,25/12/2026,active,eth-registry:ab135581,True
did:example:a2f2b64dcade349e,did:example:university1,academic,StudentID,14,2.23,04/06/2025,09/01/2028,active,eth-registry:fcf8e96f,True
did:example:98a410642dff33bd,did:example:gov_issuer,government,ProofOfAge,16,2.33,20/02/2025,02/07/2027,active,eth-registry:f17e93ca,False
did:example:0ab4f97b7804c934,did:example:employer1,professional,EmployeeID,10,1.91,28/01/2024,25/07/2025,active,eth-registry:ab3bec5c,True
did:example:d3b71ef7ca3aad13,did:example:employer1,professional,EmployeeID,11,1.7,11/09/2025,01/01/2028,active,eth-registry:7eaeb805,False
did:example:b60369acf0064f52,did:example:gov_issuer,government,ProofOfResidence,18,2.67,15/11/2024,30/12/2026,active,eth-registry:75e93980,False
did:example:ad0e4854f30bd437,did:example:employer1,professional,EmployeeID,11,1.6,27/12/2025,23/12/2027,revoked,eth-registry:0e95df05,False
did:example:9f1048bb6f822984,did:example:gov_issuer,government,ProofOfAge,16,2.52,08/10/2025,21/09/2027,revoked,eth-registry:c9eebf9e,True
did:example:9dd6d41382e37352,did:example:employer1,professional,EmployeeID,11,1.85,03/11/2024,14/02/2026,revoked,eth-registry:8cdc2865,True
did:example:52e778728fcc50fe,did:example:gov_issuer,government,ProofOfResidence,14,2.53,09/01/2024,20/09/2026,revoked,eth-registry:bf7e7f4d,False
did:example:228b7cb309325d0c,did:example:university1,academic,StudentID,13,2.23,17/04/2024,19/12/2026,active,eth-registry:bf11ce91,True
did:example:76e81f0595c7d165,did:example:university1,academic,StudentID,15,1.94,31/07/2024,15/01/2027,revoked,eth-registry:e2c63299,True
did:example:431ecac2eaff326e,did:example:university1,academic,StudentID,15,2.07,05/08/2024,09/09/2026,revoked,eth-registry:03c5d174,False
did:example:dd3616209a9a8c38,did:example:university1,academic,StudentID,14,2.25,15/09/2024,20/12/2025,active,eth-registry:77a32819,True
did:example:fee2c59caa03fec5,did:example:gov_issuer,government,ProofOfResidence,18,2.66,29/11/2025,06/03/2028,active,eth-registry:f5158359,False
did:example:319a3e1b85d15773,did:example:employer1,professional,EmployeeID,13,1.8,08/05/2025,07/04/2028,active,eth-registry:3a10bdec,False
did:example:02b130362077260e,did:example:gov_issuer,government,ProofOfResidence,17,2.52,19/05/2024,23/08/2025,revoked,eth-registry:19fb569e,False
did:example:c1edc7f73a1c8da0,did:example:university1,academic,StudentID,13,2.21,30/05/2025,13/02/2027,active,eth-registry:3975ff34,True
did:example:433bde52378a5cfd,did:example:university1,academic,StudentID,12,2.21,11/02/2024,04/12/2026,active,eth-registry:dea31189,True
did:example:66c11cd5411cdfe2,did:example:university1,academic,StudentID,13,2.26,17/02/2024,14/01/2027,revoked,eth-registry:acb2c26b,True
did:example:6c16c22f76942495,did:example:university1,academic,StudentID,15,2.24,16/04/2025,07/03/2027,active,eth-registry:d21cf7ca,True
did:example:64b4a5c8aab7f482,did:example:university1,academic,StudentID,14,2.07,08/06/2024,02/01/2026,revoked,eth-registry:6f934885,False
did:example:c12b404e3fbb5c01,did:example:university1,academic,StudentID,15,2.16,15/11/2024,12/06/2026,active,eth-registry:946b3533,False
did:example:7de8c7be2a3cc04d,did:example:university1,academic,StudentID,12,2.09,26/08/2025,03/08/2027,revoked,eth-registry:8e96b3f9,True
did:example:8728654e7cf42418,did:example:employer1,professional,EmployeeID,11,1.65,11/10/2024,01/06/2026,active,eth-registry:65f39659,True
did:example:0c842b39ce5ce005,did:example:gov_issuer,government,ProofOfResidence,15,2.63,20/05/2024,26/06/2026,revoked,eth-registry:46f5220b,False
did:example:7254f22abd8fa014,did:example:university1,academic,StudentID,13,2.14,31/12/2025,27/02/2027,active,eth-registry:4af44ca8,True
did:example:5a945a0f0d1d3f0a,did:example:employer1,professional,EmployeeID,14,1.62,28/07/2024,12/09/2025,active,eth-registry:6dfb3311,True
did:example:27421f4cea1d2363,did:example:university1,academic,StudentID,13,2.17,26/04/2025,29/04/2026,active,eth-registry:bdaa09b2,False
did:example:71ca40f3ad1483bd,did:example:gov_issuer,government,ProofOfAge,17,2.41,28/04/2024,03/10/2026,revoked,eth-registry:9d7068b3,False
did:example:b2dbbdcc2a3007e0,did:example:employer1,professional,EmployeeID,13,1.63,28/04/2024,04/03/2027,active,eth-registry:3de603e4,True
did:example:aff285c46e5b9e37,did:example:employer1,professional,EmployeeID,12,1.84,05/07/2025,19/09/2026,revoked,eth-registry:5618ce0c,False
did:example:fe8ea9492a09b56d,did:example:university1,academic,StudentID,15,2.19,18/10/2025,16/08/2028,revoked,eth-registry:2faf5869,False
did:example:6e2ac75ca3818373,did:example:employer1,professional,EmployeeID,11,1.81,20/01/2024,19/05/2025,revoked,eth-registry:5bc7dfcf,False
did:example:a48166658b0bcf18,did:example:university1,academic,StudentID,12,1.9,13/12/2025,17/01/2027,active,eth-registry:f4edc9d7,True
did:example:1551674675d406c8,did:example:employer1,professional,EmployeeID,13,1.83,08/08/2024,08/03/2026,revoked,eth-registry:a93477b6,False
did:example:dd8c31dda4f693b4,did:example:employer1,professional,EmployeeID,13,1.6,21/12/2025,22/07/2027,revoked,eth-registry:c67cbe73,False
did:example:0319cb79481b9c1d,did:example:employer1,professional,EmployeeID,11,1.97,24/01/2025,27/12/2027,active,eth-registry:4a770460,True
did:example:13a1c9a131889d88,did:example:gov_issuer,government,ProofOfAge,18,2.41,13/07/2025,03/10/2026,active,eth-registry:4b9a1302,True
did:example:2319cf1426097f44,did:example:employer1,professional,EmployeeID,10,1.95,05/01/2024,16/12/2026,active,eth-registry:d6ae9756,True
did:example:86cdb0144f8dedd6,did:example:gov_issuer,government,ProofOfResidence,15,2.3,25/04/2024,15/01/2027,active,eth-registry:6bb79e7b,False
did:example:fa486101c228bc70,did:example:employer1,professional,EmployeeID,10,1.64,28/11/2025,20/11/2027,active,eth-registry:4cb6a5aa,False
did:example:177853c1e74e758e,did:example:university1,academic,StudentID,12,2.08,30/04/2024,03/09/2026,revoked,eth-registry:1c84d75d,True
did:example:ed9d696859651e73,did:example:university1,academic,StudentID,14,2.2,27/09/2025,21/10/2027,revoked,eth-registry:e47aea8e,True
did:example:0b2d2dbc7fb1e1ce,did:example:employer1,professional,EmployeeID,13,1.98,27/03/2024,21/01/2027,revoked,eth-registry:c8b75664,True
did:example:716b88e8557f6c0b,did:example:employer1,professional,EmployeeID,13,1.81,18/04/2025,19/09/2026,active,eth-registry:3335a013,True
did:example:3e48776f69e344e9,did:example:university1,academic,StudentID,15,2.04,28/09/2024,27/08/2027,active,eth-registry:45ce7200,False
did:example:5ec858d239a05bd1,did:example:university1,academic,StudentID,12,1.92,17/11/2024,18/09/2026,active,eth-registry:688e59c7,False
did:example:80b8a4b8696cde6c,did:example:university1,academic,StudentID,14,2.13,03/06/2025,14/04/2028,revoked,eth-registry:c358da8f,True
did:example:ce94a0dfb1b43689,did:example:employer1,professional,EmployeeID,10,1.75,23/04/2024,12/04/2027,active,eth-registry:63960c30,False
did:example:ca465b1decabdc75,did:example:gov_issuer,government,ProofOfResidence,18,2.66,08/09/2024,20/05/2027,revoked,eth-registry:e61b4675,False
did:example:27957a5c63689074,did:example:university1,academic,StudentID,14,2.09,08/02/2025,09/09/2027,active,eth-registry:e692c119,True
did:example:0da241ed2102e1b3,did:example:employer1,professional,EmployeeID,13,1.91,20/09/2024,03/08/2026,revoked,eth-registry:b7196ca7,True
did:example:9f310e1357127a13,did:example:employer1,professional,EmployeeID,12,1.94,23/06/2024,14/11/2026,revoked,eth-registry:de7c3762,True
did:example:28cc10aed53e6990,did:example:university1,academic,StudentID,13,1.94,02/02/2024,29/07/2025,active,eth-registry:6b19b844,False
did:example:e5bc98d9e39457ba,did:example:university1,academic,StudentID,14,2.08,11/04/2025,31/10/2026,active,eth-registry:25d95608,True
did:example:f6cf0da19d86efee,did:example:employer1,professional,EmployeeID,14,1.96,15/02/2024,09/08/2026,revoked,eth-registry:d6a5c455,False
did:example:08b410421312a302,did:example:gov_issuer,government,ProofOfAge,14,2.47,16/04/2024,25/10/2026,revoked,eth-registry:2bde76ef,False
did:example:ebc919e16943d3bb,did:example:university1,academic,StudentID,15,2.13,22/06/2024,30/12/2025,revoked,eth-registry:66a54dd7,True
did:example:d1e7c1cbb522c67d,did:example:employer1,professional,EmployeeID,13,1.95,08/06/2025,14/05/2028,revoked,eth-registry:40a23657,True
did:example:e6b90cc096c06d29,did:example:university1,academic,StudentID,12,1.99,30/03/2024,10/08/2026,active,eth-registry:fa7c5815,False
did:example:9e28f1c913eb8a89,did:example:university1,academic,StudentID,15,2.26,24/08/2024,16/08/2027,active,eth-registry:3a0ba2f1,True
did:example:cc7ff30f0f8fb1d8,did:example:gov_issuer,government,ProofOfResidence,14,2.46,24/02/2024,08/02/2026,revoked,eth-registry:4bae7e11,True
did:example:1491945679b25e40,did:example:gov_issuer,government,ProofOfResidence,17,2.54,01/01/2025,15/03/2027,active,eth-registry:ad508bd1,False
did:example:302766eafd4e6798,did:example:employer1,professional,EmployeeID,10,1.73,12/05/2024,31/08/2026,revoked,eth-registry:73b487ee,True
did:example:9a78400ffa11fca7,did:example:university1,academic,StudentID,12,2.11,28/04/2024,23/08/2025,active,eth-registry:18b30b42,False
did:example:225de2c366fca6de,did:example:employer1,professional,EmployeeID,13,1.62,22/08/2024,14/03/2026,active,eth-registry:b7a3e8c4,True
did:example:7eb99c09f3f7a91f,did:example:gov_issuer,government,ProofOfAge,17,2.33,06/07/2024,10/06/2027,revoked,eth-registry:6b923f1b,True
did:example:54a5f58d0208759d,did:example:employer1,professional,EmployeeID,13,1.77,05/02/2024,11/06/2026,revoked,eth-registry:1a491ac8,True
did:example:fafc05ca4a9ad0b7,did:example:employer1,professional,EmployeeID,11,1.73,25/11/2024,25/12/2026,active,eth-registry:a70f01f7,True
did:example:e63c50b284eacf79,did:example:gov_issuer,government,ProofOfResidence,18,2.55,02/01/2025,04/01/2026,revoked,eth-registry:78512741,True
did:example:d14ee5f50fe29def,did:example:employer1,professional,EmployeeID,10,1.62,30/11/2024,28/12/2025,revoked,eth-registry:ccc3bc83,False
did:example:034bd4d8c0d50cf5,did:example:university1,academic,StudentID,15,1.97,19/11/2024,30/12/2026,revoked,eth-registry:d65da55a,True
did:example:7788f0d7d7c68528,did:example:university1,academic,StudentID,13,1.98,31/12/2025,28/02/2027,active,eth-registry:e7c9d55f,True
did:example:66a2b928e9cb9f4b,did:example:employer1,professional,EmployeeID,13,1.78,19/07/2024,31/10/2025,revoked,eth-registry:90dc9243,False
did:example:2bff77b23ebc63ab,did:example:gov_issuer,government,ProofOfResidence,18,2.4,02/09/2024,28/10/2026,revoked,eth-registry:022fc815,False
did:example:175f505a781195ed,did:example:employer1,professional,EmployeeID,11,1.66,08/01/2025,11/12/2027,active,eth-registry:b94909b8,False
did:example:91f38608328798d8,did:example:university1,academic,StudentID,13,2.14,02/03/2024,02/11/2026,revoked,eth-registry:bca93a14,True
did:example:ff4cfba3ecfafe40,did:example:employer1,professional,EmployeeID,14,1.9,23/12/2025,28/11/2027,revoked,eth-registry:a8f9e9b4,True
did:example:7f0b3aaffb88b805,did:example:employer1,professional,EmployeeID,14,1.87,18/01/2025,07/12/2027,revoked,eth-registry:bba8438a,False
did:example:a1922cb6f73566ce,did:example:university1,academic,StudentID,12,2.01,24/05/2025,09/08/2027,revoked,eth-registry:767fcd01,False
did:example:88ac953dbffb28fb,did:example:gov_issuer,government,ProofOfResidence,16,2.64,23/08/2024,14/07/2027,revoked,eth-registry:b897b1ca,True
did:example:19680f53643ada56,did:example:employer1,professional,EmployeeID,11,1.84,20/05/2025,09/11/2026,active,eth-registry:fa3efa2c,False
did:example:4769078500c50753,did:example:gov_issuer,government,ProofOfResidence,16,2.55,03/10/2025,29/11/2027,active,eth-registry:e3b39bf7,False
did:example:8f1802a8871ff5cc,did:example:university1,academic,StudentID,13,1.99,26/02/2025,01/01/2028,active,eth-registry:04f85149,True
did:example:56d9e8f8232db3d8,did:example:gov_issuer,government,ProofOfResidence,14,2.4,02/06/2024,20/05/2027,revoked,eth-registry:8f18967e,False
did:example:f45dea702f5228bd,did:example:university1,academic,StudentID,15,2.09,15/05/2025,02/02/2028,active,eth-registry:6878016a,True
did:example:7707034779b7a51d,did:example:gov_issuer,government,ProofOfResidence,17,2.4,17/09/2025,04/01/2027,active,eth-registry:7e77ce5a,True
did:example:6500fa3f03785406,did:example:university1,academic,StudentID,13,2.18,22/05/2025,17/08/2027,active,eth-registry:9c465032,True
did:example:7846a52a88328463,did:example:university1,academic,StudentID,12,2.02,30/04/2025,08/07/2026,active,eth-registry:4136af7b,True
did:example:567e171dc9d6e608,did:example:university1,academic,StudentID,12,1.96,05/12/2024,10/09/2026,revoked,eth-registry:a8567dc8,True
did:example:6ffa1f2e8c99f2ca,did:example:gov_issuer,government,ProofOfAge,16,2.36,17/05/2024,08/06/2025,active,eth-registry:ad6be97a,False
did:example:1edccea18484dae1,did:example:university1,academic,StudentID,14,1.95,09/06/2025,16/12/2027,revoked,eth-registry:342f471e,False
did:example:b55f252753a3a56e,did:example:university1,academic,StudentID,13,2.08,23/10/2024,11/05/2027,active,eth-registry:aa627064,True
did:example:359ac7f86ff37028,did:example:employer1,professional,EmployeeID,13,1.6,17/06/2024,23/08/2025,revoked,eth-registry:9547797b,True
did:example:a5934faad82ad22b,did:example:university1,academic,StudentID,13,2.12,25/12/2024,26/10/2027,active,eth-registry:d111c2e5,False
did:example:7d2897fe84bc1f40,did:example:employer1,professional,EmployeeID,10,1.72,17/01/2024,21/09/2026,active,eth-registry:82954c55,True
did:example:e5645010de752959,did:example:employer1,professional,EmployeeID,12,1.82,16/01/2025,21/09/2027,revoked,eth-registry:68622520,True
did:example:dab320b341bdf599,did:example:employer1,professional,EmployeeID,10,1.97,03/02/2025,26/12/2026,active,eth-registry:512659dc,True
did:example:c764d54d48185bf7,did:example:university1,academic,StudentID,12,2.25,17/10/2024,03/09/2027,revoked,eth-registry:7eeda31e,False
did:example:6d6f88796552eab1,did:example:employer1,professional,EmployeeID,10,1.83,29/05/2025,16/05/2028,active,eth-registry:05f75177,False
did:example:5b0456e5a730a267,did:example:employer1,professional,EmployeeID,11,1.77,03/03/2025,07/04/2027,active,eth-registry:050ddbb7,True
did:example:649a3e6581cfad84,did:example:employer1,professional,EmployeeID,12,1.88,24/09/2024,27/06/2026,active,eth-registry:13a63ff8,False
did:example:2cdea6afc7a96f6e,did:example:employer1,professional,EmployeeID,14,1.97,07/06/2025,16/12/2027,active,eth-registry:98fe3375,False
did:example:070a49139a3a7e16,did:example:gov_issuer,government,ProofOfResidence,15,2.5,26/03/2024,27/04/2025,revoked,eth-registry:420a1f70,False
did:example:762c08a0ade3f530,did:example:employer1,professional,EmployeeID,10,1.64,05/01/2025,08/09/2026,revoked,eth-registry:af84f8b4,False
did:example:a6c7557b45300f83,did:example:employer1,professional,EmployeeID,10,1.91,12/04/2024,15/04/2025,active,eth-registry:d1717ba4,True
did:example:78ee173cf0f7652b,did:example:employer1,professional,EmployeeID,11,1.6,16/03/2025,27/09/2027,active,eth-registry:b6198fc1,True
did:example:681a92a7c462f89a,did:example:employer1,professional,EmployeeID,11,1.91,13/01/2024,12/02/2025,revoked,eth-registry:7fba61b1,True
did:example:625adc37b4d5e4cb,did:example:university1,academic,StudentID,13,1.93,20/09/2025,23/03/2028,revoked,eth-registry:4f30f4af,True
did:example:b1d2dc64e464be19,did:example:gov_issuer,government,ProofOfResidence,18,2.34,23/01/2024,11/03/2026,active,eth-registry:d62b1f71,False
did:example:b15c99a90efb101b,did:example:gov_issuer,government,ProofOfResidence,15,2.61,29/12/2024,12/11/2026,active,eth-registry:94e87116,True
did:example:9f98ea6e7c1e17e1,did:example:gov_issuer,government,ProofOfResidence,17,2.58,02/05/2025,06/08/2027,revoked,eth-registry:19d12b36,False
did:example:ba3ad6c8a76b9851,did:example:university1,academic,StudentID,14,2.12,31/10/2024,01/12/2025,revoked,eth-registry:6423053b,True
did:example:8f0baecbbb6f9037,did:example:employer1,professional,EmployeeID,10,1.93,06/06/2024,19/01/2027,revoked,eth-registry:6eb16555,False
did:example:c622d67941b45bbc,did:example:university1,academic,StudentID,12,2.24,30/06/2024,10/01/2026,active,eth-registry:4a713975,True
did:example:e384c9acc3330d6b,did:example:university1,academic,StudentID,13,2.08,08/09/2025,15/05/2028,active,eth-registry:4331b0f4,False
did:example:6026e8217b7334a5,did:example:university1,academic,StudentID,13,2.3,06/04/2024,13/01/2027,revoked,eth-registry:71f7c0f4,False
did:example:7c4ad9fe30dc2d4e,did:example:employer1,professional,EmployeeID,10,1.74,03/06/2025,10/07/2027,active,eth-registry:9abb849e,False
did:example:3638e81cbcbe13fa,did:example:gov_issuer,government,ProofOfAge,17,2.37,01/08/2024,04/10/2026,revoked,eth-registry:14e53ec1,True
did:example:f215cd44f09198bc,did:example:university1,academic,StudentID,13,2.24,09/01/2024,14/11/2026,active,eth-registry:226f7151,False
did:example:dddf5a94bd957479,did:example:university1,academic,StudentID,13,2.07,23/10/2024,15/08/2026,active,eth-registry:d0b51beb,False
did:example:cdcb087dce5bb3f4,did:example:employer1,professional,EmployeeID,13,1.95,10/03/2024,25/12/2025,revoked,eth-registry:330170a3,False
did:example:3eaffe3bb551d1b3,did:example:university1,academic,StudentID,15,1.92,12/07/2025,03/06/2028,active,eth-registry:6ce6909c,True
did:example:baa807403e5b376b,did:example:employer1,professional,EmployeeID,14,1.64,16/07/2025,07/05/2027,active,eth-registry:e3daf411,True
did:example:c8550a1e76012f14,did:example:university1,academic,StudentID,15,1.92,07/06/2024,01/03/2026,active,eth-registry:70185101,False
did:example:b3dd3f5965d534f9,did:example:employer1,professional,EmployeeID,12,1.84,19/07/2025,23/07/2026,revoked,eth-registry:67a6e904,True
did:example:01d66aa2397344d1,did:example:university1,academic,StudentID,12,2.23,28/05/2025,22/01/2027,revoked,eth-registry:0c7f0277,False
did:example:c39a6e8eac1a0a60,did:example:university1,academic,StudentID,12,2.06,09/05/2025,07/11/2026,revoked,eth-registry:e06da80c,False
did:example:0d2ee11eeb634ae4,did:example:gov_issuer,government,ProofOfAge,15,2.34,27/02/2024,12/09/2026,revoked,eth-registry:98d445c1,True
did:example:4c63b3e4c4ae29c1,did:example:employer1,professional,EmployeeID,11,1.75,03/04/2024,03/04/2026,active,eth-registry:b0305830,True
did:example:ea1c6ff4d27a85aa,did:example:employer1,professional,EmployeeID,11,1.74,25/04/2024,09/01/2026,active,eth-registry:dd500919,True
did:example:df25bf84273ccd73,did:example:university1,academic,StudentID,12,2.16,21/08/2025,03/07/2028,active,eth-registry:a5cea3c9,True
did:example:2677639d91f3c689,did:example:employer1,professional,EmployeeID,10,1.86,26/08/2024,18/07/2026,revoked,eth-registry:0c294528,False
did:example:16e8385da3873765,did:example:gov_issuer,government,ProofOfAge,17,2.34,22/01/2025,21/11/2026,revoked,eth-registry:247ce5dd,True
did:example:1d5a758eb0fd33c0,did:example:university1,academic,StudentID,13,2.07,09/12/2024,21/05/2027,active,eth-registry:0b8d504c,False
did:example:4c8723125adc9320,did:example:gov_issuer,government,ProofOfResidence,14,2.56,31/12/2025,09/07/2027,revoked,eth-registry:fde267ae,True
did:example:b995c3dd1f2e836a,did:example:employer1,professional,EmployeeID,12,1.7,12/05/2024,22/03/2026,revoked,eth-registry:6ccd4768,True
did:example:f6c3bfb6e41bd8e4,did:example:gov_issuer,government,ProofOfResidence,18,2.46,22/07/2025,20/12/2027,active,eth-registry:b8e05a5d,True
did:example:1ff819065a32d9fe,did:example:university1,academic,StudentID,13,2.15,22/03/2024,12/11/2025,revoked,eth-registry:96a21064,True
did:example:bcde7cca4d3e5a5b,did:example:gov_issuer,government,ProofOfAge,15,2.46,15/12/2025,24/10/2027,active,eth-registry:8b5111a7,False
did:example:85ff37e16af48689,did:example:gov_issuer,government,ProofOfResidence,15,2.31,17/02/2025,28/02/2026,active,eth-registry:4ff29322,True
did:example:bdb1afadf8f0aadf,did:example:employer1,professional,EmployeeID,11,1.69,11/07/2024,11/02/2027,revoked,eth-registry:bd1f1f41,True
did:example:d1b7b5fdc8c68f3c,did:example:university1,academic,StudentID,13,2.21,28/10/2024,19/07/2027,active,eth-registry:e560d05c,False
did:example:c5f5093f340c9ea2,did:example:university1,academic,StudentID,15,2.0,16/06/2025,17/10/2027,revoked,eth-registry:82c6660b,True
did:example:56d9f047310c693d,did:example:university1,academic,StudentID,15,2.23,31/10/2024,20/11/2026,revoked,eth-registry:2b6d3ed0,False
did:example:62f85f917387cfea,did:example:gov_issuer,government,ProofOfAge,15,2.49,19/02/2024,03/12/2026,revoked,eth-registry:2920451f,True
did:example:3b8a92f6a16186f0,did:example:gov_issuer,government,ProofOfAge,18,2.49,13/08/2024,27/04/2027,active,eth-registry:03635445,True
did:example:796bd6250fa88000,did:example:university1,academic,StudentID,15,2.21,31/10/2025,08/10/2027,active,eth-registry:60e87c27,True
did:example:acf4c02feb4d030d,did:example:employer1,professional,EmployeeID,10,1.75,28/09/2024,23/12/2026,revoked,eth-registry:9e718809,False
did:example:732c57d5156835e5,did:example:employer1,professional,EmployeeID,12,1.7,24/12/2024,10/11/2027,active,eth-registry:ce36d592,False
did:example:53103720070fd028,did:example:university1,academic,StudentID,14,1.94,14/05/2024,07/10/2025,revoked,eth-registry:a294e150,True
did:example:dc9932b7daabaf47,did:example:gov_issuer,government,ProofOfResidence,16,2.57,20/01/2024,10/08/2026,active,eth-registry:83e976aa,False
did:example:08f11f902e7cacc5,did:example:university1,academic,StudentID,13,2.09,16/07/2024,07/04/2026,revoked,eth-registry:52481270,False
did:example:32cbdcb5db437c0c,did:example:university1,academic,StudentID,13,2.22,26/09/2025,02/12/2026,revoked,eth-registry:342857c9,False
did:example:f0a20fa53743128a,did:example:employer1,professional,EmployeeID,13,1.78,31/01/2025,02/12/2026,active,eth-registry:8c2af90e,True
did:example:9b17dddb1eaacd2c,did:example:gov_issuer,government,ProofOfAge,15,2.47,02/10/2024,15/10/2026,active,eth-registry:1c28367a,True
did:example:4ee4e6091f55da67,did:example:employer1,professional,EmployeeID,12,1.72,16/01/2025,10/07/2027,revoked,eth-registry:414e0f8a,False
did:example:c716cdde72ef61da,did:example:employer1,professional,EmployeeID,11,1.68,16/08/2025,04/12/2026,revoked,eth-registry:5262d87f,True
did:example:1f3f306b40112746,did:example:university1,academic,StudentID,15,2.23,24/10/2025,28/11/2027,revoked,eth-registry:8b897c51,False
did:example:de0631878014c169,did:example:gov_issuer,government,ProofOfResidence,14,2.34,20/08/2024,16/12/2026,revoked,eth-registry:65719701,False
did:example:7601d302c4d3e37d,did:example:gov_issuer,government,ProofOfResidence,14,2.66,31/08/2025,09/12/2027,revoked,eth-registry:ff7b3f6f,True
did:example:8099a2792a89168c,did:example:gov_issuer,government,ProofOfAge,14,2.31,08/08/2025,07/04/2028,active,eth-registry:3bcb99dd,True
did:example:5ed6952428859ab7,did:example:university1,academic,StudentID,13,2.11,06/01/2024,09/07/2026,revoked,eth-registry:de7bb0e5,True
did:example:8c90c2d946b5ee56,did:example:university1,academic,StudentID,14,1.92,15/10/2025,20/09/2027,revoked,eth-registry:f557de27,False
did:example:7743b98063627cf1,did:example:employer1,professional,EmployeeID,14,1.91,16/06/2024,02/01/2026,active,eth-registry:ea5480de,False
did:example:144f9148740f7fa5,did:example:employer1,professional,EmployeeID,12,1.68,13/07/2025,16/04/2028,active,eth-registry:3419a030,False
did:example:af41a3d900bbeecd,did:example:employer1,professional,EmployeeID,10,1.83,10/10/2025,15/07/2028,active,eth-registry:8b4746c7,True
did:example:aaf456cb796eab3e,did:example:university1,academic,StudentID,13,2.27,23/02/2025,28/05/2026,revoked,eth-registry:7bca8ad9,False
did:example:ca2348de981b4184,did:example:university1,academic,StudentID,12,2.16,18/08/2024,15/07/2026,revoked,eth-registry:31d31513,False
did:example:c5af019bb04f79a0,did:example:gov_issuer,government,ProofOfAge,16,2.37,17/09/2025,19/03/2028,active,eth-registry:5f62141f,False
did:example:6fbf31fa807c23e1,did:example:employer1,professional,EmployeeID,13,1.92,15/12/2024,12/04/2027,active,eth-registry:af11ae4d,True
did:example:9b79fc1a66972c1f,did:example:gov_issuer,government,ProofOfAge,14,2.48,15/07/2025,14/04/2028,active,eth-registry:c2aa61e7,True
did:example:8a95867c0dcf7cb4,did:example:employer1,professional,EmployeeID,13,1.61,08/05/2025,14/10/2026,revoked,eth-registry:c738e613,True
did:example:3d6bba091e0eb2e8,did:example:university1,academic,StudentID,12,2.09,22/08/2024,11/07/2027,revoked,eth-registry:9377885b,False
did:example:d2a15fe8c672fe2f,did:example:employer1,professional,EmployeeID,13,1.92,01/02/2025,21/07/2026,active,eth-registry:e9864a42,False
did:example:3e32d434ca4d5c55,did:example:university1,academic,StudentID,15,2.07,26/05/2024,04/08/2025,revoked,eth-registry:0250dbc9,False
did:example:32a9a8b60907ef27,did:example:university1,academic,StudentID,15,2.2,04/01/2024,24/06/2026,active,eth-registry:fad301b5,False
did:example:d85d6afde3aa13b7,did:example:gov_issuer,government,ProofOfAge,17,2.58,19/05/2025,27/03/2028,active,eth-registry:96351c4a,True
did:example:dfef57412dcb346e,did:example:university1,academic,StudentID,14,2.08,30/05/2024,10/02/2026,revoked,eth-registry:aa7ab77b,True
did:example:0d71b92b199be58d,did:example:university1,academic,StudentID,12,2.03,14/01/2025,10/05/2026,revoked,eth-registry:1abae914,True
did:example:1983a7dcb8180005,did:example:university1,academic,StudentID,12,2.19,14/03/2024,14/12/2026,revoked,eth-registry:ad5c2114,True
did:example:450815613012b5aa,did:example:employer1,professional,EmployeeID,11,1.75,23/04/2025,01/07/2026,revoked,eth-registry:15fb5f56,True
did:example:ccf881e87a027525,did:example:university1,academic,StudentID,14,1.97,02/05/2024,30/08/2026,active,eth-registry:dc230212,True
did:example:c71aefc42d0edfa1,did:example:university1,academic,StudentID,14,2.03,30/06/2024,30/09/2025,revoked,eth-registry:12c1ca02,False
did:example:3f68289c3b97ec41,did:example:employer1,professional,EmployeeID,13,1.95,17/04/2024,16/08/2026,active,eth-registry:17394995,True
did:example:46c8168c15e2d4a0,did:example:gov_issuer,government,ProofOfResidence,15,2.41,01/11/2025,23/01/2027,revoked,eth-registry:ce82699b,False
did:example:bbda72d0b78ce667,did:example:employer1,professional,EmployeeID,14,1.69,31/03/2025,02/01/2027,revoked,eth-registry:69a13e05,True
did:example:212c04d1b7475cec,did:example:university1,academic,StudentID,13,1.95,01/05/2025,05/04/2027,active,eth-registry:86aa94eb,False
did:example:8596aebda32f3d42,did:example:employer1,professional,EmployeeID,11,1.62,24/10/2024,14/08/2027,active,eth-registry:34b1b508,False
did:example:1f7256ba2a24eab1,did:example:employer1,professional,EmployeeID,13,1.99,19/09/2025,20/02/2028,revoked,eth-registry:b8958710,True
did:example:2a4b2c1da2cab7c3,did:example:university1,academic,StudentID,12,2.11,18/02/2024,08/01/2027,active,eth-registry:df018374,True
did:example:8ccab1db969a31f6,did:example:university1,academic,StudentID,13,2.19,29/10/2024,27/11/2026,revoked,eth-registry:360f3914,False
did:example:8ff64310de488f5d,did:example:employer1,professional,EmployeeID,13,1.91,01/03/2024,05/09/2025,revoked,eth-registry:5e73edf0,False
did:example:0dc030f4b3edd63b,did:example:gov_issuer,government,ProofOfResidence,17,2.44,24/05/2025,30/03/2027,revoked,eth-registry:a320738a,False
did:example:d19d59beae080974,did:example:university1,academic,StudentID,13,2.22,25/11/2025,06/12/2027,active,eth-registry:511f84f0,True
did:example:7dd9b2853d866d3a,did:example:employer1,professional,EmployeeID,10,1.98,14/07/2025,30/08/2027,active,eth-registry:f6978a09,False
did:example:ee8884d3f539db1d,did:example:gov_issuer,government,ProofOfResidence,14,2.6,23/04/2024,14/02/2027,active,eth-registry:8c731416,False
did:example:ddca16c10063f752,did:example:university1,academic,StudentID,12,2.18,30/07/2025,15/05/2028,active,eth-registry:86d65def,False
did:example:6828a2ea34e347cc,did:example:employer1,professional,EmployeeID,14,1.77,04/07/2024,16/09/2025,active,eth-registry:2ea6a4cd,False
did:example:c1857ab3406a8415,did:example:employer1,professional,EmployeeID,13,1.94,11/09/2024,14/04/2027,revoked,eth-registry:40c54ba4,False
did:example:cb32fda10022ec4e,did:example:employer1,professional,EmployeeID,12,1.64,23/02/2025,28/09/2026,active,eth-registry:55f53124,True
did:example:fdbcc761c248d629,did:example:university1,academic,StudentID,14,2.2,27/11/2024,30/01/2027,revoked,eth-registry:e3e4e95a,False
did:example:e6979c14dd2ab1fc,did:example:gov_issuer,government,ProofOfResidence,15,2.44,16/05/2024,13/04/2027,active,eth-registry:06f0e7b5,True
did:example:703c7cb69045acc3,did:example:university1,academic,StudentID,12,2.13,22/01/2025,29/10/2027,active,eth-registry:bc486216,True
did:example:c1c68eeffbcb9d71,did:example:employer1,professional,EmployeeID,10,1.96,24/05/2024,13/05/2026,active,eth-registry:46fcb513,False
did:example:db6177ab24d7ef28,did:example:employer1,professional,EmployeeID,13,1.84,08/06/2025,11/07/2026,revoked,eth-registry:6c15015b,False
did:example:f5922908e5191a9c,did:example:employer1,professional,EmployeeID,10,1.61,23/02/2024,18/01/2027,active,eth-registry:39627817,False
did:example:42674581cf2c5b98,did:example:employer1,professional,EmployeeID,10,1.89,15/08/2025,08/06/2028,revoked,eth-registry:57b9139e,False
did:example:b54de9a6cb9c7248,did:example:university1,academic,StudentID,15,2.27,17/12/2025,20/09/2027,active,eth-registry:5f8e7bd2,False
did:example:e5796a9c3889df54,did:example:university1,academic,StudentID,14,2.16,29/06/2025,07/10/2026,revoked,eth-registry:86e27b02,True
did:example:bd7645f66ea4ff81,did:example:university1,academic,StudentID,13,2.24,19/03/2025,08/04/2027,active,eth-registry:85142c99,True
did:example:c48b4b7f64bdda8c,did:example:gov_issuer,government,ProofOfResidence,15,2.63,18/11/2024,27/06/2027,revoked,eth-registry:fd09d265,False
did:example:5840f863a6fe74ec,did:example:university1,academic,StudentID,12,2.24,22/01/2025,19/12/2026,active,eth-registry:c1cdd9ca,False
did:example:9ace8899fb9af9ad,did:example:employer1,professional,EmployeeID,12,1.74,09/01/2025,24/01/2026,revoked,eth-registry:8c906ead,True
did:example:aba922ca6c296470,did:example:university1,academic,StudentID,13,2.09,11/10/2025,10/09/2027,active,eth-registry:487633bc,True
did:example:ba2647ad04843867,did:example:employer1,professional,EmployeeID,12,1.94,03/04/2024,14/04/2026,active,eth-registry:353daed1,True
did:example:eac0de6604ff42cf,did:example:gov_issuer,government,ProofOfResidence,14,2.66,10/03/2025,09/01/2028,revoked,eth-registry:f692d58a,False
did:example:a2f674acc1a2bb94,did:example:employer1,professional,EmployeeID,11,1.66,05/02/2025,18/09/2027,active,eth-registry:79358d51,True
did:example:753a751b7e64cae6,did:example:gov_issuer,government,ProofOfResidence,14,2.37,11/07/2024,30/11/2026,active,eth-registry:64d28db1,False
did:example:50f9f13eb2541eb3,did:example:employer1,professional,EmployeeID,12,1.74,28/10/2024,19/08/2026,revoked,eth-registry:06ad34cc,True
did:example:be497449be4d6ffa,did:example:gov_issuer,government,ProofOfResidence,15,2.61,11/12/2024,02/11/2027,revoked,eth-registry:baedf8dd,False
did:example:34118ed5f5f95f46,did:example:university1,academic,StudentID,12,2.25,26/01/2024,13/07/2025,revoked,eth-registry:74e990ad,True
did:example:a3cc388a617f3afe,did:example:gov_issuer,government,ProofOfResidence,16,2.53,15/12/2024,12/08/2026,revoked,eth-registry:22f7eb89,True
did:example:53f004469ca9fc5e,did:example:employer1,professional,EmployeeID,12,1.65,04/05/2024,12/01/2027,active,eth-registry:898ef8cf,True
did:example:c2d629f5a47d681c,did:example:employer1,professional,EmployeeID,11,1.72,17/10/2024,13/10/2027,revoked,eth-registry:34839ff3,False
did:example:5f348fdc7d5daf64,did:example:employer1,professional,EmployeeID,13,1.94,22/07/2024,09/03/2027,revoked,eth-registry:038601d2,True
did:example:20c2d193ec6d66ef,did:example:gov_issuer,government,ProofOfAge,15,2.44,04/07/2025,03/12/2027,revoked,eth-registry:6b26c7f5,False
did:example:af05622d7aefa0e1,did:example:university1,academic,StudentID,13,1.94,03/12/2025,18/10/2028,revoked,eth-registry:6fb09839,False
did:example:94b1f57ea12fa20d,did:example:gov_issuer,government,ProofOfAge,16,2.42,21/03/2024,24/06/2025,active,eth-registry:ccb6f768,True
did:example:c5bab9ca645a275c,did:example:employer1,professional,EmployeeID,10,1.92,06/07/2024,07/11/2026,revoked,eth-registry:d55deae3,False
did:example:4a54bdf43a5303cf,did:example:gov_issuer,government,ProofOfResidence,16,2.5,26/04/2024,21/02/2026,revoked,eth-registry:561581a7,False
did:example:6938e545608c82ae,did:example:gov_issuer,government,ProofOfAge,16,2.37,19/12/2024,01/03/2027,revoked,eth-registry:626df7c4,False
did:example:208bba7c709188fc,did:example:university1,academic,StudentID,12,2.03,29/09/2024,29/03/2026,revoked,eth-registry:2093cdaa,False
did:example:0511b572fce88053,did:example:university1,academic,StudentID,14,2.28,28/11/2024,20/11/2026,active,eth-registry:673d1e72,False
did:example:4ee8b5bed99106d1,did:example:university1,academic,StudentID,12,2.07,22/02/2024,12/08/2025,revoked,eth-registry:d05fd693,True
did:example:f819ab2b32e35b9b,did:example:university1,academic,StudentID,14,2.08,28/09/2025,11/01/2028,revoked,eth-registry:b04c6ee5,False
did:example:308b55813910eccf,did:example:university1,academic,StudentID,12,1.96,22/12/2025,31/10/2028,revoked,eth-registry:0d4f2571,True
did:example:a4537297ad39967b,did:example:university1,academic,StudentID,12,2.02,28/10/2025,09/12/2026,revoked,eth-registry:6baccfd9,True
did:example:9669cc816d0d7470,did:example:employer1,professional,EmployeeID,11,1.93,28/12/2024,29/11/2027,active,eth-registry:1a17e4b1,True
did:example:9f400f310b1ac8a9,did:example:university1,academic,StudentID,14,2.21,02/05/2025,26/08/2027,revoked,eth-registry:be61aaf7,True
did:example:bb58a7092b5508d7,did:example:university1,academic,StudentID,14,2.07,06/02/2024,15/02/2025,revoked,eth-registry:d4a031fb,False
did:example:3d289af6f5f6f6c7,did:example:university1,academic,StudentID,13,2.26,22/03/2025,19/05/2027,revoked,eth-registry:d161b6bd,True
did:example:12dc6b6005a6539d,did:example:gov_issuer,government,ProofOfAge,14,2.45,20/03/2025,28/06/2026,revoked,eth-registry:522f2575,False
did:example:622da68f48a566cc,did:example:employer1,professional,EmployeeID,11,1.95,21/06/2025,28/01/2028,revoked,eth-registry:ec92b52f,False
did:example:b2a430c24ea46201,did:example:employer1,professional,EmployeeID,13,1.61,24/07/2025,12/02/2027,revoked,eth-registry:446cc13f,False
did:example:6486f99d1558a0fd,did:example:employer1,professional,EmployeeID,10,1.74,01/01/2024,11/02/2025,revoked,eth-registry:397dcd31,False
did:example:4c2b6f378081abe1,did:example:university1,academic,StudentID,14,2.24,25/10/2024,06/07/2027,active,eth-registry:e3cceaea,False
did:example:cd147f0649fe8777,did:example:employer1,professional,EmployeeID,11,1.96,20/12/2024,16/01/2027,active,eth-registry:191b5013,False
did:example:29b1210650fa2228,did:example:university1,academic,StudentID,12,2.2,17/12/2024,08/03/2027,revoked,eth-registry:c93db306,False
did:example:33699c8dc0bb9724,did:example:employer1,professional,EmployeeID,13,1.87,05/02/2025,05/10/2027,revoked,eth-registry:6c47a756,False
did:example:70c964f2d3f83f1d,did:example:employer1,professional,EmployeeID,10,1.93,27/05/2025,14/07/2027,revoked,eth-registry:4c9cbf48,True
did:example:22e825028843305f,did:example:university1,academic,StudentID,13,2.18,05/03/2025,08/10/2027,active,eth-registry:90c1a4ea,True
did:example:18ed6f3e3ce68a89,did:example:university1,academic,StudentID,12,2.0,19/06/2024,30/08/2026,revoked,eth-registry:7f0e289d,True
did:example:631f02d31dff3f24,did:example:university1,academic,StudentID,14,2.09,30/04/2025,20/05/2026,revoked,eth-registry:c9024ae7,True
did:example:8a0231e2053b9754,did:example:university1,academic,StudentID,12,2.16,12/03/2025,04/02/2028,active,eth-registry:ce22fad7,False
did:example:58dbb714c6fb2d17,did:example:university1,academic,StudentID,12,2.14,26/05/2024,27/04/2027,active,eth-registry:4695ad0b,True
did:example:1413028e43699f8d,did:example:employer1,professional,EmployeeID,12,1.95,06/04/2025,24/10/2026,revoked,eth-registry:e9da89f7,False
did:example:421935d3202e8e9f,did:example:university1,academic,StudentID,15,2.09,16/01/2025,06/05/2027,revoked,eth-registry:31cda663,False
did:example:bbdca4260860999b,did:example:university1,academic,StudentID,12,1.97,11/08/2025,09/11/2026,active,eth-registry:2539d309,True
did:example:44ae9e3cd32e0e68,did:example:employer1,professional,EmployeeID,12,1.69,13/10/2024,09/05/2026,revoked,eth-registry:db8c7ac3,False
did:example:d07c2aed1528fb97,did:example:employer1,professional,EmployeeID,14,1.94,13/10/2025,31/12/2027,revoked,eth-registry:e24d95c1,False
did:example:1d6a6abc0d8228c3,did:example:university1,academic,StudentID,13,1.9,27/01/2025,08/10/2026,active,eth-registry:f01b7028,False
did:example:792c98a66944912d,did:example:university1,academic,StudentID,13,2.25,18/11/2025,26/10/2028,revoked,eth-registry:22a58c99,False
did:example:42e65f0bc247ef6a,did:example:employer1,professional,EmployeeID,14,1.62,15/03/2024,11/05/2025,active,eth-registry:57b3b343,False
did:example:199608c876508656,did:example:employer1,professional,EmployeeID,13,1.76,02/04/2024,03/09/2026,revoked,eth-registry:2ff76666,True
did:example:9df8987e875e59f6,did:example:university1,academic,StudentID,13,2.22,08/06/2024,29/08/2026,revoked,eth-registry:21c20865,False
did:example:43cf4b73707c1959,did:example:university1,academic,StudentID,15,2.06,19/08/2025,01/06/2028,active,eth-registry:15f072b0,False
did:example:8f6f5e606d6a26d0,did:example:university1,academic,StudentID,14,2.23,05/01/2025,19/08/2027,revoked,eth-registry:cfb9c7d5,True
did:example:4205224039560cde,did:example:gov_issuer,government,ProofOfAge,16,2.34,08/05/2025,22/02/2028,active,eth-registry:aa09c1f8,False
did:example:8f3db789e3f24102,did:example:gov_issuer,government,ProofOfAge,16,2.5,15/01/2024,17/08/2026,active,eth-registry:2cea2997,True
did:example:c257ec2205d1b886,did:example:university1,academic,StudentID,15,2.13,28/09/2024,07/03/2026,active,eth-registry:46431df9,True
did:example:d41c5ec9167ce09f,did:example:gov_issuer,government,ProofOfResidence,18,2.66,15/09/2024,22/07/2026,active,eth-registry:c477f952,False
did:example:c5cff2aa89839ddf,did:example:employer1,professional,EmployeeID,14,1.64,05/11/2025,20/03/2028,revoked,eth-registry:4c220aa1,False
did:example:5e6f28a5cf2fc7dc,did:example:employer1,professional,EmployeeID,13,1.74,17/03/2024,17/03/2027,revoked,eth-registry:a7d0283d,True
did:example:e51b758300332e86,did:example:employer1,professional,EmployeeID,11,1.86,20/09/2025,11/06/2028,revoked,eth-registry:744200de,False
did:example:4c8d044bd32416ff,did:example:employer1,professional,EmployeeID,10,1.99,26/09/2024,13/01/2027,revoked,eth-registry:7586a89d,True
did:example:1c6b3bef716b1857,did:example:employer1,professional,EmployeeID,10,1.94,20/07/2025,02/10/2026,revoked,eth-registry:3b5e0a93,False
did:example:b7d472a2166fc232,did:example:university1,academic,StudentID,15,2.24,31/07/2024,03/06/2026,revoked,eth-registry:a509a9a6,False
did:example:94090c9c3b46feab,did:example:gov_issuer,government,ProofOfResidence,15,2.51,12/02/2024,02/06/2026,active,eth-registry:b874b089,False
did:example:73feff2734880738,did:example:university1,academic,StudentID,12,2.13,11/05/2025,26/11/2027,revoked,eth-registry:7ce5bc04,False
did:example:a6dcf9f6d8e5b1d8,did:example:employer1,professional,EmployeeID,11,1.94,09/05/2024,23/11/2025,revoked,eth-registry:6a9881dd,True
did:example:7398603bace1c7e1,did:example:university1,academic,StudentID,12,2.25,18/04/2024,25/03/2026,revoked,eth-registry:a9c4006d,False
did:example:f6191eea745e9f97,did:example:gov_issuer,government,ProofOfAge,16,2.62,02/11/2025,24/06/2028,revoked,eth-registry:feb62783,False
did:example:bbce2a38acc87f3e,did:example:gov_issuer,government,ProofOfResidence,16,2.63,14/06/2024,13/02/2027,active,eth-registry:eed1d8be,True
did:example:fdd4baf3bd471aa6,did:example:employer1,professional,EmployeeID,11,1.95,19/12/2025,31/05/2027,revoked,eth-registry:f9782ef1,False
did:example:5707a1d044269614,did:example:employer1,professional,EmployeeID,13,1.65,11/09/2024,15/03/2026,revoked,eth-registry:319cbb43,True
did:example:b0cfe010af437b54,did:example:gov_issuer,government,ProofOfResidence,16,2.42,21/07/2024,19/04/2026,active,eth-registry:70548f75,False
did:example:3ad020c54f09338a,did:example:employer1,professional,EmployeeID,14,1.99,28/11/2024,13/03/2027,revoked,eth-registry:fcb3516e,True
did:example:5911e083f742f14a,did:example:gov_issuer,government,ProofOfResidence,17,2.52,21/07/2024,27/11/2026,active,eth-registry:b89d9320,False
did:example:1a39ecd46ef43e1e,did:example:gov_issuer,government,ProofOfResidence,14,2.37,08/11/2025,15/05/2028,revoked,eth-registry:555201c3,False
did:example:32be4b3fa2688313,did:example:gov_issuer,government,ProofOfAge,15,2.5,22/03/2025,02/05/2027,revoked,eth-registry:862fe18a,False
did:example:05735911188721a0,did:example:university1,academic,StudentID,15,2.16,27/06/2025,27/04/2028,revoked,eth-registry:9292fb65,False
did:example:e1605c104394af7f,did:example:university1,academic,StudentID,14,2.23,25/02/2024,22/05/2025,active,eth-registry:a069fcce,True
did:example:95d263c8414d63ea,did:example:gov_issuer,government,ProofOfAge,17,2.62,23/06/2024,11/07/2026,revoked,eth-registry:3f3d0f59,True
did:example:67497aaa267841ab,did:example:university1,academic,StudentID,13,1.92,11/03/2025,22/08/2026,revoked,eth-registry:57dd9482,False
did:example:efb6245267fa5227,did:example:university1,academic,StudentID,12,2.08,21/12/2024,19/01/2027,revoked,eth-registry:edc0d5c4,True
did:example:216e4d680f79768d,did:example:employer1,professional,EmployeeID,13,1.61,09/12/2025,16/09/2028,active,eth-registry:9a635649,True
did:example:84064e74f6525836,did:example:university1,academic,StudentID,15,2.26,12/06/2025,20/03/2028,active,eth-registry:d0c81287,True
did:example:ba0268ae0bfe6181,did:example:employer1,professional,EmployeeID,13,1.67,05/08/2024,28/07/2027,revoked,eth-registry:97fad6fd,False
did:example:ea4281e030732eea,did:example:gov_issuer,government,ProofOfResidence,16,2.55,27/11/2024,19/11/2026,revoked,eth-registry:b75ee1df,False
did:example:1655cc92b400b928,did:example:university1,academic,StudentID,12,2.13,26/06/2025,15/11/2027,active,eth-registry:774d6c44,False
did:example:851807a5c7eac7a3,did:example:gov_issuer,government,ProofOfResidence,17,2.55,26/10/2024,09/10/2026,active,eth-registry:4fd52f11,False
did:example:1b262e9cbd30ab3c,did:example:gov_issuer,government,ProofOfResidence,17,2.53,18/01/2025,25/01/2026,active,eth-registry:2ba89876,False
did:example:019cb9ee8f12e369,did:example:university1,academic,StudentID,14,2.19,07/08/2025,02/03/2027,revoked,eth-registry:9380649a,False
did:example:c6796b7e1877c884,did:example:employer1,professional,EmployeeID,10,1.85,29/07/2024,23/01/2027,active,eth-registry:edf5a4b4,True
did:example:912277d0c8fa456a,did:example:university1,academic,StudentID,14,1.94,13/03/2024,21/04/2025,active,eth-registry:fa94d18c,False
did:example:0914b7327da292c4,did:example:gov_issuer,government,ProofOfResidence,17,2.45,28/10/2024,09/02/2027,active,eth-registry:ca852324,True
did:example:d6e29c55158165ad,did:example:university1,academic,StudentID,15,2.12,09/06/2024,10/05/2026,active,eth-registry:e7dae4d2,True
did:example:ffd5c905056cbba1,did:example:gov_issuer,government,ProofOfResidence,16,2.43,06/02/2025,04/12/2026,revoked,eth-registry:3c805c6e,True
did:example:c37f7545e5418cc6,did:example:gov_issuer,government,ProofOfAge,17,2.6,15/09/2025,05/03/2028,revoked,eth-registry:8e182681,True
did:example:17f72307a2ae5bfa,did:example:university1,academic,StudentID,13,2.03,10/07/2025,23/12/2026,active,eth-registry:b2a5c76b,False
did:example:5cf4a20e6e6e9b66,did:example:university1,academic,StudentID,14,2.23,17/06/2025,23/12/2026,active,eth-registry:e914d04f,False
did:example:878279f5f4517e67,did:example:employer1,professional,EmployeeID,13,1.66,30/01/2025,31/05/2026,active,eth-registry:47221512,False
did:example:1d0fcd005269aee7,did:example:gov_issuer,government,ProofOfResidence,17,2.61,11/10/2025,29/12/2026,revoked,eth-registry:90ceee73,False
did:example:9dec45ba3cc8f61a,did:example:gov_issuer,government,ProofOfAge,18,2.37,07/11/2025,07/01/2027,active,eth-registry:a42aaa43,True
did:example:602c3d858eb00bfe,did:example:employer1,professional,EmployeeID,10,1.81,08/07/2025,21/09/2026,revoked,eth-registry:d20954f8,True
did:example:6e6d108c2e0f3276,did:example:university1,academic,StudentID,15,2.03,26/03/2024,06/07/2026,revoked,eth-registry:30160632,True
did:example:091421dab7875685,did:example:gov_issuer,government,ProofOfAge,17,2.55,05/08/2024,12/03/2026,active,eth-registry:54fae833,True
did:example:75c7ff837dc01b4c,did:example:university1,academic,StudentID,14,1.99,01/12/2025,04/08/2027,active,eth-registry:dfd61457,True
did:example:5f883844f3589d55,did:example:employer1,professional,EmployeeID,12,1.92,23/02/2024,26/08/2026,active,eth-registry:9755e7f4,True
did:example:20459465924964a2,did:example:university1,academic,StudentID,14,2.13,06/02/2025,19/02/2027,active,eth-registry:1c8d00a4,True
did:example:92908149a7c7d28c,did:example:gov_issuer,government,ProofOfAge,16,2.68,12/04/2025,07/06/2026,active,eth-registry:3dffb695,True
did:example:4bebca53a16f42c1,did:example:employer1,professional,EmployeeID,12,1.88,13/10/2024,31/10/2026,active,eth-registry:4885b4ac,True
did:example:81995f889af6b7c4,did:example:employer1,professional,EmployeeID,14,1.84,29/05/2025,24/09/2027,active,eth-registry:5e747a15,True
did:example:4f9fe8134bc3800f,did:example:university1,academic,StudentID,15,2.23,25/02/2024,13/05/2026,active,eth-registry:f75f6cc8,True
did:example:71ff729adbcbd8ed,did:example:university1,academic,StudentID,12,1.99,09/06/2024,05/03/2027,active,eth-registry:e7047ab3,True
did:example:47076a674feacb7d,did:example:university1,academic,StudentID,15,2.15,04/08/2024,12/10/2026,active,eth-registry:1627dcfc,True
did:example:a35f11610e20ae93,did:example:employer1,professional,EmployeeID,11,1.76,04/05/2024,18/12/2026,revoked,eth-registry:1755f46c,False
did:example:04fa3f99b76bddad,did:example:gov_issuer,government,ProofOfResidence,14,2.6,16/11/2024,30/11/2026,revoked,eth-registry:9db53c49,True
did:example:337a8e15d9a0195d,did:example:gov_issuer,government,ProofOfAge,18,2.31,08/12/2024,18/03/2027,revoked,eth-registry:9659f7a4,True
did:example:8d94bad5e6bab0fa,did:example:gov_issuer,government,ProofOfResidence,15,2.47,15/11/2025,08/03/2027,revoked,eth-registry:b5088d53,False
did:example:106b195a5b0656db,did:example:employer1,professional,EmployeeID,11,1.86,20/12/2024,15/12/2027,revoked,eth-registry:d23525a9,False
did:example:af310e0b11a3423c,did:example:gov_issuer,government,ProofOfResidence,15,2.48,06/07/2025,25/07/2026,active,eth-registry:a3faaed7,False
did:example:546e442df113251e,did:example:university1,academic,StudentID,13,2.0,05/03/2024,10/02/2027,active,eth-registry:ad875650,True
did:example:1a9e399b47784fe6,did:example:gov_issuer,government,ProofOfResidence,14,2.49,13/02/2024,09/04/2026,revoked,eth-registry:523ca307,False
did:example:7f50e5030fdc25c2,did:example:university1,academic,StudentID,12,2.24,15/10/2024,18/06/2026,revoked,eth-registry:451d29e4,True
did:example:b8a623b81f98fcc5,did:example:university1,academic,StudentID,13,1.98,27/08/2024,02/07/2026,active,eth-registry:37dd3f67,False
did:example:55a34133a9d65ead,did:example:employer1,professional,EmployeeID,11,1.75,05/11/2025,30/12/2026,active,eth-registry:fe3ed5bb,False
did:example:3c8c0adef87a4cec,did:example:university1,academic,StudentID,12,2.3,25/12/2024,20/10/2026,revoked,eth-registry:417250d8,True
did:example:a12e702d1be33d90,did:example:gov_issuer,government,ProofOfAge,18,2.67,22/12/2024,11/02/2026,revoked,eth-registry:43f428cf,True
did:example:a8b23401acc859ea,did:example:employer1,professional,EmployeeID,12,1.61,13/09/2025,24/07/2027,active,eth-registry:7b7b60f0,True
did:example:cfb8083f682cd224,did:example:employer1,professional,EmployeeID,10,1.81,24/09/2025,01/01/2027,revoked,eth-registry:ee958787,False
did:example:c0c3fe0305f418e2,did:example:employer1,professional,EmployeeID,10,1.63,21/07/2025,11/10/2026,active,eth-registry:f8175243,False
did:example:df0b86da01cee63a,did:example:university1,academic,StudentID,15,2.27,16/11/2024,20/04/2027,revoked,eth-registry:9afeada6,False
did:example:6d007d8cf314d34b,did:example:gov_issuer,government,ProofOfResidence,15,2.48,06/06/2024,15/10/2025,active,eth-registry:8dd66237,False
did:example:8677e5cf845e0ded,did:example:university1,academic,StudentID,12,2.07,26/01/2024,27/09/2025,revoked,eth-registry:134d4c8b,True
did:example:8ba6428963d43169,did:example:university1,academic,StudentID,14,2.01,06/02/2024,04/06/2026,active,eth-registry:341e782d,True
did:example:bdc6509da2f9fc3a,did:example:employer1,professional,EmployeeID,14,1.83,19/08/2025,22/08/2027,revoked,eth-registry:53055344,False
did:example:2aea3d4d280ad8e2,did:example:university1,academic,StudentID,13,1.96,06/04/2024,16/04/2026,active,eth-registry:dc2322d6,True
did:example:b36209f87c009db6,did:example:university1,academic,StudentID,14,2.22,30/10/2024,18/09/2026,active,eth-registry:8f3402a3,True
did:example:01afa974bbe7291e,did:example:university1,academic,StudentID,13,2.1,02/01/2025,23/03/2027,revoked,eth-registry:3d40781e,True
did:example:6e699ea72138271d,did:example:gov_issuer,government,ProofOfAge,14,2.53,10/02/2025,02/06/2027,active,eth-registry:4dd21994,True
did:example:42117c80725b4528,did:example:university1,academic,StudentID,15,2.24,06/03/2024,08/06/2025,revoked,eth-registry:9bda0e9b,False
did:example:f56ee88e23afc130,did:example:university1,academic,StudentID,15,1.97,17/01/2025,22/12/2027,active,eth-registry:37df13d0,True
did:example:ff37bfd3ce984109,did:example:gov_issuer,government,ProofOfResidence,18,2.37,01/07/2024,16/02/2027,revoked,eth-registry:76b5e359,True
did:example:cddb773724979e65,did:example:university1,academic,StudentID,12,2.07,06/09/2024,13/07/2026,revoked,eth-registry:1ee237b8,True
did:example:58473656f2e4bb2b,did:example:university1,academic,StudentID,14,2.21,23/08/2025,22/05/2027,active,eth-registry:a79b17ec,False
did:example:5a005b43c39d2664,did:example:gov_issuer,government,ProofOfResidence,17,2.32,02/12/2024,16/05/2027,active,eth-registry:d46c0dcf,True
did:example:48f5043eb0cf7a35,did:example:employer1,professional,EmployeeID,10,1.92,20/10/2024,11/01/2027,revoked,eth-registry:21ed4285,True
did:example:16c0d300f2674f40,did:example:university1,academic,StudentID,15,2.1,12/01/2024,20/08/2026,revoked,eth-registry:adcc4598,True
did:example:1e77fc192b591003,did:example:employer1,professional,EmployeeID,10,1.82,29/12/2025,04/12/2027,active,eth-registry:bc6677e4,True
did:example:7f6a2cfdc0f42fae,did:example:gov_issuer,government,ProofOfAge,15,2.53,09/03/2025,25/01/2027,active,eth-registry:3b68dc76,False
did:example:6f5fc465ee8975c3,did:example:employer1,professional,EmployeeID,14,1.62,06/07/2025,13/06/2027,revoked,eth-registry:1557bbe9,True
did:example:3de05dfe1ebf8b7f,did:example:gov_issuer,government,ProofOfAge,16,2.4,12/11/2024,16/06/2026,revoked,eth-registry:aed70a87,False
did:example:756c8a784b5d0393,did:example:gov_issuer,government,ProofOfAge,17,2.6,12/07/2024,01/02/2027,revoked,eth-registry:b5d4da43,False
did:example:f2d16ca24306ed3c,did:example:university1,academic,StudentID,13,2.06,18/07/2024,20/02/2027,revoked,eth-registry:875d097a,True
did:example:f04bc072464acea8,did:example:gov_issuer,government,ProofOfResidence,17,2.52,06/01/2024,26/03/2025,active,eth-registry:aef69b59,False
did:example:a136b52f41207303,did:example:employer1,professional,EmployeeID,10,1.98,11/10/2025,18/12/2026,active,eth-registry:50a5aea0,True
did:example:891bc4331a090fb7,did:example:employer1,professional,EmployeeID,13,1.62,20/01/2025,15/03/2026,active,eth-registry:57ac6918,False
did:example:ebb6994c32b93acd,did:example:employer1,professional,EmployeeID,10,1.78,14/09/2024,12/05/2026,revoked,eth-registry:19bd26ee,False
did:example:58521eda8f66fb87,did:example:university1,academic,StudentID,12,2.04,30/05/2025,11/08/2026,active,eth-registry:66421ab5,True
did:example:aea5f3af70b09544,did:example:university1,academic,StudentID,14,1.94,04/04/2024,25/05/2026,active,eth-registry:60ddde7d,False
did:example:bd630f152e1a97f1,did:example:gov_issuer,government,ProofOfResidence,16,2.68,09/12/2024,06/12/2027,active,eth-registry:1b6a93e2,True
did:example:b3a03178bfc5b904,did:example:gov_issuer,government,ProofOfAge,14,2.68,15/11/2024,14/04/2027,revoked,eth-registry:a819e2d1,True
did:example:0e047359296b1ecb,did:example:gov_issuer,government,ProofOfResidence,17,2.42,24/10/2025,31/08/2028,revoked,eth-registry:abf89138,True
did:example:13718b6ab1164794,did:example:employer1,professional,EmployeeID,11,1.98,06/08/2025,22/11/2026,active,eth-registry:32c61dd4,True
did:example:e2f6d179645e7de0,did:example:employer1,professional,EmployeeID,14,1.61,15/07/2025,09/12/2027,active,eth-registry:25bf4c80,True
did:example:4a1aaf9e4e9cd526,did:example:employer1,professional,EmployeeID,10,1.99,09/07/2024,23/12/2026,active,eth-registry:442e7472,True
did:example:acd6d4ada11c92fa,did:example:university1,academic,StudentID,12,2.23,15/01/2025,08/12/2026,active,eth-registry:4b3b3643,False
did:example:035887001a4a2ed4,did:example:employer1,professional,EmployeeID,11,1.69,17/12/2025,14/06/2028,revoked,eth-registry:fbce7061,False
did:example:f7ad10e7a5a2b92a,did:example:employer1,professional,EmployeeID,12,1.84,14/01/2024,16/03/2025,revoked,eth-registry:3829b51d,False
did:example:e5b7e2e3ce5d2fd0,did:example:gov_issuer,government,ProofOfAge,16,2.62,21/04/2025,14/07/2027,active,eth-registry:a81eb4d7,False
did:example:4953082b5af6d540,did:example:gov_issuer,government,ProofOfResidence,14,2.43,04/09/2024,27/04/2027,active,eth-registry:2b9094e4,False
did:example:ad26f26994671e83,did:example:employer1,professional,EmployeeID,12,1.74,26/06/2025,09/04/2027,active,eth-registry:3c9d8b1c,False
did:example:46d958274bc39f4d,did:example:employer1,professional,EmployeeID,14,1.85,27/12/2024,14/05/2026,revoked,eth-registry:348230ee,True
did:example:9bf62a537d5019d9,did:example:university1,academic,StudentID,12,1.96,27/05/2025,03/06/2026,revoked,eth-registry:b946dceb,False
did:example:6c616a4ecd249c23,did:example:employer1,professional,EmployeeID,11,1.65,01/07/2024,16/01/2026,revoked,eth-registry:69d62851,True
did:example:7bb0ae6d3288c8f4,did:example:university1,academic,StudentID,13,2.0,07/10/2025,29/05/2028,revoked,eth-registry:760de39f,False
did:example:493bb55bf5ea8c3c,did:example:employer1,professional,EmployeeID,13,1.9,04/09/2025,10/05/2028,active,eth-registry:bd1b6f99,False
did:example:0884f213c9f6e83c,did:example:employer1,professional,EmployeeID,10,1.75,11/04/2025,05/07/2027,active,eth-registry:5a493d85,False
did:example:b41afe59dded8ac7,did:example:employer1,professional,EmployeeID,11,1.8,06/11/2024,13/05/2026,revoked,eth-registry:996b7f78,True
did:example:a7eb782320fb7fe5,did:example:university1,academic,StudentID,12,1.98,20/04/2024,27/10/2025,revoked,eth-registry:9fbc5186,True
did:example:d7503fe477cea40f,did:example:employer1,professional,EmployeeID,13,1.68,28/05/2024,04/02/2027,revoked,eth-registry:6217ab80,True
did:example:f3a0aba9b7b0921e,did:example:gov_issuer,government,ProofOfAge,14,2.56,18/10/2024,18/12/2026,active,eth-registry:9aaa4c1e,False
did:example:0cd8602d355d3e04,did:example:gov_issuer,government,ProofOfAge,17,2.34,23/07/2025,17/02/2028,active,eth-registry:cbc88d68,False
did:example:6c0a06d3a15f8335,did:example:gov_issuer,government,ProofOfResidence,16,2.57,23/11/2025,20/08/2027,revoked,eth-registry:7327760b,True
did:example:ecff1ffd1fa89559,did:example:gov_issuer,government,ProofOfAge,15,2.46,20/03/2025,22/11/2027,revoked,eth-registry:36819a5b,False
did:example:eecf6743a796b888,did:example:university1,academic,StudentID,15,2.17,16/11/2025,26/10/2027,revoked,eth-registry:948d8826,True
did:example:c447b206fc97d8d5,did:example:university1,academic,StudentID,15,2.05,24/05/2024,28/09/2026,active,eth-registry:060fcd03,False
did:example:f37bbcb957ec5726,did:example:employer1,professional,EmployeeID,14,1.94,26/06/2025,09/03/2028,active,eth-registry:461f9817,False
did:example:e439d287b79be994,did:example:gov_issuer,government,ProofOfAge,18,2.32,24/01/2025,08/10/2026,active,eth-registry:db2d0f5e,False
did:example:77fed9ae494a35bb,did:example:employer1,professional,EmployeeID,11,1.96,12/04/2024,08/11/2026,revoked,eth-registry:be272912,False
did:example:943fb17b8a1807da,did:example:gov_issuer,government,ProofOfResidence,18,2.41,22/05/2025,11/09/2027,active,eth-registry:f3866987,False
did:example:7c53fda8f885997b,did:example:gov_issuer,government,ProofOfAge,14,2.32,22/10/2025,20/10/2027,active,eth-registry:720e2ae2,False
did:example:7ec3149684417480,did:example:employer1,professional,EmployeeID,11,1.82,23/11/2024,22/07/2027,active,eth-registry:67ab6542,False
did:example:5603fd91129d33fa,did:example:employer1,professional,EmployeeID,12,1.69,05/07/2024,22/05/2026,revoked,eth-registry:07efd759,False
did:example:321991f6a9c7acc3,did:example:university1,academic,StudentID,14,2.08,09/08/2024,07/02/2027,active,eth-registry:a928d104,False
did:example:bea3840997a7130c,did:example:university1,academic,StudentID,14,2.22,15/03/2025,09/05/2026,revoked,eth-registry:aa3c1575,True
did:example:ca5ab4f68153a4a9,did:example:gov_issuer,government,ProofOfResidence,16,2.62,19/05/2025,08/02/2028,active,eth-registry:d91e5f4b,True
did:example:c9360847dd79251d,did:example:university1,academic,StudentID,13,2.14,07/06/2024,13/05/2027,revoked,eth-registry:269dc33d,True
did:example:0f104a8835520760,did:example:university1,academic,StudentID,14,2.29,17/05/2025,04/05/2028,active,eth-registry:f9d98ae6,False
did:example:73172c3a6cbc7711,did:example:employer1,professional,EmployeeID,12,1.79,30/06/2025,08/03/2028,revoked,eth-registry:d0d9cfbc,True
did:example:7d9bf44f64da6fbd,did:example:employer1,professional,EmployeeID,12,1.62,13/01/2024,31/05/2026,active,eth-registry:40735b6b,True
did:example:b42a0f88fd3a4e8c,did:example:employer1,professional,EmployeeID,12,1.93,07/10/2024,01/04/2027,revoked,eth-registry:a3fe192d,False
did:example:87602a84984c4c81,did:example:employer1,professional,EmployeeID,13,1.69,20/06/2024,29/04/2027,active,eth-registry:e246f429,False
did:example:4c360d61e69a0e17,did:example:university1,academic,StudentID,13,1.97,02/08/2025,17/01/2028,active,eth-registry:4f29de0c,True
did:example:5318c4442b80c8a8,did:example:employer1,professional,EmployeeID,10,1.63,17/04/2025,01/11/2026,active,eth-registry:2ef9d095,False
did:example:fa424544998863dd,did:example:employer1,professional,EmployeeID,11,1.73,24/01/2025,20/05/2026,revoked,eth-registry:ae4f44c6,True
did:example:0431c4c74ad4bfe1,did:example:employer1,professional,EmployeeID,12,1.73,12/06/2024,24/05/2027,revoked,eth-registry:805a50ff,False
did:example:187a52ca7d3cb960,did:example:university1,academic,StudentID,12,2.02,17/12/2024,28/03/2026,revoked,eth-registry:1b0b79e9,False
did:example:e3eca613f9fdea9d,did:example:university1,academic,StudentID,12,2.14,04/12/2025,29/09/2028,revoked,eth-registry:5733e226,True
did:example:071b94542f6f3e3b,did:example:university1,academic,StudentID,15,2.2,28/12/2025,11/11/2028,revoked,eth-registry:82624346,False
did:example:9bf7fa1c8f2bcb16,did:example:university1,academic,StudentID,13,2.28,29/04/2024,29/05/2025,revoked,eth-registry:d6349080,False
did:example:19e0204856dbec72,did:example:gov_issuer,government,ProofOfAge,17,2.34,20/12/2024,02/08/2027,active,eth-registry:ca544c37,False
did:example:b63e47bc77cac44c,did:example:employer1,professional,EmployeeID,10,1.66,30/06/2025,04/09/2027,active,eth-registry:2f57d7b5,True
did:example:2049dc68a4d90401,did:example:employer1,professional,EmployeeID,14,1.84,05/08/2024,16/05/2026,revoked,eth-registry:cd55ac69,True
did:example:2a476b0c5d343cd6,did:example:gov_issuer,government,ProofOfAge,15,2.34,30/12/2025,01/01/2028,active,eth-registry:75e672dc,False
did:example:9968fa0be1066558,did:example:employer1,professional,EmployeeID,11,1.75,07/12/2024,16/10/2026,active,eth-registry:2670cea4,False
did:example:ebcdd88ded967bf4,did:example:employer1,professional,EmployeeID,13,1.85,10/09/2024,29/04/2027,revoked,eth-registry:35556604,False
did:example:2168320b90456a05,did:example:employer1,professional,EmployeeID,11,1.91,19/11/2025,15/09/2027,active,eth-registry:30b076e1,True
did:example:278cb6e795070b00,did:example:university1,academic,StudentID,14,1.99,16/03/2025,16/06/2026,active,eth-registry:e8933f67,True
did:example:a21f82a144aad24c,did:example:employer1,professional,EmployeeID,13,1.87,15/02/2024,01/12/2025,revoked,eth-registry:9cb57220,True
did:example:5938968e834ca9b0,did:example:gov_issuer,government,ProofOfAge,14,2.56,18/03/2024,07/04/2026,revoked,eth-registry:e845fe8e,False
did:example:31980617cd83d160,did:example:employer1,professional,EmployeeID,10,1.94,17/12/2025,11/11/2027,active,eth-registry:1f7a671b,True
did:example:ed9b7a641613c76b,did:example:university1,academic,StudentID,15,2.03,30/03/2025,31/03/2027,active,eth-registry:5a82403b,False
did:example:c0b2cf37f7def4f3,did:example:gov_issuer,government,ProofOfResidence,15,2.6,27/09/2025,17/09/2028,revoked,eth-registry:b6fa9c04,False
did:example:617a2d18a54a3b52,did:example:university1,academic,StudentID,15,2.2,22/12/2025,07/10/2027,revoked,eth-registry:ead2a010,False
did:example:4eba1e62944a27b5,did:example:university1,academic,StudentID,15,2.0,28/06/2025,15/02/2028,active,eth-registry:10f074cf,True
did:example:c09a2fd1c7677a98,did:example:employer1,professional,EmployeeID,14,1.85,12/12/2025,06/12/2028,revoked,eth-registry:4a687be7,True
did:example:89b2026a17d6dc52,did:example:employer1,professional,EmployeeID,14,1.87,28/11/2025,27/07/2028,revoked,eth-registry:41e360a5,False
did:example:8e3886e02aeee2aa,did:example:employer1,professional,EmployeeID,14,1.71,28/10/2024,26/11/2026,revoked,eth-registry:9dec81b2,True
did:example:b58f9083b66f5b77,did:example:university1,academic,StudentID,13,2.08,11/04/2025,03/04/2028,revoked,eth-registry:018baf93,False
did:example:c0cf59a051bd9b56,did:example:university1,academic,StudentID,15,2.07,22/08/2025,20/06/2027,active,eth-registry:13838600,True
did:example:6b9156ce522eacba,did:example:gov_issuer,government,ProofOfAge,15,2.61,23/11/2025,15/06/2027,active,eth-registry:4de81a3f,False
did:example:04bc8046e3413dcb,did:example:employer1,professional,EmployeeID,12,1.6,27/08/2025,14/05/2028,revoked,eth-registry:c32fa7f0,True
did:example:2d24b8c07ebac8a1,did:example:gov_issuer,government,ProofOfAge,14,2.5,13/08/2025,14/06/2028,revoked,eth-registry:79af82e7,True
did:example:280b3d601a2e33be,did:example:gov_issuer,government,ProofOfResidence,18,2.37,27/08/2024,06/12/2025,active,eth-registry:58108ade,True
did:example:7cc951de5ba6dbf0,did:example:university1,academic,StudentID,14,2.16,09/11/2024,30/06/2026,active,eth-registry:3bf008b1,False
did:example:27399c338b6d60d1,did:example:employer1,professional,EmployeeID,14,1.87,24/08/2025,22/03/2027,revoked,eth-registry:99bbc5cf,False
did:example:4767cf61daebba83,did:example:university1,academic,StudentID,13,2.1,02/04/2024,22/11/2026,active,eth-registry:e85f676c,False
did:example:86d4ad582abc95e9,did:example:employer1,professional,EmployeeID,11,1.82,28/04/2024,17/11/2025,revoked,eth-registry:40aabab5,True
did:example:4c5a1f3c773c96e3,did:example:university1,academic,StudentID,14,2.03,29/07/2025,25/11/2027,revoked,eth-registry:b6ba4a39,False
did:example:99c3e63e6be72b29,did:example:employer1,professional,EmployeeID,14,1.73,16/12/2025,28/10/2028,active,eth-registry:49d63dd0,True
did:example:3bae1d01dda48224,did:example:university1,academic,StudentID,14,2.2,01/11/2024,28/08/2027,revoked,eth-registry:0e9cf5bf,False
did:example:f118c5316d9dd8c1,did:example:university1,academic,StudentID,15,1.95,23/09/2025,27/06/2028,revoked,eth-registry:338346f6,False
did:example:590c09a1b2128982,did:example:employer1,professional,EmployeeID,11,1.91,16/09/2024,07/10/2026,active,eth-registry:8730e360,False
did:example:e98e43e67ed85afc,did:example:university1,academic,StudentID,15,2.16,08/01/2025,27/03/2027,active,eth-registry:11bc7b89,False
did:example:14fedbd3323c9d76,did:example:university1,academic,StudentID,14,2.25,12/12/2025,25/05/2028,revoked,eth-registry:ea891ee1,True
did:example:2467a6b619cde549,did:example:gov_issuer,government,ProofOfAge,18,2.4,08/10/2024,29/05/2026,active,eth-registry:327e21e4,False
did:example:6ff18cf8f91e3479,did:example:employer1,professional,EmployeeID,10,1.8,08/10/2025,09/10/2027,active,eth-registry:9f050168,True
did:example:f064dc3c4412ecf4,did:example:employer1,professional,EmployeeID,11,1.62,22/11/2025,30/10/2027,revoked,eth-registry:9b33ecd8,False
did:example:ab39d2c5748c1578,did:example:employer1,professional,EmployeeID,10,1.97,23/06/2025,29/01/2028,active,eth-registry:4e8fada5,True
did:example:f79fdd44f58339fe,did:example:university1,academic,StudentID,13,2.17,21/02/2024,13/04/2026,revoked,eth-registry:3070a516,True
did:example:96c2e7d5ab6b8b4b,did:example:employer1,professional,EmployeeID,13,1.85,03/12/2025,24/10/2027,active,eth-registry:e8de7806,False
did:example:e91703c41aee84dd,did:example:employer1,professional,EmployeeID,13,1.89,30/12/2024,28/01/2027,active,eth-registry:c0ea26f7,False
did:example:eda31e6474d1bc87,did:example:university1,academic,StudentID,15,2.01,30/07/2024,02/12/2025,revoked,eth-registry:a3b327f7,True
did:example:49a43dd278111e34,did:example:employer1,professional,EmployeeID,13,1.84,21/12/2024,26/06/2026,active,eth-registry:9e9843d1,True
did:example:dd2a540018c62193,did:example:employer1,professional,EmployeeID,14,1.92,17/11/2024,25/06/2027,revoked,eth-registry:b199b801,False
did:example:a1fa89c4128d775f,did:example:gov_issuer,government,ProofOfAge,18,2.34,05/10/2024,08/01/2026,revoked,eth-registry:f3ac8a5e,False
did:example:5094169f20fd7483,did:example:university1,academic,StudentID,14,2.28,10/05/2025,21/09/2027,active,eth-registry:c5b77f45,False
did:example:e10235aa709d5264,did:example:employer1,professional,EmployeeID,14,1.96,23/03/2024,15/01/2027,revoked,eth-registry:8c2edd5e,True
did:example:3f3b415232dcb810,did:example:university1,academic,StudentID,12,2.29,07/04/2025,19/08/2027,revoked,eth-registry:0579d428,True
did:example:fdbff815e6d499c9,did:example:gov_issuer,government,ProofOfAge,17,2.62,02/07/2024,13/10/2026,active,eth-registry:28d6fc37,False
did:example:46ae4b8710b90f08,did:example:gov_issuer,government,ProofOfAge,16,2.42,01/08/2025,07/01/2028,active,eth-registry:f0cb63a7,True
did:example:4b5d3e495c930f31,did:example:employer1,professional,EmployeeID,14,1.83,19/12/2025,04/04/2027,active,eth-registry:d3ecc346,False
did:example:b1100e327fa55f88,did:example:university1,academic,StudentID,14,1.95,11/12/2024,21/03/2026,active,eth-registry:8bd7a0e7,True
did:example:4ea5251de029a3c5,did:example:university1,academic,StudentID,12,2.2,13/08/2025,05/08/2028,revoked,eth-registry:2a61e5b0,True
did:example:bdbab9c412c31d32,did:example:gov_issuer,government,ProofOfAge,17,2.36,22/08/2024,29/06/2026,active,eth-registry:5048031c,True
did:example:1a114e630d67ddf0,did:example:university1,academic,StudentID,15,2.25,04/09/2025,01/07/2027,active,eth-registry:bb50ce80,False
did:example:d9d619abc7ffcd85,did:example:employer1,professional,EmployeeID,10,1.7,25/01/2025,20/05/2026,active,eth-registry:fc00b501,True
did:example:59f846540fcaea5e,did:example:employer1,professional,EmployeeID,10,1.66,07/01/2025,26/06/2027,active,eth-registry:d45c4ed8,True
did:example:39abd03940eff536,did:example:university1,academic,StudentID,14,1.93,15/03/2024,08/04/2025,revoked,eth-registry:e7a86181,False
did:example:9381e165013fab85,did:example:university1,academic,StudentID,14,2.18,28/04/2025,04/09/2026,active,eth-registry:d82a7c51,False
did:example:d7b53b55c3f0dfe4,did:example:employer1,professional,EmployeeID,12,1.67,01/08/2025,12/01/2027,revoked,eth-registry:fea68fe7,False
did:example:2302485b7f28e8d8,did:example:employer1,professional,EmployeeID,10,1.68,04/01/2025,16/11/2027,active,eth-registry:0d03eccc,True
did:example:a65f440a071e9bc1,did:example:university1,academic,StudentID,14,1.97,26/04/2024,21/03/2027,revoked,eth-registry:2d124a10,True
did:example:48110083615b8dc6,did:example:university1,academic,StudentID,14,2.02,10/05/2025,06/07/2026,revoked,eth-registry:09071c91,False
did:example:22eb1ee2bdd2c98a,did:example:university1,academic,StudentID,15,2.28,02/04/2025,12/07/2026,revoked,eth-registry:8683fd69,True
did:example:985aee5c0d41f51b,did:example:gov_issuer,government,ProofOfResidence,15,2.49,23/09/2025,21/08/2028,revoked,eth-registry:88cabe92,False
did:example:1aeee6e1444782b0,did:example:gov_issuer,government,ProofOfAge,15,2.4,29/11/2025,06/03/2028,active,eth-registry:5919eae8,False
did:example:f101421f2219eca8,did:example:employer1,professional,EmployeeID,10,1.67,26/06/2024,09/12/2026,revoked,eth-registry:4bb9280d,False
did:example:7c7506fc83448afd,did:example:university1,academic,StudentID,14,1.91,01/08/2024,19/09/2026,revoked,eth-registry:b571d312,False
did:example:41d3b8935eca6e31,did:example:university1,academic,StudentID,14,2.05,26/11/2025,11/05/2027,active,eth-registry:d70f52fc,False
did:example:0f4e6fe6db39449f,did:example:university1,academic,StudentID,13,1.94,27/03/2024,11/09/2026,revoked,eth-registry:fd115809,False
did:example:3619e370e901a49f,did:example:employer1,professional,EmployeeID,13,1.61,29/10/2025,10/03/2027,revoked,eth-registry:2befa508,True
did:example:2d4c933d4943e70c,did:example:university1,academic,StudentID,15,1.94,22/04/2024,13/05/2025,active,eth-registry:04b0b6d3,True
did:example:9b8ed7d0435dd8ac,did:example:university1,academic,StudentID,12,2.03,02/11/2024,06/07/2027,revoked,eth-registry:001c8a24,True
did:example:54cf61eb7eb5aa71,did:example:employer1,professional,EmployeeID,12,1.9,11/04/2024,13/01/2026,active,eth-registry:196ab5fc,False
did:example:65c620e1f4d749dc,did:example:university1,academic,StudentID,14,1.93,15/12/2025,13/01/2027,active,eth-registry:b6274c88,False
did:example:1f0f9464882b99c3,did:example:university1,academic,StudentID,12,2.17,31/12/2024,13/11/2026,revoked,eth-registry:8e1673f3,False
did:example:9d46ae3b25212dc5,did:example:employer1,professional,EmployeeID,10,1.85,07/10/2025,29/12/2026,revoked,eth-registry:33d5bd88,False
did:example:19d5484bdef53630,did:example:university1,academic,StudentID,13,2.25,23/01/2024,01/01/2026,revoked,eth-registry:545f86dc,False
did:example:527757a06dfa4e70,did:example:gov_issuer,government,ProofOfAge,14,2.37,30/01/2024,04/06/2026,active,eth-registry:fd15ef63,True
did:example:6931cf389cb41087,did:example:employer1,professional,EmployeeID,11,1.92,24/01/2025,28/09/2026,active,eth-registry:5fe99f0c,False
did:example:24c69f4e43f66a41,did:example:employer1,professional,EmployeeID,10,1.95,31/01/2024,27/03/2025,active,eth-registry:10bc737c,True
did:example:4e49b5c8f9d8b3f8,did:example:employer1,professional,EmployeeID,14,1.99,01/02/2025,13/11/2027,revoked,eth-registry:2abadfd0,False
did:example:ce9db23aabab1ffc,did:example:employer1,professional,EmployeeID,12,1.92,01/06/2025,01/07/2027,active,eth-registry:170b800e,True
did:example:e2f34d334e0c38ee,did:example:employer1,professional,EmployeeID,11,1.65,23/12/2024,08/01/2026,active,eth-registry:ddc32b4c,True
did:example:d990786556073cec,did:example:employer1,professional,EmployeeID,13,1.98,26/07/2025,18/09/2027,active,eth-registry:7ba11673,False
did:example:f66d61b805c8412c,did:example:employer1,professional,EmployeeID,10,1.93,15/03/2024,19/01/2027,active,eth-registry:5e5ba3d5,True
did:example:9e9512672d73b6eb,did:example:gov_issuer,government,ProofOfResidence,16,2.38,30/06/2024,13/07/2025,active,eth-registry:f8d4671c,False
did:example:88fa57c411bf0ea7,did:example:gov_issuer,government,ProofOfAge,17,2.37,26/04/2024,22/11/2026,active,eth-registry:2a206be7,False
did:example:a381e7da103d72a6,did:example:gov_issuer,government,ProofOfResidence,18,2.67,30/12/2024,01/10/2026,revoked,eth-registry:4ceb8059,True
did:example:6b23c0ddfe80fecf,did:example:university1,academic,StudentID,12,1.96,16/10/2024,17/03/2027,revoked,eth-registry:e5d240a3,False
did:example:4d567311414ee7ae,did:example:gov_issuer,government,ProofOfAge,16,2.61,29/01/2025,18/02/2026,active,eth-registry:2fa1bbc1,True
did:example:f9b3fa4c410b6d44,did:example:gov_issuer,government,ProofOfResidence,17,2.46,21/04/2024,12/02/2027,active,eth-registry:4744d99f,False
did:example:45b255b1ef9e18d4,did:example:university1,academic,StudentID,15,2.19,21/11/2024,28/10/2027,revoked,eth-registry:71325817,True
did:example:8efcec81d7fe394c,did:example:employer1,professional,EmployeeID,10,1.64,13/07/2025,18/08/2027,revoked,eth-registry:662635f0,False
did:example:31b60e9e7954e5f9,did:example:university1,academic,StudentID,15,2.19,20/02/2024,26/07/2025,revoked,eth-registry:7443b70d,False
did:example:dcdb56dad70a0882,did:example:gov_issuer,government,ProofOfResidence,15,2.5,29/07/2025,16/11/2026,revoked,eth-registry:f32936fe,False
did:example:0a2b5c73c7e68f7d,did:example:employer1,professional,EmployeeID,11,1.96,09/06/2024,26/10/2026,revoked,eth-registry:30c53382,False
did:example:3aa2adb134d04a2c,did:example:university1,academic,StudentID,12,1.98,26/09/2025,28/04/2028,active,eth-registry:5c2f3e1b,True
did:example:b0cb0a2c06ee7a7f,did:example:university1,academic,StudentID,12,1.94,18/08/2025,23/12/2027,active,eth-registry:d2649e2f,False
did:example:a592c3caf594c9df,did:example:university1,academic,StudentID,13,1.98,22/11/2024,17/11/2026,active,eth-registry:a6cb4f12,False
did:example:ec5a54e048b66634,did:example:employer1,professional,EmployeeID,10,1.63,23/02/2024,09/09/2026,active,eth-registry:b15a894c,False
did:example:f7e0dbf978859edd,did:example:employer1,professional,EmployeeID,13,1.99,08/10/2024,31/03/2027,active,eth-registry:cc712681,False
did:example:1455c255c468fcf3,did:example:university1,academic,StudentID,14,1.95,30/03/2025,30/11/2026,active,eth-registry:ff684600,False
did:example:c521e2ae73e41fe5,did:example:university1,academic,StudentID,13,1.98,05/09/2024,26/03/2027,active,eth-registry:53624780,False
did:example:147b8a257cf1b8c4,did:example:employer1,professional,EmployeeID,12,1.92,08/04/2025,20/08/2026,revoked,eth-registry:7f7796bf,False
did:example:e604fdc63ec895ee,did:example:gov_issuer,government,ProofOfAge,17,2.4,24/08/2025,14/04/2028,revoked,eth-registry:ebb480b5,True
did:example:3c6f53c50c0905af,did:example:gov_issuer,government,ProofOfResidence,14,2.39,30/11/2025,22/12/2027,active,eth-registry:e0d36aa8,False
did:example:c7d7901958b231ec,did:example:gov_issuer,government,ProofOfAge,15,2.57,17/10/2024,16/04/2027,active,eth-registry:313a1ad5,True
did:example:389fb2f368b38cdc,did:example:gov_issuer,government,ProofOfResidence,18,2.46,22/12/2025,12/05/2028,active,eth-registry:c0a1c725,False
did:example:ebfdf295bc681658,did:example:employer1,professional,EmployeeID,10,1.93,30/06/2024,08/09/2025,revoked,eth-registry:a9f7e911,True
did:example:3e20c392bd3f57fc,did:example:employer1,professional,EmployeeID,14,1.86,21/11/2025,26/05/2028,active,eth-registry:66d5a051,False
did:example:d16f3225ffb8e848,did:example:university1,academic,StudentID,15,2.02,14/04/2024,08/11/2026,revoked,eth-registry:364b2f2c,False
did:example:700ca99135ad7a5c,did:example:university1,academic,StudentID,13,2.14,30/01/2025,06/03/2026,revoked,eth-registry:be214e2f,True
did:example:d5636fd44f2e2f6c,did:example:university1,academic,StudentID,13,2.25,06/05/2025,18/10/2026,revoked,eth-registry:2ff3963b,False
did:example:5c40ae75fe52a623,did:example:university1,academic,StudentID,12,2.05,31/01/2024,03/08/2026,revoked,eth-registry:a203d3a7,False
did:example:10113d70a9ab7d05,did:example:university1,academic,StudentID,14,2.19,20/11/2024,10/08/2026,active,eth-registry:076f306f,False
did:example:fe1756342a983faf,did:example:employer1,professional,EmployeeID,11,1.77,21/07/2024,11/10/2025,active,eth-registry:c838dac3,False
did:example:3bbb30757d34c65c,did:example:university1,academic,StudentID,15,2.12,19/08/2025,04/05/2028,revoked,eth-registry:eab641ad,False
did:example:5b7efa28bc04490c,did:example:university1,academic,StudentID,13,2.19,13/12/2024,31/12/2026,revoked,eth-registry:72be7f90,True
did:example:336754558c74b1cf,did:example:gov_issuer,government,ProofOfAge,18,2.32,17/03/2024,30/12/2025,active,eth-registry:8e4c0229,True
did:example:0ca9c151f4a86b73,did:example:gov_issuer,government,ProofOfResidence,18,2.48,29/01/2024,10/03/2026,revoked,eth-registry:9760d278,True
did:example:e9fabb59d17f753e,did:example:employer1,professional,EmployeeID,12,1.64,18/01/2024,05/11/2025,revoked,eth-registry:e9827027,True
did:example:1206855f98265185,did:example:employer1,professional,EmployeeID,12,1.89,28/01/2024,29/04/2025,revoked,eth-registry:120719c1,True
did:example:26c013d609f06791,did:example:university1,academic,StudentID,12,2.14,20/12/2024,03/02/2027,revoked,eth-registry:da7b7ffd,True
did:example:f8ff4d50751ba4b3,did:example:gov_issuer,government,ProofOfResidence,14,2.43,24/08/2024,29/07/2027,active,eth-registry:f48cbc54,False
did:example:dbdf8ffffc3dd08a,did:example:gov_issuer,government,ProofOfResidence,16,2.33,01/06/2024,27/04/2027,active,eth-registry:cd43ac37,True
did:example:75f6bc87796991c6,did:example:university1,academic,StudentID,13,2.27,10/10/2024,19/01/2027,active,eth-registry:78d5d126,True
did:example:017f99b6e90cd9b9,did:example:university1,academic,StudentID,13,2.03,15/11/2024,13/03/2026,revoked,eth-registry:f0496bb5,False
did:example:2108ea38c58f1bfb,did:example:employer1,professional,EmployeeID,10,1.71,28/02/2025,10/08/2026,active,eth-registry:bf270bab,False
did:example:e529372a71da5099,did:example:university1,academic,StudentID,15,1.94,30/12/2024,17/08/2026,revoked,eth-registry:9e190a12,False
did:example:6aac3fb790e7c729,did:example:university1,academic,StudentID,13,2.13,12/11/2025,19/12/2026,active,eth-registry:0f5905f2,True
did:example:7a67cfcca5b6bbee,did:example:university1,academic,StudentID,13,2.01,30/09/2024,10/01/2026,revoked,eth-registry:3dc56fd8,False
did:example:792b4d5fcef56754,did:example:employer1,professional,EmployeeID,12,1.94,12/10/2024,01/05/2027,active,eth-registry:49287b1c,True
did:example:6046eb73b18c42ca,did:example:university1,academic,StudentID,13,2.17,28/10/2024,06/09/2026,active,eth-registry:c95e7768,True
did:example:658557ac59652f54,did:example:gov_issuer,government,ProofOfAge,17,2.3,05/02/2024,12/10/2026,active,eth-registry:b139a380,True
did:example:53973f49a0e18682,did:example:university1,academic,StudentID,15,2.13,01/07/2025,15/08/2026,active,eth-registry:59f546d3,False
did:example:c233d954e168286d,did:example:university1,academic,StudentID,14,1.99,29/01/2025,05/04/2026,active,eth-registry:a16b7806,True
did:example:5ec7ff0c50de125a,did:example:employer1,professional,EmployeeID,10,1.61,18/10/2024,06/03/2027,active,eth-registry:4d8e9bb0,False
did:example:954ebbc6a1dddfcd,did:example:employer1,professional,EmployeeID,14,1.85,18/09/2024,25/03/2026,active,eth-registry:8da8f379,True
did:example:60301a201665f8bc,did:example:gov_issuer,government,ProofOfResidence,15,2.38,14/01/2025,28/06/2026,revoked,eth-registry:7bf35ed7,True
did:example:0689bfee67abd9d2,did:example:employer1,professional,EmployeeID,10,1.96,20/10/2025,01/02/2028,active,eth-registry:8815c807,False
did:example:2cdabe6952d11b21,did:example:employer1,professional,EmployeeID,10,1.83,18/10/2024,16/08/2027,active,eth-registry:7f3c6e40,True
did:example:2609d2e43db702b4,did:example:university1,academic,StudentID,15,1.98,11/11/2024,13/09/2026,active,eth-registry:7c46cbfb,False
did:example:63847409359dd2e0,did:example:gov_issuer,government,ProofOfResidence,15,2.69,07/04/2024,16/10/2026,active,eth-registry:fb80cc68,False
did:example:92d86d9d2c574f42,did:example:employer1,professional,EmployeeID,10,1.82,23/08/2024,30/04/2026,revoked,eth-registry:f61c7ec6,False
did:example:64e1acc6e3298f14,did:example:employer1,professional,EmployeeID,14,1.67,01/07/2025,05/03/2028,active,eth-registry:4582854b,False
did:example:50804f60a5bac9b4,did:example:university1,academic,StudentID,13,2.11,13/06/2025,19/04/2027,revoked,eth-registry:ff367108,True
did:example:550322367d6351fc,did:example:gov_issuer,government,ProofOfResidence,18,2.68,11/08/2025,29/11/2026,revoked,eth-registry:24083f81,True
did:example:ff3deafc8bdbb997,did:example:employer1,professional,EmployeeID,14,1.77,26/12/2024,30/12/2026,revoked,eth-registry:2317c328,True
did:example:a711f6abbef0c5ce,did:example:employer1,professional,EmployeeID,10,1.77,20/10/2025,21/05/2027,active,eth-registry:bae3768c,False
did:example:59731dc2195f890f,did:example:gov_issuer,government,ProofOfResidence,17,2.48,09/02/2025,23/06/2026,active,eth-registry:1a57ce4c,False
did:example:6056f5730ee43c80,did:example:university1,academic,StudentID,14,2.01,05/04/2024,17/08/2025,revoked,eth-registry:80a70a33,True
did:example:24b01d90383ecaa2,did:example:university1,academic,StudentID,12,1.96,21/04/2024,29/01/2026,active,eth-registry:24ce3f56,True
did:example:8d67fd36363da122,did:example:university1,academic,StudentID,13,2.13,28/12/2024,04/01/2026,active,eth-registry:5242171d,False
did:example:210a504547ee7dc7,did:example:employer1,professional,EmployeeID,12,1.96,01/10/2024,21/11/2025,revoked,eth-registry:3f329e9d,False
did:example:1b8ce2c872c8ef44,did:example:university1,academic,StudentID,12,2.19,19/03/2024,23/05/2026,active,eth-registry:3232cafe,True
did:example:ea1536121f230440,did:example:gov_issuer,government,ProofOfAge,17,2.34,03/02/2024,06/02/2025,active,eth-registry:faa88274,True
did:example:91e2c6abdbf68b31,did:example:university1,academic,StudentID,13,2.06,28/03/2025,13/10/2027,revoked,eth-registry:ad87c2a6,True
did:example:2137208adf77847c,did:example:employer1,professional,EmployeeID,14,1.6,05/07/2025,16/06/2028,active,eth-registry:76ff9a93,True
did:example:41491a7432092ee6,did:example:university1,academic,StudentID,15,2.02,09/06/2024,21/10/2025,revoked,eth-registry:2437f306,True
did:example:7b06e5492819d5ec,did:example:employer1,professional,EmployeeID,13,1.87,28/06/2024,07/08/2025,revoked,eth-registry:ec1ddc09,False
did:example:837ae71532a53627,did:example:university1,academic,StudentID,12,2.02,25/01/2025,27/06/2026,active,eth-registry:967f0c2a,True
did:example:0d8dafbc750a4151,did:example:university1,academic,StudentID,12,2.24,29/03/2024,29/04/2025,revoked,eth-registry:ce2a7916,False
did:example:a436afa030385df7,did:example:gov_issuer,government,ProofOfResidence,14,2.49,04/09/2025,19/03/2027,revoked,eth-registry:0da1b2bb,True
did:example:b0bd5478869e7c94,did:example:employer1,professional,EmployeeID,12,1.87,06/03/2025,16/12/2027,active,eth-registry:cdeeefdb,False
did:example:c457092da3d9eee4,did:example:gov_issuer,government,ProofOfResidence,17,2.65,21/09/2024,13/05/2027,active,eth-registry:d1b0cab5,True
did:example:23d5057030e9396a,did:example:university1,academic,StudentID,12,2.17,27/02/2025,10/02/2028,revoked,eth-registry:62e9064c,True
did:example:44350e5eff682a86,did:example:employer1,professional,EmployeeID,13,1.96,29/04/2024,13/12/2026,active,eth-registry:d4d921f0,True
did:example:f07a241bbad33734,did:example:gov_issuer,government,ProofOfAge,14,2.62,18/08/2024,27/04/2027,revoked,eth-registry:96294fc3,False
did:example:660b0aa7103125c8,did:example:gov_issuer,government,ProofOfResidence,15,2.53,23/01/2025,31/03/2027,active,eth-registry:1561ffa4,False
did:example:e359159f5d6e8cbd,did:example:employer1,professional,EmployeeID,12,1.72,04/12/2025,16/03/2027,active,eth-registry:b78936e5,False
did:example:d64a166945b27275,did:example:employer1,professional,EmployeeID,14,1.72,08/09/2025,22/03/2028,active,eth-registry:12664d86,True
did:example:fc22dbde60ed48b2,did:example:employer1,professional,EmployeeID,13,1.95,09/04/2025,20/07/2027,active,eth-registry:3e116855,False
did:example:8865bf26e3ee89c6,did:example:employer1,professional,EmployeeID,12,1.62,02/09/2024,06/08/2027,revoked,eth-registry:55df1c04,False
did:example:a74a477f69d32c70,did:example:university1,academic,StudentID,12,2.28,08/11/2025,31/03/2028,active,eth-registry:e82e82ad,True
did:example:fc6f1c061f615129,did:example:gov_issuer,government,ProofOfResidence,15,2.43,04/04/2024,07/05/2026,active,eth-registry:b3a6d4b5,True
did:example:fb5ff82f7e80a304,did:example:university1,academic,StudentID,15,2.2,07/08/2024,22/02/2027,revoked,eth-registry:de081401,True
did:example:e56cc7b46c6e20a2,did:example:university1,academic,StudentID,12,2.03,10/11/2024,04/03/2027,active,eth-registry:0816a3ce,False
did:example:b9ee718b8615e6bf,did:example:university1,academic,StudentID,14,2.28,07/02/2025,30/04/2026,active,eth-registry:f3b9cb40,False
did:example:a10dbe305d4e136b,did:example:university1,academic,StudentID,14,1.91,07/05/2025,27/07/2027,revoked,eth-registry:6354fdeb,False
did:example:56e24d35de0f1538,did:example:university1,academic,StudentID,15,2.04,29/10/2024,10/08/2026,revoked,eth-registry:cc6082f9,True
did:example:765cb2b3721b417c,did:example:gov_issuer,government,ProofOfAge,15,2.65,20/11/2025,18/03/2027,revoked,eth-registry:a6fd4f52,False
did:example:615ade502a0b8339,did:example:gov_issuer,government,ProofOfAge,15,2.41,29/10/2024,18/05/2026,revoked,eth-registry:6aa8ca24,True
did:example:560f57368895c186,did:example:employer1,professional,EmployeeID,10,1.71,05/04/2025,06/12/2027,revoked,eth-registry:f703a1b7,True
did:example:8d7ae85cdd7c6f4f,did:example:gov_issuer,government,ProofOfAge,15,2.66,04/02/2024,27/05/2026,revoked,eth-registry:4dd3c9aa,True
did:example:bd06cff1bb8c72a8,did:example:university1,academic,StudentID,14,2.23,24/04/2024,05/06/2025,revoked,eth-registry:145d1392,False
did:example:600f39d6c1d4af69,did:example:university1,academic,StudentID,12,1.94,09/06/2024,15/02/2026,revoked,eth-registry:4d9bc5a8,False
did:example:aaf839e910d8b089,did:example:gov_issuer,government,ProofOfAge,16,2.53,01/01/2024,16/05/2026,revoked,eth-registry:b493696e,True
did:example:1543d035c87728c0,did:example:university1,academic,StudentID,12,1.99,27/09/2025,03/10/2027,active,eth-registry:448c4bd6,True
did:example:4664b409c6c6225f,did:example:employer1,professional,EmployeeID,12,1.69,01/04/2025,20/10/2027,active,eth-registry:eaf60390,False
did:example:a1a7817dd2730c59,did:example:employer1,professional,EmployeeID,11,1.85,13/09/2025,14/12/2027,active,eth-registry:315dc7d2,False
did:example:e137fd3a10a35ce5,did:example:employer1,professional,EmployeeID,14,1.65,31/08/2024,27/09/2025,active,eth-registry:5aee55e1,True
did:example:1d0bc89f8f8f09e9,did:example:employer1,professional,EmployeeID,11,1.79,17/03/2024,09/12/2026,revoked,eth-registry:763becdb,False
did:example:77b32abf5358ae08,did:example:gov_issuer,government,ProofOfResidence,18,2.4,27/08/2024,17/10/2026,active,eth-registry:0499bc41,False
did:example:d8677c787be689ce,did:example:employer1,professional,EmployeeID,10,1.94,14/01/2024,17/11/2026,revoked,eth-registry:a02916fa,False
did:example:d8665cd145a9b785,did:example:employer1,professional,EmployeeID,10,1.82,09/08/2024,17/01/2026,revoked,eth-registry:faf2789d,False
did:example:dc280afa581a8a33,did:example:employer1,professional,EmployeeID,10,1.69,15/03/2024,03/08/2026,revoked,eth-registry:9c87d9db,False
did:example:e3c505a471ac9db1,did:example:gov_issuer,government,ProofOfResidence,16,2.67,05/06/2024,26/06/2025,revoked,eth-registry:35d4a6c0,True
did:example:5133c57f03221c8e,did:example:university1,academic,StudentID,15,2.23,11/04/2025,03/08/2026,revoked,eth-registry:94b60cc2,True
did:example:0785f6ae43c5cab6,did:example:employer1,professional,EmployeeID,10,1.71,04/12/2025,09/09/2028,active,eth-registry:32ed3e17,False
did:example:4dc81424ac558125,did:example:employer1,professional,EmployeeID,13,1.98,24/06/2024,04/04/2027,active,eth-registry:b367041e,True
did:example:58e8a43563c97bee,did:example:university1,academic,StudentID,14,2.01,19/12/2025,15/11/2028,revoked,eth-registry:16809659,False
did:example:1c241f38f922fd9a,did:example:employer1,professional,EmployeeID,11,1.72,11/07/2025,07/12/2026,revoked,eth-registry:b0c0b5fe,False
did:example:7b9a8e51b30db830,did:example:employer1,professional,EmployeeID,11,1.75,28/03/2024,09/01/2027,active,eth-registry:2bfa6324,False
did:example:d6503adbeb0962c4,did:example:gov_issuer,government,ProofOfResidence,18,2.37,05/01/2024,11/02/2025,revoked,eth-registry:64ad2ea6,False
did:example:120420bdf1321d56,did:example:gov_issuer,government,ProofOfResidence,17,2.57,23/03/2024,09/01/2026,revoked,eth-registry:88f459ab,False
did:example:8d70f46d2beba1e0,did:example:employer1,professional,EmployeeID,11,1.82,07/06/2025,22/04/2027,revoked,eth-registry:8cca19d2,True
did:example:a970bd229a0b6dfe,did:example:employer1,professional,EmployeeID,14,1.96,05/05/2025,05/12/2027,revoked,eth-registry:1ef96588,True
did:example:f2c8f6a95983796b,did:example:employer1,professional,EmployeeID,12,1.7,09/10/2025,21/02/2028,active,eth-registry:a5d546c6,False
did:example:eb2b1cdf5879a4ce,did:example:employer1,professional,EmployeeID,10,1.67,19/01/2025,08/10/2026,revoked,eth-registry:5af9e1df,False
did:example:df70ccaeea816165,did:example:gov_issuer,government,ProofOfAge,18,2.44,02/02/2024,21/05/2025,active,eth-registry:be8bdb8e,False
did:example:2d18ecf494750adb,did:example:university1,academic,StudentID,15,1.96,31/12/2025,24/09/2027,revoked,eth-registry:a103cf1f,True
did:example:a081693c3d890571,did:example:employer1,professional,EmployeeID,12,1.98,26/09/2025,02/05/2027,revoked,eth-registry:b178f70a,False
did:example:3991056cee91120a,did:example:university1,academic,StudentID,14,2.19,07/06/2025,09/10/2027,active,eth-registry:ebd0801f,False
did:example:e50f08b76d485a84,did:example:university1,academic,StudentID,12,2.22,01/11/2025,29/12/2026,revoked,eth-registry:a888b0bf,False
did:example:b2f29da9b7a32791,did:example:university1,academic,StudentID,15,2.2,23/07/2024,19/05/2026,revoked,eth-registry:3e04e008,True
did:example:0df6aa8837acabd0,did:example:employer1,professional,EmployeeID,11,1.7,26/01/2025,22/04/2027,active,eth-registry:ec063b62,False
did:example:f25584a2f9a10d73,did:example:gov_issuer,government,ProofOfResidence,15,2.36,24/01/2025,11/05/2027,revoked,eth-registry:f6ec7ffa,False
did:example:00a246e5fc3d2124,did:example:employer1,professional,EmployeeID,12,1.77,26/07/2024,25/12/2026,active,eth-registry:6f05180b,True
did:example:74a5eb6cd48838c2,did:example:university1,academic,StudentID,13,2.23,29/12/2025,26/07/2027,revoked,eth-registry:a4528874,False
did:example:90a722f3fb2dd85c,did:example:gov_issuer,government,ProofOfResidence,17,2.43,15/02/2025,01/03/2027,revoked,eth-registry:9422d598,True
did:example:943c9b252109e25f,did:example:university1,academic,StudentID,14,1.9,02/11/2025,12/01/2027,revoked,eth-registry:73abe6f3,True
did:example:5a1e8a40b59529e1,did:example:employer1,professional,EmployeeID,12,1.86,15/08/2024,05/07/2026,revoked,eth-registry:b178da10,True
did:example:55f1d228e851e47a,did:example:university1,academic,StudentID,15,1.98,28/12/2024,15/12/2027,revoked,eth-registry:5c2b8ca9,True
did:example:ac2c47fe20939e98,did:example:employer1,professional,EmployeeID,12,1.82,13/11/2025,24/07/2028,active,eth-registry:6bab1ffb,False
did:example:5847d9680b2caea0,did:example:university1,academic,StudentID,15,1.91,11/05/2024,09/08/2026,revoked,eth-registry:656ab39d,False
did:example:82c64e1d1ec56231,did:example:gov_issuer,government,ProofOfAge,15,2.5,01/02/2025,04/12/2026,active,eth-registry:f781459a,True
did:example:27ea661d0ae7e0c4,did:example:employer1,professional,EmployeeID,13,1.76,05/08/2025,24/05/2028,active,eth-registry:38c9b7f8,True
did:example:25b86c18c3d6cd35,did:example:university1,academic,StudentID,14,2.25,06/08/2025,24/06/2027,active,eth-registry:57d6d2f9,False
did:example:487b3bdc66d7e3cb,did:example:gov_issuer,government,ProofOfAge,18,2.59,03/07/2025,12/01/2028,revoked,eth-registry:813ad3b6,True
did:example:e823c6b69a022a9a,did:example:employer1,professional,EmployeeID,11,1.61,21/03/2025,17/05/2027,active,eth-registry:ceaca7d2,False
did:example:995808930efebba6,did:example:university1,academic,StudentID,12,2.22,05/01/2024,19/01/2025,active,eth-registry:0d35fd20,False
did:example:53dbcaefaf27e2cf,did:example:gov_issuer,government,ProofOfResidence,18,2.62,29/07/2024,25/12/2026,active,eth-registry:0f172936,True
did:example:d03a26f1c5f51cff,did:example:university1,academic,StudentID,15,2.17,04/08/2025,18/05/2028,revoked,eth-registry:8d72ef65,False
did:example:c590fccec429746b,did:example:employer1,professional,EmployeeID,13,1.97,31/12/2024,22/07/2027,revoked,eth-registry:ae931987,True
did:example:353f8dd04b6ff66b,did:example:gov_issuer,government,ProofOfResidence,16,2.62,19/09/2024,12/12/2026,active,eth-registry:b1be3c3f,False
did:example:475898dd1f6842eb,did:example:gov_issuer,government,ProofOfResidence,16,2.39,05/10/2025,03/11/2026,active,eth-registry:717d7733,True
did:example:55e4e5cdb787f147,did:example:university1,academic,StudentID,14,2.05,07/09/2024,23/09/2025,active,eth-registry:cad0983a,False
did:example:063405e0d2fa1469,did:example:university1,academic,StudentID,14,2.04,06/10/2024,20/06/2027,active,eth-registry:71a2b8b5,False
did:example:b47db159892e21f9,did:example:employer1,professional,EmployeeID,11,1.8,22/10/2024,04/10/2026,active,eth-registry:7296b8b3,False
did:example:fa0f19baeeff113f,did:example:university1,academic,StudentID,12,2.28,06/09/2024,01/08/2026,active,eth-registry:a26d037c,False
did:example:c484af5e83aefc9a,did:example:university1,academic,StudentID,12,2.15,04/01/2025,17/04/2027,revoked,eth-registry:02d1f9e3,False
did:example:d6789a5bbd28faee,did:example:university1,academic,StudentID,13,2.03,30/11/2025,22/09/2028,active,eth-registry:330ee4e8,True
did:example:88f2d6e76ec9b462,did:example:university1,academic,StudentID,14,2.28,29/12/2025,13/11/2027,revoked,eth-registry:43e5e25e,False
did:example:e6f8ffc5b2224ff5,did:example:gov_issuer,government,ProofOfAge,16,2.58,01/09/2024,28/09/2026,active,eth-registry:ae9b180b,True
did:example:e1c8547a54577225,did:example:gov_issuer,government,ProofOfAge,17,2.41,27/09/2024,09/11/2026,active,eth-registry:9a6ce45e,False
did:example:73d4b1a1666d96e0,did:example:gov_issuer,government,ProofOfAge,16,2.66,20/09/2025,02/09/2027,revoked,eth-registry:d59de321,True
did:example:68975ae048be3e58,did:example:employer1,professional,EmployeeID,11,1.74,24/02/2025,18/06/2027,active,eth-registry:3fb1740f,False
did:example:0c512d7ca9f9d0d2,did:example:university1,academic,StudentID,14,2.11,10/05/2024,29/09/2025,active,eth-registry:86b5c23d,True
did:example:6b66d0d985b803dd,did:example:employer1,professional,EmployeeID,13,1.79,05/02/2025,04/11/2026,revoked,eth-registry:6f352a24,False
did:example:c54881e521a78826,did:example:gov_issuer,government,ProofOfResidence,18,2.67,01/08/2025,10/07/2027,active,eth-registry:73a92b01,False
did:example:e845212e70c628d3,did:example:university1,academic,StudentID,15,2.01,22/10/2024,05/11/2026,active,eth-registry:5b3938a1,False
did:example:25156915c4718ceb,did:example:employer1,professional,EmployeeID,11,1.73,25/03/2025,20/03/2027,active,eth-registry:393a4920,False
did:example:c78bcb344529b57a,did:example:university1,academic,StudentID,14,2.16,20/07/2025,21/05/2027,revoked,eth-registry:734f4f94,True
did:example:16cffa0fb60accdf,did:example:university1,academic,StudentID,13,2.25,28/03/2024,10/01/2027,revoked,eth-registry:a5a29b06,False
did:example:8ce8296700acdf22,did:example:gov_issuer,government,ProofOfResidence,18,2.35,13/12/2025,20/07/2028,revoked,eth-registry:8ff6a8df,True
did:example:cd0d57589a067a71,did:example:university1,academic,StudentID,14,1.98,16/02/2024,25/11/2026,revoked,eth-registry:308c4eb6,False
did:example:7b9666da9b5fd63d,did:example:employer1,professional,EmployeeID,14,1.98,24/03/2024,01/06/2026,revoked,eth-registry:d631d903,False
did:example:1429045381dda74c,did:example:employer1,professional,EmployeeID,11,1.91,06/08/2024,27/07/2026,revoked,eth-registry:3e5e420c,False
did:example:8ff918207fdc676e,did:example:employer1,professional,EmployeeID,10,1.74,15/01/2024,24/11/2025,revoked,eth-registry:83d9487f,True
did:example:ddb8c1dd5a2be31e,did:example:university1,academic,StudentID,12,2.04,25/04/2025,19/01/2028,active,eth-registry:3b77136c,True
did:example:40cf99870423652a,did:example:university1,academic,StudentID,14,2.09,18/01/2025,19/05/2027,active,eth-registry:3e03989d,False
did:example:01b2696f5a4dfd1b,did:example:gov_issuer,government,ProofOfAge,18,2.57,20/09/2024,06/06/2027,revoked,eth-registry:ae466115,True
did:example:1107998a6588706d,did:example:university1,academic,StudentID,14,2.12,22/12/2025,03/09/2028,revoked,eth-registry:3ce1383e,False
did:example:7ea0b4f3ab9eca7a,did:example:employer1,professional,EmployeeID,14,1.91,17/07/2024,10/06/2027,revoked,eth-registry:d0e82e12,True
did:example:4d409255028ae662,did:example:university1,academic,StudentID,13,1.92,04/10/2025,06/11/2027,active,eth-registry:e6898278,True
did:example:150801ca21502e06,did:example:employer1,professional,EmployeeID,14,1.93,01/03/2025,20/11/2026,revoked,eth-registry:1ef6c208,True
did:example:0d487f0a84c2e997,did:example:employer1,professional,EmployeeID,14,1.62,21/05/2025,15/03/2028,active,eth-registry:676b2cef,True
did:example:b1cfa94d73702a54,did:example:employer1,professional,EmployeeID,11,1.95,27/11/2025,01/05/2027,revoked,eth-registry:a618bc5f,True
did:example:9f92907e7f0466a0,did:example:university1,academic,StudentID,15,1.92,04/07/2024,25/02/2026,active,eth-registry:289fd2db,False
did:example:1c4e4078af0204e0,did:example:university1,academic,StudentID,12,1.95,30/03/2024,18/02/2027,active,eth-registry:8525fd00,True
did:example:0d56a57b0cdfbf3b,did:example:university1,academic,StudentID,14,1.97,02/08/2025,05/01/2028,revoked,eth-registry:c210fba8,True
did:example:ae0ede2ef2959ccf,did:example:university1,academic,StudentID,13,1.99,16/04/2025,17/06/2027,active,eth-registry:6aa3a0f3,True
did:example:b0f882d452938655,did:example:gov_issuer,government,ProofOfAge,15,2.46,24/05/2024,15/06/2026,revoked,eth-registry:524e6148,False
did:example:f06484688b41fb97,did:example:university1,academic,StudentID,15,2.16,28/10/2025,04/10/2027,revoked,eth-registry:f9802b16,True
did:example:68fde842f176e045,did:example:university1,academic,StudentID,14,2.26,08/06/2025,24/03/2028,revoked,eth-registry:f6886ff7,False
did:example:e25fa2c82fea0957,did:example:employer1,professional,EmployeeID,10,1.81,30/01/2025,26/11/2026,active,eth-registry:a46f477f,False
did:example:dbb7424d272e303b,did:example:employer1,professional,EmployeeID,10,1.81,06/04/2024,22/03/2026,active,eth-registry:65135de3,True
did:example:dd28c7618a898dbc,did:example:university1,academic,StudentID,12,2.03,05/12/2025,04/02/2027,active,eth-registry:8d252d07,False
did:example:cfdb564e4862a36e,did:example:university1,academic,StudentID,13,2.22,18/01/2025,11/04/2026,revoked,eth-registry:b9240d72,False
did:example:ca15d02c52fe292f,did:example:employer1,professional,EmployeeID,10,1.64,13/03/2025,09/08/2026,active,eth-registry:edece899,False
did:example:9ce4d5c4e2c5db0b,did:example:university1,academic,StudentID,13,2.02,20/01/2024,26/08/2025,revoked,eth-registry:434a50ca,True
did:example:2b2cfb8a8b2452ee,did:example:gov_issuer,government,ProofOfResidence,17,2.34,06/05/2025,05/12/2026,active,eth-registry:91ea9481,False
did:example:07bebc12b406d9e4,did:example:gov_issuer,government,ProofOfResidence,18,2.39,02/09/2025,02/01/2028,revoked,eth-registry:d3aaa4d6,False
did:example:b17406596c1cd9ce,did:example:gov_issuer,government,ProofOfResidence,17,2.53,01/08/2025,08/09/2027,active,eth-registry:69ada36b,True
did:example:4d83883f81452bfa,did:example:employer1,professional,EmployeeID,12,1.65,02/10/2024,05/10/2025,revoked,eth-registry:062c6d3c,False
did:example:ff6db8707ae4ff56,did:example:employer1,professional,EmployeeID,13,1.64,25/05/2024,06/06/2026,active,eth-registry:559f4940,False
did:example:28b4c7475bc2b107,did:example:gov_issuer,government,ProofOfResidence,18,2.63,20/11/2024,19/01/2026,active,eth-registry:7f6b149c,False
did:example:b74a82e732d3997f,did:example:gov_issuer,government,ProofOfResidence,14,2.35,13/02/2025,16/03/2027,revoked,eth-registry:32a64d81,False
did:example:b4139ffcc8999d1b,did:example:employer1,professional,EmployeeID,14,1.84,15/07/2024,20/08/2025,active,eth-registry:621f257b,True
did:example:b046506c07670923,did:example:university1,academic,StudentID,14,2.04,25/03/2025,19/05/2026,active,eth-registry:3c6c8a4d,False
did:example:319a08a9e2ac7ca2,did:example:employer1,professional,EmployeeID,11,1.96,06/11/2025,01/07/2028,revoked,eth-registry:1eb44103,True
did:example:f842ca4404352df7,did:example:university1,academic,StudentID,13,2.18,28/03/2024,04/04/2025,revoked,eth-registry:4f0b8c5c,False
did:example:bad6f0d81419eec0,did:example:university1,academic,StudentID,13,1.92,29/06/2024,09/06/2027,revoked,eth-registry:265db754,False
did:example:c20d2f90d5fb4247,did:example:employer1,professional,EmployeeID,10,1.96,28/11/2024,01/11/2026,revoked,eth-registry:709b340d,False
did:example:fd1e17d53987bc21,did:example:employer1,professional,EmployeeID,11,1.77,06/05/2024,30/12/2026,revoked,eth-registry:9acca7fb,True
did:example:46d34172b4db3fd4,did:example:gov_issuer,government,ProofOfResidence,15,2.42,17/07/2025,05/12/2026,revoked,eth-registry:d1abd8ee,True
did:example:df1f7b1abe263d22,did:example:employer1,professional,EmployeeID,10,1.87,14/02/2024,20/01/2026,active,eth-registry:ea7e9b0b,False
did:example:8af2c82d61175ab9,did:example:university1,academic,StudentID,14,2.19,30/01/2024,11/11/2026,revoked,eth-registry:b5455b89,True
did:example:392d22760754f1bb,did:example:employer1,professional,EmployeeID,12,1.72,15/09/2024,10/11/2025,active,eth-registry:1f56424f,True
did:example:bc2cc547cafa3519,did:example:university1,academic,StudentID,13,2.04,29/10/2024,08/09/2026,revoked,eth-registry:ec9c46b8,False
did:example:e240fb3bd1ddc6c1,did:example:gov_issuer,government,ProofOfResidence,14,2.36,30/05/2025,27/08/2026,active,eth-registry:a7b96abf,True
did:example:58bc8d73a6b7c01d,did:example:university1,academic,StudentID,15,2.14,16/04/2024,29/12/2025,active,eth-registry:f2a8b74d,False
did:example:ca226b24f9cd0006,did:example:gov_issuer,government,ProofOfResidence,17,2.68,26/07/2025,04/07/2028,revoked,eth-registry:066b6add,False
did:example:57d24c84bcf37d5b,did:example:employer1,professional,EmployeeID,12,1.77,08/05/2024,09/06/2026,active,eth-registry:dc74c3af,False
did:example:4c416c3694e27141,did:example:gov_issuer,government,ProofOfAge,17,2.7,24/11/2025,26/07/2027,active,eth-registry:76931627,False
did:example:e7cbebb64fbc881a,did:example:employer1,professional,EmployeeID,11,1.67,09/01/2025,13/04/2027,revoked,eth-registry:0790b0b5,True
did:example:3641abcc027dae9b,did:example:gov_issuer,government,ProofOfResidence,15,2.62,14/07/2025,04/02/2027,active,eth-registry:a7250b84,True
did:example:db2770d66e69efb5,did:example:university1,academic,StudentID,14,2.27,22/01/2024,21/03/2025,active,eth-registry:768a2a93,True
did:example:111c5c25b32d94fa,did:example:gov_issuer,government,ProofOfResidence,17,2.58,08/06/2025,26/07/2027,revoked,eth-registry:ef5e0d99,False
did:example:401341bcb1908cee,did:example:university1,academic,StudentID,14,1.94,06/11/2024,01/05/2027,active,eth-registry:8b988fa4,True
did:example:5317b59bb1ea18c3,did:example:university1,academic,StudentID,14,2.03,02/01/2025,12/05/2026,active,eth-registry:c7477e35,False
did:example:207d33df87d84f8e,did:example:university1,academic,StudentID,12,1.93,19/01/2024,28/04/2025,revoked,eth-registry:046af5ba,True
did:example:6eb355e2799534b9,did:example:university1,academic,StudentID,14,2.14,29/03/2025,09/06/2027,revoked,eth-registry:28830440,False
did:example:e85f4293b610e6f7,did:example:gov_issuer,government,ProofOfAge,17,2.7,07/11/2025,16/08/2027,revoked,eth-registry:e7baf790,True
did:example:0c33964712c770fb,did:example:gov_issuer,government,ProofOfResidence,16,2.45,28/12/2025,10/11/2028,revoked,eth-registry:3dac33b2,False
did:example:8091966841ae0c59,did:example:employer1,professional,EmployeeID,11,1.67,07/10/2025,24/06/2027,active,eth-registry:3450ff32,False
did:example:a890fc3ec2329895,did:example:gov_issuer,government,ProofOfAge,18,2.41,08/06/2025,21/03/2027,revoked,eth-registry:07bf5a53,True
did:example:603f188ce3ec1c62,did:example:university1,academic,StudentID,13,2.13,03/06/2024,24/07/2026,revoked,eth-registry:966dae52,False
did:example:2a2dd03fce9a8603,did:example:gov_issuer,government,ProofOfAge,15,2.53,26/09/2024,10/09/2027,revoked,eth-registry:6310a2b0,True
did:example:ffa82a4e9ca8b3a6,did:example:gov_issuer,government,ProofOfAge,17,2.39,18/02/2024,06/07/2026,active,eth-registry:dc1d4771,True
did:example:b1ac30181b8c1eb6,did:example:employer1,professional,EmployeeID,12,1.9,13/06/2024,13/10/2026,revoked,eth-registry:735d0b1a,False
did:example:8d30a7eb40305126,did:example:university1,academic,StudentID,14,1.94,02/07/2024,07/02/2027,revoked,eth-registry:6baed4b7,True
did:example:3911766ec9468f90,did:example:employer1,professional,EmployeeID,13,1.85,02/05/2025,19/12/2027,revoked,eth-registry:1672917d,True
did:example:21d63dd6f7f63e3c,did:example:employer1,professional,EmployeeID,11,1.77,21/01/2024,09/02/2026,active,eth-registry:37717fb8,True
did:example:325eae5ff621b0b0,did:example:university1,academic,StudentID,12,1.95,10/11/2025,07/06/2027,revoked,eth-registry:415398e3,False
did:example:404c0e80ef379921,did:example:university1,academic,StudentID,12,2.15,21/06/2025,12/10/2026,revoked,eth-registry:9115cb32,False
did:example:1bf6dfb66fa0a5c5,did:example:employer1,professional,EmployeeID,14,1.87,06/05/2025,24/06/2027,revoked,eth-registry:08094d14,True
did:example:7133238dead36889,did:example:university1,academic,StudentID,14,2.08,23/02/2025,16/07/2027,active,eth-registry:4245cce3,True
did:example:f35617bf2bd90996,did:example:gov_issuer,government,ProofOfAge,16,2.62,04/07/2024,28/03/2026,revoked,eth-registry:138266d8,False
did:example:18e15da7533aab3b,did:example:gov_issuer,government,ProofOfResidence,15,2.5,01/02/2025,17/01/2027,active,eth-registry:e034a538,False
did:example:f0683d744c06d57d,did:example:gov_issuer,government,ProofOfResidence,17,2.41,11/04/2025,02/03/2027,active,eth-registry:19ba750f,True
did:example:13bed0184a1a7da8,did:example:employer1,professional,EmployeeID,14,1.98,14/09/2025,18/11/2027,active,eth-registry:c4851e9f,True
did:example:5439f2b285fedcd0,did:example:university1,academic,StudentID,15,2.28,14/05/2025,02/01/2028,active,eth-registry:3ee08e79,False
did:example:4850341c2b47fdd0,did:example:gov_issuer,government,ProofOfAge,16,2.34,14/08/2025,04/07/2027,revoked,eth-registry:9201751c,True
did:example:aee689a6080ea8bd,did:example:university1,academic,StudentID,13,2.28,29/11/2024,13/12/2026,revoked,eth-registry:a5a4dc89,False
did:example:0e44ec24ac4715b8,did:example:gov_issuer,government,ProofOfResidence,18,2.61,25/10/2024,25/08/2026,active,eth-registry:a0015ef5,False
did:example:1795c805d2f0588f,did:example:gov_issuer,government,ProofOfResidence,18,2.34,24/07/2025,01/03/2027,revoked,eth-registry:9d2de665,False
did:example:95d77bced1535f6d,did:example:university1,academic,StudentID,13,2.11,22/03/2025,16/08/2027,active,eth-registry:f3e0397f,False
did:example:bb565e51e30cba09,did:example:employer1,professional,EmployeeID,14,1.61,14/10/2024,07/01/2027,active,eth-registry:ec8a2c03,False
did:example:5ddc65c2f200a2ec,did:example:gov_issuer,government,ProofOfResidence,18,2.54,18/11/2024,06/12/2026,active,eth-registry:5679d786,False
did:example:ac4399a5ae962e2e,did:example:university1,academic,StudentID,15,2.27,10/02/2025,13/09/2026,active,eth-registry:fb224e24,False
did:example:ad5bd918cf5ac26b,did:example:gov_issuer,government,ProofOfResidence,14,2.45,01/04/2025,26/12/2027,revoked,eth-registry:f819bc2b,False
did:example:ce6f0bfe25377e4f,did:example:employer1,professional,EmployeeID,10,1.8,20/09/2024,01/05/2027,active,eth-registry:a1409b0a,True
did:example:f78c23aea966f374,did:example:gov_issuer,government,ProofOfResidence,15,2.39,20/04/2024,15/10/2026,revoked,eth-registry:a3d6e172,False
did:example:61b26969344be3b6,did:example:gov_issuer,government,ProofOfResidence,17,2.52,18/10/2025,05/06/2028,revoked,eth-registry:0e7acf9e,True
did:example:0d3012f5729574ec,did:example:gov_issuer,government,ProofOfResidence,14,2.62,07/08/2024,21/07/2026,revoked,eth-registry:11a135ed,True
did:example:de8d257e33e45b12,did:example:university1,academic,StudentID,12,1.99,28/04/2024,31/07/2026,active,eth-registry:6bd19f2d,True
did:example:8941fd8208626688,did:example:employer1,professional,EmployeeID,10,1.82,03/07/2024,06/12/2025,revoked,eth-registry:5565c81c,False
did:example:ae7fd5ea7210e19a,did:example:employer1,professional,EmployeeID,10,1.74,27/09/2025,21/04/2028,revoked,eth-registry:589c4562,False
did:example:bfbec546e7bf789a,did:example:employer1,professional,EmployeeID,14,1.9,02/05/2024,14/05/2025,active,eth-registry:8834fcc4,False
did:example:e3d838492fff30cb,did:example:university1,academic,StudentID,14,2.18,24/05/2025,30/05/2027,active,eth-registry:4c149291,False
did:example:226aea692473fea2,did:example:university1,academic,StudentID,14,2.18,29/10/2024,28/03/2026,active,eth-registry:a8a3440c,True
did:example:f8aef28e402a69e6,did:example:employer1,professional,EmployeeID,11,1.75,20/03/2025,29/05/2027,active,eth-registry:80591497,True
did:example:9fafc302085c0a02,did:example:university1,academic,StudentID,14,2.14,15/06/2025,06/01/2027,active,eth-registry:1cbb1602,True
did:example:d98efc42b5cbc976,did:example:university1,academic,StudentID,15,2.16,11/06/2024,16/05/2027,revoked,eth-registry:a46ccc78,True
did:example:4c2b72e53363f617,did:example:university1,academic,StudentID,14,2.17,16/10/2024,10/01/2026,active,eth-registry:1b5abeca,False
did:example:c1dbfd4703228285,did:example:employer1,professional,EmployeeID,14,1.83,01/08/2025,24/03/2028,active,eth-registry:6b20ad50,True
did:example:1113ed1009e987eb,did:example:university1,academic,StudentID,14,2.25,19/12/2025,21/04/2028,revoked,eth-registry:c301210b,False
did:example:aa67e02577aa3a67,did:example:gov_issuer,government,ProofOfResidence,15,2.4,15/09/2025,12/09/2028,revoked,eth-registry:9dc4a2b9,True
did:example:36ef4da0280e5f02,did:example:university1,academic,StudentID,14,1.92,08/08/2024,03/04/2026,revoked,eth-registry:2c6a20ca,True
did:example:d8548e02a86a7a8d,did:example:university1,academic,StudentID,15,2.29,22/06/2024,19/11/2026,revoked,eth-registry:1a598105,True
did:example:61170246a3e113b3,did:example:employer1,professional,EmployeeID,14,1.62,24/11/2025,16/12/2026,active,eth-registry:8c228428,False
did:example:eec4e6dacc06e3b7,did:example:university1,academic,StudentID,13,2.26,17/05/2025,23/09/2027,revoked,eth-registry:60b138d0,True
did:example:5f2bf0dc3c07f1f5,did:example:university1,academic,StudentID,14,2.14,21/05/2024,05/04/2026,revoked,eth-registry:ce3d81ff,True
did:example:a5187dd9b4b3127a,did:example:employer1,professional,EmployeeID,14,1.97,18/04/2025,01/10/2027,active,eth-registry:63b287b3,True
did:example:52c7ef56effb1ebc,did:example:university1,academic,StudentID,14,2.13,22/08/2024,18/03/2027,revoked,eth-registry:98d384f0,True
did:example:4a1d9b629d7e6e93,did:example:university1,academic,StudentID,14,2.23,24/04/2024,14/04/2026,active,eth-registry:0b2e68c6,False
did:example:48b4ef89180f694d,did:example:gov_issuer,government,ProofOfAge,15,2.59,29/04/2024,02/01/2026,active,eth-registry:67ff86e1,False
did:example:f67ec9b029912ed4,did:example:university1,academic,StudentID,15,2.11,03/10/2024,08/03/2027,revoked,eth-registry:830b6e53,True
did:example:21d5e66a8aac8537,did:example:gov_issuer,government,ProofOfResidence,18,2.45,22/06/2024,12/04/2027,active,eth-registry:a768ece6,True
did:example:587a171a04764f70,did:example:employer1,professional,EmployeeID,10,1.6,27/07/2025,15/04/2027,active,eth-registry:b0f84500,False
did:example:be0f65193fe7b1a3,did:example:gov_issuer,government,ProofOfAge,14,2.4,24/04/2024,07/01/2027,revoked,eth-registry:6e89c57e,True
did:example:db3fc94b11ddbf8e,did:example:gov_issuer,government,ProofOfResidence,14,2.68,16/05/2024,05/04/2026,active,eth-registry:8203b309,True
did:example:32bf94b8ed8ec2cf,did:example:employer1,professional,EmployeeID,11,1.71,01/04/2025,11/01/2028,revoked,eth-registry:1136d4e6,True
did:example:b418338659372221,did:example:university1,academic,StudentID,12,2.2,13/11/2024,02/03/2027,active,eth-registry:d97d79f6,False
did:example:172fe17392950670,did:example:gov_issuer,government,ProofOfResidence,18,2.5,26/05/2024,26/09/2026,revoked,eth-registry:df945e8f,False
did:example:666bf5214bfc5a94,did:example:employer1,professional,EmployeeID,14,1.72,20/02/2024,07/07/2026,revoked,eth-registry:47f85aca,True
did:example:2fac89863741b5e6,did:example:university1,academic,StudentID,12,2.3,03/03/2024,13/10/2026,active,eth-registry:8fa0bb2c,True
did:example:bb685afe017de9ec,did:example:employer1,professional,EmployeeID,14,1.62,31/07/2024,21/04/2027,revoked,eth-registry:6914ce17,False
did:example:9747d3bdc26d9df3,did:example:university1,academic,StudentID,12,2.13,13/07/2024,23/04/2026,active,eth-registry:5e2f3a07,True
did:example:0effe6ed8ec6e01f,did:example:employer1,professional,EmployeeID,13,1.78,28/02/2025,27/08/2027,active,eth-registry:b1a1825a,True
did:example:9dff604af90531d1,did:example:university1,academic,StudentID,13,1.93,10/05/2025,28/09/2027,active,eth-registry:f3af32cc,True
did:example:b077c6fa343224b5,did:example:gov_issuer,government,ProofOfResidence,14,2.39,01/05/2024,07/07/2026,revoked,eth-registry:70254871,True
did:example:2c8a4772d12b105b,did:example:university1,academic,StudentID,13,2.18,09/11/2024,21/04/2026,revoked,eth-registry:a4a34f21,True
did:example:8d44435abf5203c3,did:example:gov_issuer,government,ProofOfResidence,18,2.34,06/12/2024,11/11/2026,active,eth-registry:220c2a0e,True
did:example:039831b93648e6a0,did:example:gov_issuer,government,ProofOfResidence,18,2.62,24/04/2024,20/09/2025,active,eth-registry:d6131a45,False
did:example:e045e56fb8c9e02d,did:example:employer1,professional,EmployeeID,10,1.85,23/12/2024,01/04/2026,revoked,eth-registry:6da1200d,True
did:example:364e3daa59406654,did:example:gov_issuer,government,ProofOfResidence,18,2.34,16/02/2024,05/01/2027,revoked,eth-registry:11350fff,False
did:example:15ee4b6d375288b2,did:example:employer1,professional,EmployeeID,11,1.71,15/08/2024,26/01/2027,active,eth-registry:6b9e3850,False
did:example:d40ddf24bfd7ad5c,did:example:employer1,professional,EmployeeID,12,1.65,17/06/2025,23/07/2027,revoked,eth-registry:94720320,False
did:example:018b142efc356967,did:example:university1,academic,StudentID,12,2.22,27/06/2024,16/05/2026,active,eth-registry:db365f2b,False
did:example:19aef26b713bbd4b,did:example:employer1,professional,EmployeeID,14,1.81,29/05/2025,20/07/2026,active,eth-registry:176dc94a,False
did:example:2ef4da27d97d1994,did:example:gov_issuer,government,ProofOfResidence,17,2.3,19/03/2024,30/11/2025,active,eth-registry:d7af4dbd,True
did:example:bca66fb80293d072,did:example:university1,academic,StudentID,14,2.12,03/12/2024,26/04/2026,revoked,eth-registry:44d9cddd,True
did:example:125c189228046031,did:example:employer1,professional,EmployeeID,13,1.79,21/10/2025,18/11/2027,active,eth-registry:7588720f,True
did:example:4322e028b6c26432,did:example:university1,academic,StudentID,15,2.16,20/01/2025,23/12/2026,revoked,eth-registry:1c110b84,False
did:example:a4b5da16fded82f2,did:example:university1,academic,StudentID,12,1.91,19/08/2025,23/07/2028,revoked,eth-registry:20348863,True
did:example:f8f0edc497efa104,did:example:employer1,professional,EmployeeID,11,1.61,24/06/2024,04/03/2027,active,eth-registry:c71369b2,True
did:example:22ac8ae00bfbb042,did:example:employer1,professional,EmployeeID,10,1.74,15/05/2024,28/07/2026,revoked,eth-registry:ff5e8a27,True
did:example:867b1f1cd228a7e1,did:example:university1,academic,StudentID,13,2.18,20/12/2024,05/10/2027,revoked,eth-registry:c26cd2c5,False
did:example:90d486db39a766c9,did:example:employer1,professional,EmployeeID,12,1.87,30/06/2024,25/02/2026,revoked,eth-registry:aa297df3,True
did:example:25854ae0bc049bd1,did:example:employer1,professional,EmployeeID,10,1.71,16/06/2025,06/09/2026,active,eth-registry:279c7547,False
did:example:22b93d132f742ee7,did:example:university1,academic,StudentID,14,1.99,14/09/2024,28/10/2026,revoked,eth-registry:53167abf,False
did:example:881ed340b2bbbc94,did:example:gov_issuer,government,ProofOfResidence,14,2.57,17/07/2025,31/08/2026,active,eth-registry:124a626b,False
did:example:4da1188e2248e75a,did:example:employer1,professional,EmployeeID,13,1.61,26/01/2024,15/12/2026,active,eth-registry:7b41e4b9,False
did:example:a8bdb98e44e37725,did:example:gov_issuer,government,ProofOfAge,17,2.52,05/09/2024,02/12/2025,revoked,eth-registry:f0e44be9,True
did:example:fdecf5d9b57abf91,did:example:gov_issuer,government,ProofOfResidence,18,2.47,26/06/2024,13/03/2027,active,eth-registry:7be9d4bf,True
did:example:d212c450db98b5c4,did:example:employer1,professional,EmployeeID,10,1.7,11/05/2025,13/09/2027,revoked,eth-registry:492c4ff4,True
did:example:2614cc06a706729a,did:example:university1,academic,StudentID,15,2.11,30/05/2024,26/11/2025,revoked,eth-registry:0cf24e25,False
did:example:bc08358ecf21bf7d,did:example:employer1,professional,EmployeeID,12,1.69,21/12/2024,14/01/2027,active,eth-registry:cdee4c20,True
did:example:f884259c0c4a4904,did:example:employer1,professional,EmployeeID,14,1.83,20/09/2024,22/10/2026,revoked,eth-registry:5bd494ba,True
did:example:c0d288301c012428,did:example:employer1,professional,EmployeeID,13,1.66,24/06/2025,15/12/2027,active,eth-registry:e7362c73,True
did:example:00f1558b998f74a5,did:example:employer1,professional,EmployeeID,13,1.76,27/09/2024,05/08/2026,revoked,eth-registry:fb39a39a,True
did:example:adba866221af1b67,did:example:gov_issuer,government,ProofOfResidence,14,2.5,19/05/2025,26/07/2027,revoked,eth-registry:cd7f0557,True
did:example:89e764c655589b61,did:example:employer1,professional,EmployeeID,13,1.61,06/03/2024,03/01/2026,active,eth-registry:02935c62,False
did:example:4ce17d1e5d97023f,did:example:employer1,professional,EmployeeID,12,1.84,02/07/2025,10/09/2026,revoked,eth-registry:f6c8e247,False
did:example:e6525b8550a685e1,did:example:gov_issuer,government,ProofOfResidence,18,2.6,12/04/2025,13/09/2027,revoked,eth-registry:6c7a8040,False
did:example:f86e188de72d19a2,did:example:university1,academic,StudentID,14,2.28,30/04/2024,04/11/2025,active,eth-registry:883334fa,False
did:example:8163d9b7ff4f853a,did:example:university1,academic,StudentID,12,1.98,20/03/2024,09/10/2025,active,eth-registry:af92b785,False
did:example:ae9eff90549f6345,did:example:university1,academic,StudentID,15,1.98,23/08/2024,22/04/2026,active,eth-registry:86e3e8e0,True
did:example:512f125610df16d6,did:example:gov_issuer,government,ProofOfResidence,14,2.42,23/12/2025,10/02/2028,active,eth-registry:2bcdaec7,True
did:example:abc62dc7bc869ab0,did:example:gov_issuer,government,ProofOfResidence,15,2.66,12/07/2024,11/12/2026,revoked,eth-registry:007bc153,True
did:example:802d2649f3a91428,did:example:university1,academic,StudentID,12,2.06,12/12/2024,30/07/2027,revoked,eth-registry:e834e2fb,False
did:example:2b274b287e96ccda,did:example:university1,academic,StudentID,15,2.02,22/11/2024,01/02/2027,revoked,eth-registry:32b8f2dc,True
did:example:bde530ec39bfd38c,did:example:university1,academic,StudentID,12,2.2,03/08/2024,20/05/2026,active,eth-registry:cfeeb9fb,True
did:example:4b15349880aec7e0,did:example:university1,academic,StudentID,15,1.92,05/12/2024,28/10/2027,revoked,eth-registry:25c8c4b2,True
did:example:aa4d78bc9519ad04,did:example:university1,academic,StudentID,12,2.12,08/05/2024,20/04/2026,active,eth-registry:aa92443f,True
did:example:3a2b0cd6fe9366c5,did:example:gov_issuer,government,ProofOfAge,17,2.48,02/05/2025,16/08/2026,active,eth-registry:08aaecf9,True
did:example:7a83b56d7f5f7188,did:example:employer1,professional,EmployeeID,10,1.85,26/04/2024,02/12/2026,revoked,eth-registry:7ca0e674,True
did:example:7243e0598af9b0ab,did:example:employer1,professional,EmployeeID,11,1.89,20/02/2025,07/01/2028,revoked,eth-registry:e4f99c15,True
did:example:b428ced5c28bd5d3,did:example:university1,academic,StudentID,14,2.03,20/08/2024,20/03/2026,active,eth-registry:5cdff600,False
did:example:80fbd14816530c25,did:example:university1,academic,StudentID,14,2.15,27/02/2025,06/08/2026,active,eth-registry:b1ae4868,False
did:example:1f7558d9d17d0d29,did:example:university1,academic,StudentID,15,2.11,04/02/2025,19/10/2026,active,eth-registry:d509a409,True
did:example:ed7a46462c7f42c2,did:example:gov_issuer,government,ProofOfAge,18,2.35,07/04/2025,14/12/2026,revoked,eth-registry:22b393a9,False
did:example:129564efd7529a66,did:example:employer1,professional,EmployeeID,12,1.95,18/03/2025,05/08/2026,revoked,eth-registry:36ee9448,False
did:example:e8343ae147e66b94,did:example:university1,academic,StudentID,13,2.2,18/07/2024,12/08/2025,active,eth-registry:d010aba8,True
did:example:0ddff33202ae4ac6,did:example:university1,academic,StudentID,13,2.27,06/03/2025,21/07/2026,active,eth-registry:0d62a533,False
did:example:dbab1364bdeed434,did:example:university1,academic,StudentID,15,2.19,14/06/2024,16/01/2026,active,eth-registry:b61e8731,True
did:example:2b2687aec19bb6e9,did:example:employer1,professional,EmployeeID,13,1.7,10/10/2024,24/02/2026,revoked,eth-registry:2631481c,False
did:example:f82717c1a01f5b44,did:example:university1,academic,StudentID,15,2.07,06/06/2024,29/10/2025,revoked,eth-registry:b027b495,True
did:example:83561425c915191b,did:example:university1,academic,StudentID,13,2.05,25/01/2025,15/12/2027,revoked,eth-registry:f5e8a338,True
did:example:a82b6eb8230bbc08,did:example:employer1,professional,EmployeeID,12,1.61,23/07/2025,28/12/2026,active,eth-registry:a286b2fa,False
did:example:5e040a93864f92c3,did:example:university1,academic,StudentID,15,2.06,18/03/2025,08/11/2027,revoked,eth-registry:a47ed68d,False
did:example:39a20dc117785ef6,did:example:university1,academic,StudentID,14,2.04,12/03/2024,04/05/2026,revoked,eth-registry:def34921,False
did:example:6701f2ff440a4c66,did:example:university1,academic,StudentID,12,1.9,26/02/2024,09/01/2026,revoked,eth-registry:966b3511,False
did:example:140aef7896f732e1,did:example:gov_issuer,government,ProofOfAge,16,2.64,19/08/2024,12/03/2027,active,eth-registry:9f51f04b,True
did:example:ba8130e477b74519,did:example:employer1,professional,EmployeeID,11,1.66,06/03/2025,18/03/2026,active,eth-registry:d9581fac,False
did:example:1f2e359f2544f850,did:example:gov_issuer,government,ProofOfResidence,17,2.5,23/07/2024,18/01/2027,active,eth-registry:05274b2d,True
did:example:25277cb476d95ed4,did:example:gov_issuer,government,ProofOfResidence,14,2.61,28/12/2025,28/10/2027,active,eth-registry:4bdd0381,True
did:example:ff459fcf46e22edb,did:example:gov_issuer,government,ProofOfResidence,18,2.54,08/03/2025,04/11/2027,revoked,eth-registry:ca1608ab,True
did:example:7be750c4d1477319,did:example:university1,academic,StudentID,15,1.97,15/10/2025,17/09/2028,active,eth-registry:9a0bb4b0,True
did:example:d9d53fc5e150528e,did:example:university1,academic,StudentID,12,2.15,06/11/2025,23/04/2028,active,eth-registry:6a39d4a0,True
did:example:398302924c2b23fa,did:example:university1,academic,StudentID,14,2.2,11/03/2024,02/06/2025,revoked,eth-registry:c43d52f6,False
did:example:65cd68fda8334d61,did:example:gov_issuer,government,ProofOfResidence,14,2.64,04/10/2025,16/09/2028,active,eth-registry:b2cd2b97,True
did:example:64e96c8e7fe92bf2,did:example:employer1,professional,EmployeeID,11,1.73,07/02/2024,15/08/2026,active,eth-registry:decda96c,False
did:example:b4a3f5021e0dbb32,did:example:university1,academic,StudentID,13,1.91,18/03/2024,31/03/2025,revoked,eth-registry:09ad25ab,False
did:example:cecef83c3638dd49,did:example:employer1,professional,EmployeeID,12,1.84,29/01/2025,17/06/2026,active,eth-registry:a2f7e77e,False
did:example:d82e3c0c2936d061,did:example:university1,academic,StudentID,15,1.99,29/01/2025,21/01/2028,revoked,eth-registry:c6b92d3d,False
did:example:b52aebd44a4ba5a1,did:example:employer1,professional,EmployeeID,12,1.91,19/04/2025,21/12/2027,revoked,eth-registry:4f9c20db,True
did:example:39078a04d1119ed0,did:example:employer1,professional,EmployeeID,11,1.87,28/01/2024,22/11/2025,revoked,eth-registry:7f235ae7,False
did:example:5aef5d7e6f252a2f,did:example:employer1,professional,EmployeeID,10,1.91,19/03/2024,16/02/2027,active,eth-registry:5913cdca,True
did:example:76e39de49238a60e,did:example:university1,academic,StudentID,15,2.29,02/08/2025,17/07/2027,revoked,eth-registry:09011cee,True
did:example:7163ab84c9ca588a,did:example:gov_issuer,government,ProofOfAge,15,2.53,08/03/2025,02/12/2027,active,eth-registry:5323e0b4,False
did:example:adcbb5e1cebb9f83,did:example:university1,academic,StudentID,13,2.26,30/09/2024,26/11/2026,active,eth-registry:2802856e,False
did:example:f93d61ade1d3c71d,did:example:gov_issuer,government,ProofOfResidence,14,2.56,13/05/2024,07/09/2026,active,eth-registry:90071c41,True
did:example:f0f963e63ef3a637,did:example:university1,academic,StudentID,13,1.97,06/06/2024,12/06/2025,revoked,eth-registry:c44008a2,True
did:example:f5a234fb139ce46f,did:example:university1,academic,StudentID,14,2.22,12/08/2024,22/07/2027,active,eth-registry:30fffe84,True
did:example:aa1f30a31784f482,did:example:employer1,professional,EmployeeID,14,1.88,19/12/2024,30/04/2026,revoked,eth-registry:0410d6d8,True
did:example:942d5e889b002863,did:example:university1,academic,StudentID,13,2.29,18/08/2025,20/01/2027,revoked,eth-registry:f79eae72,True
did:example:e618197e44005f10,did:example:employer1,professional,EmployeeID,12,1.7,14/11/2024,06/10/2026,active,eth-registry:de2e4e84,False
did:example:dae58bff177d74d8,did:example:employer1,professional,EmployeeID,14,1.73,15/11/2024,21/05/2027,active,eth-registry:8bab2c81,False
did:example:41cefc482f8c696c,did:example:gov_issuer,government,ProofOfResidence,15,2.63,20/11/2025,04/06/2028,active,eth-registry:6fe5ce96,True
did:example:b4f32a9f2c2058c3,did:example:university1,academic,StudentID,13,1.93,09/03/2024,10/06/2026,active,eth-registry:bb8fbebb,True
did:example:7040e54e9a6fcf60,did:example:employer1,professional,EmployeeID,10,1.85,25/01/2024,22/10/2026,revoked,eth-registry:832e4825,False
did:example:4ac0f4bc8198cc77,did:example:gov_issuer,government,ProofOfResidence,18,2.51,26/12/2025,15/05/2028,active,eth-registry:5a007ee5,False
did:example:607eb1172c2220eb,did:example:gov_issuer,government,ProofOfResidence,14,2.37,25/11/2025,12/03/2027,active,eth-registry:6c8db077,False
did:example:d55c6432e01d7aa9,did:example:university1,academic,StudentID,12,1.97,21/10/2024,16/05/2027,active,eth-registry:b3a97a06,False
did:example:8f0a950eb1138721,did:example:university1,academic,StudentID,12,2.22,20/06/2024,29/12/2025,active,eth-registry:a8b0a8c6,False
did:example:04cb807d92ec0daf,did:example:employer1,professional,EmployeeID,13,1.61,30/03/2024,13/04/2026,revoked,eth-registry:43b624d4,True
did:example:f614e23a1b21b667,did:example:employer1,professional,EmployeeID,11,1.9,16/04/2024,03/07/2026,active,eth-registry:d40d7c75,False
did:example:591e81b0ded45505,did:example:employer1,professional,EmployeeID,13,1.89,14/10/2025,27/07/2027,revoked,eth-registry:f1452ca6,False
did:example:c1e035f2c9ae902d,did:example:university1,academic,StudentID,14,2.16,26/06/2025,16/03/2027,revoked,eth-registry:1cc82567,False
did:example:5ac7a7e1cc5626e6,did:example:gov_issuer,government,ProofOfAge,14,2.46,09/09/2025,23/03/2027,revoked,eth-registry:7ed5ac7c,True
did:example:41e3e8a4a22788e6,did:example:university1,academic,StudentID,13,1.91,17/01/2025,22/08/2026,active,eth-registry:ac54178f,False
did:example:3170b70ce089ae0b,did:example:university1,academic,StudentID,12,2.22,25/04/2025,14/04/2028,active,eth-registry:f25f5c32,True
did:example:46ade20eacf71131,did:example:university1,academic,StudentID,12,1.95,16/10/2025,23/07/2027,revoked,eth-registry:8ebdd414,True
did:example:43d7d6592ded9df7,did:example:employer1,professional,EmployeeID,12,1.71,18/09/2024,29/08/2026,revoked,eth-registry:b99acab6,False
did:example:760e4ea5bdfce07d,did:example:employer1,professional,EmployeeID,11,1.98,31/01/2025,27/06/2027,active,eth-registry:3ee5433c,True
did:example:b9828ef17c6ef5c1,did:example:gov_issuer,government,ProofOfResidence,14,2.42,29/07/2024,26/01/2026,revoked,eth-registry:1a17374a,False
did:example:3472b18f4063fd96,did:example:university1,academic,StudentID,13,2.0,04/01/2025,29/05/2026,active,eth-registry:c0e3d58e,True
did:example:21450c9ada06ab37,did:example:gov_issuer,government,ProofOfResidence,16,2.69,04/06/2024,04/11/2025,active,eth-registry:7e48e531,False
did:example:8f303fd9b780769a,did:example:university1,academic,StudentID,15,1.93,30/05/2024,14/07/2025,active,eth-registry:cdaf47c5,False
did:example:60d2b1a5bd338d24,did:example:university1,academic,StudentID,14,1.96,18/09/2024,13/08/2026,revoked,eth-registry:188fcc20,False
did:example:19efd74039d9020d,did:example:university1,academic,StudentID,13,2.08,25/11/2025,27/11/2026,revoked,eth-registry:5e1a085c,False
did:example:c357bc912c8566d0,did:example:employer1,professional,EmployeeID,12,1.92,17/07/2024,19/04/2026,revoked,eth-registry:e2503720,False
did:example:6c5412c7296d8611,did:example:university1,academic,StudentID,12,2.25,30/04/2025,19/05/2027,active,eth-registry:d69c0ee9,True
did:example:f21fc08d2cd4b248,did:example:employer1,professional,EmployeeID,11,1.9,21/02/2025,28/08/2026,active,eth-registry:a2ef2f3a,False
did:example:67af5b1ce1a0d94b,did:example:gov_issuer,government,ProofOfResidence,16,2.69,15/03/2025,13/09/2026,revoked,eth-registry:f196452d,False
did:example:a5055a4ee00f73db,did:example:university1,academic,StudentID,12,1.91,05/04/2024,18/06/2026,revoked,eth-registry:3be511dc,True
did:example:bbe5fb70f84e7efa,did:example:employer1,professional,EmployeeID,14,1.85,31/07/2025,14/09/2027,revoked,eth-registry:391ecd60,True
did:example:c697432865c250e0,did:example:employer1,professional,EmployeeID,12,1.65,27/07/2025,23/02/2028,active,eth-registry:43b038a8,True
did:example:652ffbc5d9471a65,did:example:university1,academic,StudentID,15,2.26,15/03/2024,19/12/2026,active,eth-registry:de5bdfbd,True
did:example:f245996f9e01f99b,did:example:employer1,professional,EmployeeID,11,1.97,15/10/2024,14/04/2026,revoked,eth-registry:d541497a,False
did:example:ee14b5a576def7d7,did:example:gov_issuer,government,ProofOfAge,18,2.42,25/09/2025,27/04/2027,active,eth-registry:42ef45a1,True
did:example:2d54da6fa4479de6,did:example:university1,academic,StudentID,13,2.23,22/06/2024,10/07/2026,active,eth-registry:d74e5b60,True
did:example:c907fa526643dc66,did:example:employer1,professional,EmployeeID,14,1.85,31/12/2024,14/05/2026,revoked,eth-registry:88a77635,True
did:example:cde87d3101968df9,did:example:university1,academic,StudentID,14,1.94,27/08/2025,10/02/2028,revoked,eth-registry:3c61be71,False
did:example:395dbe030dc419ef,did:example:employer1,professional,EmployeeID,13,1.84,09/08/2025,10/08/2026,revoked,eth-registry:a0822776,True
did:example:5b62c0c185d80505,did:example:gov_issuer,government,ProofOfAge,15,2.69,10/10/2024,05/07/2026,active,eth-registry:683c549e,False
did:example:19b9621707ba63a8,did:example:employer1,professional,EmployeeID,14,1.72,04/06/2025,21/05/2028,active,eth-registry:bcd83782,False
did:example:2418858bcaa205da,did:example:university1,academic,StudentID,12,1.9,11/11/2025,30/04/2028,active,eth-registry:e742acc0,False
did:example:eb5cf13fc4fe243c,did:example:university1,academic,StudentID,12,2.29,25/11/2024,07/12/2026,revoked,eth-registry:5f53d8ff,False
did:example:0309b85da4c83cbe,did:example:university1,academic,StudentID,13,2.07,13/12/2025,15/12/2026,active,eth-registry:5d0f2aee,False
did:example:cd5aa39abe73c661,did:example:employer1,professional,EmployeeID,14,1.77,16/07/2025,22/02/2028,revoked,eth-registry:37ff8c12,True
did:example:085d7beb2d7f1dd8,did:example:university1,academic,StudentID,15,2.19,18/04/2025,09/03/2027,active,eth-registry:ca826488,False
did:example:4ca17b6bc9e24f29,did:example:employer1,professional,EmployeeID,14,1.84,10/06/2025,27/02/2028,revoked,eth-registry:99f5ec4b,False
did:example:2740f5adbe117799,did:example:employer1,professional,EmployeeID,12,1.72,17/05/2024,10/12/2026,revoked,eth-registry:d0e878fe,False
did:example:5cbbf7e10d93fa6f,did:example:gov_issuer,government,ProofOfAge,18,2.34,03/01/2024,30/12/2026,active,eth-registry:4953e144,False
did:example:8d55d8bfef145cd8,did:example:university1,academic,StudentID,13,2.23,27/08/2025,21/11/2026,revoked,eth-registry:de87a8c0,True
did:example:9f11e20ec42848b2,did:example:university1,academic,StudentID,13,2.09,02/06/2025,20/02/2028,active,eth-registry:7d81439b,True
did:example:5d0c2c51cc9d0c25,did:example:employer1,professional,EmployeeID,10,1.87,16/11/2025,19/04/2028,active,eth-registry:7fbe8a67,False
did:example:b3957d44aa199c52,did:example:university1,academic,StudentID,15,2.24,06/01/2025,08/08/2026,revoked,eth-registry:4febb3d2,True
did:example:acf997249f0776b4,did:example:university1,academic,StudentID,13,1.91,08/10/2024,17/06/2027,revoked,eth-registry:3508e6d6,True
did:example:40e4f8125da2b93b,did:example:employer1,professional,EmployeeID,10,1.94,05/09/2025,22/10/2027,revoked,eth-registry:3f6d9791,False
did:example:e205d02bdac360a1,did:example:gov_issuer,government,ProofOfAge,15,2.6,19/11/2025,15/03/2028,active,eth-registry:9bc18b32,False
did:example:28cf0a454acc6d6f,did:example:university1,academic,StudentID,14,2.28,14/08/2025,17/07/2028,revoked,eth-registry:44ab4c46,True
did:example:936fe2336fbbe7c2,did:example:employer1,professional,EmployeeID,11,1.69,27/08/2025,19/10/2027,revoked,eth-registry:c6711d22,True
did:example:cc94fcf27d290c5f,did:example:university1,academic,StudentID,13,2.03,04/05/2024,09/08/2026,revoked,eth-registry:00f7a959,False
did:example:0123bf7ef34c5ce4,did:example:gov_issuer,government,ProofOfAge,15,2.56,26/09/2025,19/06/2028,active,eth-registry:3402ff9e,False
did:example:57fe07f5ef47d36a,did:example:gov_issuer,government,ProofOfAge,16,2.67,16/01/2024,31/07/2026,revoked,eth-registry:41617801,False
did:example:7690d611e86fec72,did:example:university1,academic,StudentID,14,2.3,06/07/2025,17/10/2027,active,eth-registry:df8d41b1,True
did:example:18ef8cbf3227543b,did:example:university1,academic,StudentID,14,2.07,23/05/2024,16/03/2027,active,eth-registry:e0730a79,True
did:example:598284f896bf383a,did:example:employer1,professional,EmployeeID,10,1.82,31/01/2024,26/11/2026,revoked,eth-registry:3a8bf41e,False
did:example:9a205df00c1b444f,did:example:university1,academic,StudentID,13,1.97,25/06/2025,16/09/2027,revoked,eth-registry:a7f39ebd,False
did:example:2d5edb3b967680d0,did:example:gov_issuer,government,ProofOfAge,17,2.58,05/09/2024,15/11/2025,revoked,eth-registry:89e8951f,True
did:example:e057e46dd8fafcb6,did:example:university1,academic,StudentID,12,2.23,28/09/2025,16/02/2028,active,eth-registry:46b40403,True
did:example:d62ef4432031b530,did:example:university1,academic,StudentID,12,2.22,25/07/2024,25/03/2026,revoked,eth-registry:a42c187f,False
did:example:810ef58c79aa5316,did:example:employer1,professional,EmployeeID,11,1.74,27/05/2025,31/07/2027,revoked,eth-registry:1e1a390d,True
did:example:691c5a6a83d9be95,did:example:gov_issuer,government,ProofOfAge,17,2.69,15/04/2025,15/01/2027,active,eth-registry:c2eae089,False
did:example:7b0d854ff1c167fc,did:example:employer1,professional,EmployeeID,13,1.65,22/08/2025,26/04/2027,revoked,eth-registry:1b087a39,True
did:example:fc2cfc6fbb56c01a,did:example:gov_issuer,government,ProofOfResidence,14,2.5,21/09/2025,02/09/2028,active,eth-registry:297df910,False
did:example:089ffcdf07791ad0,did:example:gov_issuer,government,ProofOfResidence,17,2.52,05/03/2025,02/09/2026,active,eth-registry:b701e92e,True
did:example:3088a99c5f80e73e,did:example:university1,academic,StudentID,12,2.11,09/09/2024,04/01/2026,active,eth-registry:8ef0debd,True
did:example:c797fa2c54b90db5,did:example:gov_issuer,government,ProofOfAge,17,2.6,05/01/2025,13/04/2027,revoked,eth-registry:8446476f,True
did:example:b310b69e2be7b3d5,did:example:university1,academic,StudentID,14,2.14,15/03/2025,29/06/2027,active,eth-registry:3c36bb04,True
did:example:4725ae911061f96f,did:example:university1,academic,StudentID,12,1.93,10/12/2025,26/11/2028,active,eth-registry:b0c59ca7,False
did:example:193e23cb06cf9484,did:example:university1,academic,StudentID,13,1.97,06/05/2024,17/06/2025,active,eth-registry:2fee6b44,True
did:example:b548985d66202034,did:example:university1,academic,StudentID,15,2.11,28/02/2024,28/12/2026,revoked,eth-registry:b084fb09,True
did:example:697ea5351971baec,did:example:gov_issuer,government,ProofOfResidence,16,2.58,05/12/2024,10/08/2027,active,eth-registry:c351435e,False
did:example:f93c6278c817203f,did:example:gov_issuer,government,ProofOfAge,17,2.51,04/11/2024,06/04/2026,revoked,eth-registry:5b31c77c,False
did:example:79915e74f7addea0,did:example:gov_issuer,government,ProofOfResidence,17,2.44,20/10/2025,09/06/2028,active,eth-registry:5e40f602,False
did:example:13a80ac08ca203cb,did:example:university1,academic,StudentID,12,1.92,22/07/2024,30/03/2027,revoked,eth-registry:7cbc542a,True
did:example:f2578926544b3152,did:example:university1,academic,StudentID,15,2.21,18/04/2024,11/07/2025,active,eth-registry:658ef54b,False
did:example:a296a6504d2c6e4d,did:example:gov_issuer,government,ProofOfAge,15,2.5,30/03/2024,14/04/2025,revoked,eth-registry:c1e2070e,False
did:example:eac75317df55b23e,did:example:gov_issuer,government,ProofOfAge,17,2.52,15/10/2025,10/02/2028,active,eth-registry:e16c4f50,True
did:example:513172de54cc1551,did:example:employer1,professional,EmployeeID,12,1.79,18/03/2025,22/05/2027,revoked,eth-registry:eaa090f5,False
did:example:beb5fce66f50c3ca,did:example:employer1,professional,EmployeeID,12,1.71,14/12/2025,04/09/2028,revoked,eth-registry:3ccb3411,False
did:example:e73c0269bb8e4a27,did:example:gov_issuer,government,ProofOfAge,15,2.41,11/07/2024,22/05/2027,active,eth-registry:a12ef789,False
did:example:d34985a77262df7d,did:example:university1,academic,StudentID,15,1.93,29/02/2024,15/05/2025,revoked,eth-registry:d73db82a,False
did:example:ffd4e9c2df2929cf,did:example:employer1,professional,EmployeeID,10,1.88,04/12/2024,05/11/2027,active,eth-registry:662cf529,True
did:example:b01de012a3130f3b,did:example:employer1,professional,EmployeeID,14,1.71,06/05/2024,19/01/2027,active,eth-registry:4fad8c1f,True
did:example:df793d1873de1fc0,did:example:employer1,professional,EmployeeID,11,1.72,09/04/2024,23/06/2026,active,eth-registry:f5c41b90,False
did:example:b502211a7877fce3,did:example:employer1,professional,EmployeeID,14,2.0,07/10/2025,27/06/2027,revoked,eth-registry:492d750f,True
did:example:9b33bb8b4f929bdd,did:example:employer1,professional,EmployeeID,10,1.75,12/10/2024,16/01/2027,active,eth-registry:26acff9d,False
did:example:6423719c997b1960,did:example:university1,academic,StudentID,12,2.1,21/02/2024,08/04/2026,revoked,eth-registry:ccd270bd,True
did:example:b22687448b6b2ba2,did:example:gov_issuer,government,ProofOfAge,14,2.45,26/05/2024,07/03/2026,active,eth-registry:d89a6956,True
did:example:1099da8413de311e,did:example:university1,academic,StudentID,14,2.02,25/09/2024,21/11/2025,revoked,eth-registry:a83e6fdb,True
did:example:169e8d146642cda2,did:example:university1,academic,StudentID,13,1.9,17/10/2025,28/03/2028,active,eth-registry:054cb4a7,True
did:example:db16048135f2c4d9,did:example:university1,academic,StudentID,14,2.24,11/04/2025,20/11/2026,active,eth-registry:c3d9751c,True
did:example:37d65303035a54d3,did:example:university1,academic,StudentID,15,2.09,16/01/2025,14/07/2026,revoked,eth-registry:d5ab1140,False
did:example:6f60f348f1646b6f,did:example:university1,academic,StudentID,12,2.19,01/03/2025,30/11/2026,revoked,eth-registry:976f2dab,False
did:example:c443d1ba844e682e,did:example:employer1,professional,EmployeeID,12,1.98,07/08/2025,31/08/2026,revoked,eth-registry:4375eeba,False
did:example:0d1b99f19dfedeb1,did:example:university1,academic,StudentID,14,1.9,21/05/2024,03/03/2026,revoked,eth-registry:bdfec044,False
did:example:438a5b8d6b9c6400,did:example:university1,academic,StudentID,13,2.17,21/12/2024,23/08/2027,active,eth-registry:0b32c4ad,True
did:example:22498d8e83fbfd34,did:example:gov_issuer,government,ProofOfAge,18,2.35,09/10/2024,27/03/2027,revoked,eth-registry:d14f5736,False
did:example:e3b731f7c5211d20,did:example:university1,academic,StudentID,14,2.08,31/01/2024,15/03/2025,active,eth-registry:ae715b4e,True
did:example:15ce03bbe8f3bfd1,did:example:employer1,professional,EmployeeID,10,1.94,06/02/2025,05/10/2026,revoked,eth-registry:bee0d191,True
did:example:051aa4f8b3cff31e,did:example:university1,academic,StudentID,14,1.93,22/05/2025,19/09/2027,active,eth-registry:1e70f343,True
did:example:e3712f3c68f5bc87,did:example:university1,academic,StudentID,13,2.3,01/05/2025,11/03/2028,active,eth-registry:a17ac8c9,False
did:example:0baaca6caec1112a,did:example:employer1,professional,EmployeeID,10,1.83,04/02/2024,19/12/2025,revoked,eth-registry:2b2456ce,True
did:example:4a0c1bb8e231026d,did:example:university1,academic,StudentID,15,2.06,15/10/2024,07/10/2027,revoked,eth-registry:ef69ee47,True
did:example:d7bc33d3bba7d9d2,did:example:university1,academic,StudentID,12,1.91,15/10/2024,15/11/2025,active,eth-registry:115f3e2b,True
did:example:5263139098dab3c9,did:example:university1,academic,StudentID,12,2.13,23/04/2024,17/02/2027,revoked,eth-registry:3fb1bd78,True
did:example:7d3ecc4c9ee2b046,did:example:employer1,professional,EmployeeID,11,1.8,03/02/2025,30/05/2026,active,eth-registry:878cb85f,True
did:example:35050fe629dfb078,did:example:employer1,professional,EmployeeID,14,1.69,23/01/2025,10/07/2027,active,eth-registry:3c437023,True
did:example:f4cf1c3fc8ffc99a,did:example:university1,academic,StudentID,14,2.1,24/07/2025,05/10/2026,active,eth-registry:41ca2c64,True
did:example:93785fd7b880d1dc,did:example:university1,academic,StudentID,15,1.91,12/07/2025,04/07/2028,revoked,eth-registry:097455c3,True
did:example:0c9e65ce8f85a9ac,did:example:university1,academic,StudentID,13,2.3,18/10/2025,23/03/2027,revoked,eth-registry:a490e19b,False
did:example:97cf6a0dbbf5291e,did:example:gov_issuer,government,ProofOfAge,14,2.43,06/11/2024,02/08/2026,active,eth-registry:7216e472,False
did:example:48da29a3ed186536,did:example:employer1,professional,EmployeeID,11,1.79,29/05/2024,05/09/2026,active,eth-registry:730cc7e5,False
did:example:fd0efb08667210ec,did:example:university1,academic,StudentID,12,2.21,30/01/2025,07/03/2026,revoked,eth-registry:e706dcbe,True
did:example:cc6b964c6f7a42b4,did:example:employer1,professional,EmployeeID,12,1.89,30/04/2025,21/06/2027,active,eth-registry:1b328bf1,True
did:example:86ff5c3837e6351c,did:example:university1,academic,StudentID,13,2.26,31/08/2024,01/04/2026,active,eth-registry:a012af16,False
did:example:79e5b6e607d8a4aa,did:example:gov_issuer,government,ProofOfAge,18,2.68,09/12/2024,21/10/2026,revoked,eth-registry:d15f24b8,False
did:example:6c23c562fcdf1e21,did:example:employer1,professional,EmployeeID,11,1.68,02/11/2025,03/07/2027,revoked,eth-registry:52b46c27,True
did:example:cdba3208232ae7aa,did:example:university1,academic,StudentID,13,2.06,15/07/2025,22/03/2028,active,eth-registry:f737f057,True
did:example:4d21e2148a7ddd23,did:example:gov_issuer,government,ProofOfResidence,18,2.57,21/03/2025,17/02/2027,revoked,eth-registry:84134189,False
did:example:8aa4ae1f5f18a8bc,did:example:university1,academic,StudentID,14,1.92,18/11/2025,21/05/2028,revoked,eth-registry:9b23baa4,False
did:example:6c8a7940e9b00f1d,did:example:university1,academic,StudentID,12,2.19,11/01/2024,09/02/2025,active,eth-registry:70526110,True
did:example:4a09b9fb277381cd,did:example:university1,academic,StudentID,13,1.9,24/01/2025,07/06/2027,revoked,eth-registry:7cddccfe,True
did:example:2dc44cc52ecda4a5,did:example:gov_issuer,government,ProofOfResidence,15,2.67,13/07/2024,19/04/2026,active,eth-registry:0d9e72af,False
did:example:93265945a67d4165,did:example:employer1,professional,EmployeeID,13,1.89,28/07/2024,08/10/2026,revoked,eth-registry:956ffafe,True
did:example:8887225115e6e70c,did:example:gov_issuer,government,ProofOfAge,16,2.53,27/07/2025,05/04/2028,revoked,eth-registry:d4b964e2,False
did:example:de60b40cc56405ee,did:example:employer1,professional,EmployeeID,13,1.77,06/08/2025,27/12/2027,revoked,eth-registry:96cfbfc8,True
did:example:1e3d944fa30661db,did:example:gov_issuer,government,ProofOfAge,18,2.7,21/12/2024,05/09/2026,active,eth-registry:808e8a0c,True
did:example:4762563a78ba963f,did:example:university1,academic,StudentID,14,2.19,20/01/2025,04/07/2026,revoked,eth-registry:e82aad8e,False
did:example:5c2d851db4221ede,did:example:employer1,professional,EmployeeID,11,1.92,14/03/2025,22/12/2027,active,eth-registry:eb670aeb,False
did:example:8428d78e451bcea1,did:example:employer1,professional,EmployeeID,11,1.93,06/10/2025,13/04/2027,revoked,eth-registry:32c2d983,False
did:example:b3e79e67d30240a5,did:example:employer1,professional,EmployeeID,12,1.61,17/01/2024,10/02/2025,revoked,eth-registry:004b531c,False
did:example:a56347b9bca04d2a,did:example:gov_issuer,government,ProofOfResidence,16,2.32,17/02/2025,22/09/2026,active,eth-registry:88665e76,False
did:example:52e1ab30a6c44a68,did:example:gov_issuer,government,ProofOfResidence,15,2.38,19/02/2024,25/02/2025,revoked,eth-registry:49d4c8ea,False
did:example:0fa37a17f4238335,did:example:employer1,professional,EmployeeID,14,1.86,16/11/2025,10/05/2028,revoked,eth-registry:95e5bf05,True
did:example:16f733c3999d503c,did:example:employer1,professional,EmployeeID,14,1.85,23/06/2024,04/04/2027,active,eth-registry:42aa4c4f,False
did:example:2c9ea083f50cb38f,did:example:university1,academic,StudentID,13,2.03,13/01/2024,23/11/2025,active,eth-registry:96e1e11f,False
did:example:1823be354bbc1d66,did:example:gov_issuer,government,ProofOfResidence,17,2.69,14/08/2025,05/11/2027,revoked,eth-registry:c15147aa,False
did:example:df18c64b2c09977d,did:example:university1,academic,StudentID,15,1.94,24/06/2025,25/05/2028,active,eth-registry:2ea447dd,True
did:example:09328073416ab4f2,did:example:employer1,professional,EmployeeID,10,1.91,21/10/2025,27/08/2028,active,eth-registry:de322bd0,False
did:example:58c569108081ead6,did:example:employer1,professional,EmployeeID,11,1.79,10/09/2024,09/10/2025,active,eth-registry:36caef90,False
did:example:74ffed1de36d3d39,did:example:university1,academic,StudentID,14,2.07,21/07/2024,09/09/2025,active,eth-registry:e6ef742d,True
did:example:b16fbcba28de68bd,did:example:employer1,professional,EmployeeID,12,1.61,03/05/2025,07/02/2027,revoked,eth-registry:3532b40f,False
did:example:f7693bbdd56d40bc,did:example:employer1,professional,EmployeeID,13,1.89,22/11/2025,13/06/2027,revoked,eth-registry:d0e4a4e3,True
did:example:c021d72c5083fc04,did:example:university1,academic,StudentID,13,2.21,19/11/2025,12/03/2027,active,eth-registry:33136c46,False
did:example:0a2a57a736d2cfd9,did:example:university1,academic,StudentID,12,2.03,19/10/2024,06/02/2026,revoked,eth-registry:68fa1ade,False
did:example:c12494db7afa0e31,did:example:employer1,professional,EmployeeID,12,1.81,23/04/2025,10/12/2027,active,eth-registry:ecdf5920,False
did:example:1ee20b628269493c,did:example:employer1,professional,EmployeeID,12,1.84,27/08/2025,15/01/2027,revoked,eth-registry:cecf6850,False
did:example:f2757e24c18afc0b,did:example:gov_issuer,government,ProofOfAge,18,2.45,28/06/2025,13/06/2027,revoked,eth-registry:db90f76e,False
did:example:969c6cbc84f4d938,did:example:gov_issuer,government,ProofOfResidence,14,2.55,15/03/2025,16/04/2026,active,eth-registry:020e1311,False
did:example:a7ec88a4c00a9e64,did:example:university1,academic,StudentID,12,2.07,25/04/2024,22/07/2026,active,eth-registry:a1ecd6e4,True
did:example:33fbb705d2bac3ce,did:example:gov_issuer,government,ProofOfResidence,14,2.65,06/04/2025,29/09/2027,revoked,eth-registry:6c86c989,False
did:example:ee7b5b809bd69717,did:example:gov_issuer,government,ProofOfAge,16,2.59,04/05/2024,15/07/2026,active,eth-registry:fe00f601,False
did:example:bab48d58b1807c3d,did:example:gov_issuer,government,ProofOfResidence,18,2.34,25/11/2024,21/06/2026,revoked,eth-registry:b722aefb,True
did:example:70afb848c807ba48,did:example:gov_issuer,government,ProofOfAge,17,2.62,23/02/2025,21/04/2026,active,eth-registry:91cb240a,True
did:example:184b1af5023990bd,did:example:university1,academic,StudentID,15,2.04,20/01/2024,07/11/2025,active,eth-registry:72a05f24,False
did:example:7bcc8a28c13d0313,did:example:employer1,professional,EmployeeID,14,1.97,10/11/2024,05/06/2027,active,eth-registry:0c03152f,False
did:example:04c8da4a4b6ec0b1,did:example:university1,academic,StudentID,14,2.14,17/08/2024,12/11/2025,active,eth-registry:6d751183,True
did:example:4393b1ac57405242,did:example:gov_issuer,government,ProofOfAge,17,2.31,22/03/2024,12/11/2026,revoked,eth-registry:6033e99a,False
did:example:84452ca9684cbacc,did:example:university1,academic,StudentID,12,2.19,18/04/2025,14/02/2028,active,eth-registry:c40e0d5a,True
did:example:b80b54633306b096,did:example:university1,academic,StudentID,15,1.95,16/06/2025,03/09/2027,active,eth-registry:e53ca7e5,False
did:example:11b4acc49a205401,did:example:university1,academic,StudentID,15,2.25,15/10/2025,23/06/2028,revoked,eth-registry:b059506d,True
did:example:8527a1366b141372,did:example:gov_issuer,government,ProofOfResidence,18,2.68,25/05/2025,16/12/2026,active,eth-registry:20aa81cd,False
did:example:9ae7b734e22be862,did:example:gov_issuer,government,ProofOfResidence,18,2.58,13/05/2024,10/08/2026,active,eth-registry:8310c633,True
did:example:9bb7eb956fc1e047,did:example:employer1,professional,EmployeeID,11,1.81,07/03/2024,18/08/2026,active,eth-registry:ec51e56b,True
did:example:62a828c0b31c1496,did:example:employer1,professional,EmployeeID,10,1.84,24/08/2025,28/01/2028,revoked,eth-registry:166b8491,True
did:example:26fec29b1863053e,did:example:employer1,professional,EmployeeID,14,1.77,05/02/2024,01/07/2026,revoked,eth-registry:b5c6baf9,False
did:example:47c676bf34b733c7,did:example:gov_issuer,government,ProofOfResidence,16,2.33,04/10/2024,22/02/2026,revoked,eth-registry:bcc20d06,True
did:example:9c86612f72dbfb4f,did:example:employer1,professional,EmployeeID,14,1.97,03/10/2024,01/08/2027,revoked,eth-registry:5e243923,False
did:example:461c8b1b39c0f34f,did:example:employer1,professional,EmployeeID,13,1.73,12/05/2024,22/09/2026,revoked,eth-registry:c2498552,False
did:example:785ee0bd345ca1a5,did:example:employer1,professional,EmployeeID,11,1.73,07/04/2025,01/07/2026,revoked,eth-registry:a869445b,False
did:example:aef0cf2fc845010d,did:example:university1,academic,StudentID,13,1.98,17/07/2025,27/10/2027,revoked,eth-registry:fd5c4d6a,True
did:example:f3e5128c46769817,did:example:gov_issuer,government,ProofOfAge,17,2.7,15/10/2025,10/08/2028,revoked,eth-registry:a70ac955,True
did:example:65e88755252cc75d,did:example:gov_issuer,government,ProofOfAge,15,2.68,09/12/2024,26/12/2025,active,eth-registry:d47e6c67,False
did:example:a61138081e82c933,did:example:gov_issuer,government,ProofOfResidence,15,2.44,13/11/2024,23/08/2027,active,eth-registry:b2aa1c84,False
did:example:9d6a79c82643105c,did:example:university1,academic,StudentID,12,2.0,28/05/2024,24/01/2026,revoked,eth-registry:5ea9e7fc,True
did:example:ca27955803ab5d06,did:example:gov_issuer,government,ProofOfResidence,17,2.62,02/03/2024,05/10/2025,revoked,eth-registry:657de13f,False
did:example:2f4037d65a735d19,did:example:gov_issuer,government,ProofOfResidence,14,2.47,06/09/2025,28/08/2027,revoked,eth-registry:6f1ced7a,True
did:example:0f5447213cdf08b8,did:example:university1,academic,StudentID,12,2.29,06/09/2025,11/02/2028,revoked,eth-registry:420de301,True
did:example:884af60db183788f,did:example:employer1,professional,EmployeeID,10,1.96,18/12/2025,03/03/2027,revoked,eth-registry:1c301e7e,False
did:example:0d1166052be3e264,did:example:university1,academic,StudentID,14,2.2,01/04/2024,10/10/2025,revoked,eth-registry:750c3b3c,True
did:example:183ebd47bf3bf6e8,did:example:employer1,professional,EmployeeID,10,1.64,04/11/2024,17/06/2027,revoked,eth-registry:7375a269,True
did:example:cd2c67a11dcf5cc7,did:example:employer1,professional,EmployeeID,12,1.88,10/04/2025,28/09/2026,active,eth-registry:303f2314,True
did:example:ccc654081b3852c2,did:example:university1,academic,StudentID,12,2.29,05/10/2025,17/06/2027,revoked,eth-registry:55b0f2ea,True
did:example:b8db15d75bbf2b67,did:example:employer1,professional,EmployeeID,12,1.75,29/10/2024,09/02/2027,revoked,eth-registry:71eabc60,False
did:example:fb6555bc7aac259d,did:example:university1,academic,StudentID,12,2.25,11/04/2024,11/10/2025,revoked,eth-registry:0e877038,False
did:example:3b71e56c1618efbc,did:example:university1,academic,StudentID,12,2.06,26/10/2025,01/12/2026,active,eth-registry:afb125a4,False
did:example:4ed94f3b9654aacb,did:example:employer1,professional,EmployeeID,12,1.99,01/03/2024,21/03/2026,active,eth-registry:df09f2d1,False
did:example:f53cb40c5d34731f,did:example:university1,academic,StudentID,14,2.16,30/05/2025,08/08/2026,active,eth-registry:a28e1b90,True
did:example:1e0be4b371bd87df,did:example:gov_issuer,government,ProofOfResidence,14,2.34,24/09/2024,03/07/2026,revoked,eth-registry:7b908b3f,False
did:example:789173672630ff8c,did:example:employer1,professional,EmployeeID,12,1.79,01/01/2024,27/04/2026,revoked,eth-registry:f8dc18db,True
did:example:6a1b99d9b2037814,did:example:university1,academic,StudentID,15,1.92,19/01/2025,13/07/2027,active,eth-registry:eddc7886,True
did:example:3c4d5bcc9d7ba5ed,did:example:university1,academic,StudentID,14,2.06,29/09/2024,25/08/2027,revoked,eth-registry:f69d78df,True
did:example:933a78a233b7714f,did:example:university1,academic,StudentID,15,2.27,14/11/2024,13/08/2027,active,eth-registry:a4f3852d,True
did:example:832a031505f85be5,did:example:gov_issuer,government,ProofOfResidence,15,2.39,11/05/2024,04/06/2025,active,eth-registry:61b92214,True
did:example:e90157b552b5abda,did:example:gov_issuer,government,ProofOfAge,18,2.68,06/05/2025,26/04/2027,revoked,eth-registry:cc74f508,True
did:example:8b712422dea33639,did:example:university1,academic,StudentID,12,1.94,26/07/2024,11/08/2025,revoked,eth-registry:0c900c3b,False
did:example:39dad067d6915424,did:example:university1,academic,StudentID,14,2.17,21/04/2024,27/11/2026,active,eth-registry:22580620,False
did:example:b61b713bdd677a31,did:example:university1,academic,StudentID,13,2.29,18/10/2024,11/12/2025,active,eth-registry:b8e4031b,True
did:example:c0f84f91dbd56bb6,did:example:university1,academic,StudentID,12,2.16,17/05/2024,06/12/2026,active,eth-registry:52d88e4d,False
did:example:72f4fab793674db7,did:example:gov_issuer,government,ProofOfAge,18,2.66,30/01/2025,31/01/2026,revoked,eth-registry:20ad2e8c,True
did:example:c171e8de4aa24920,did:example:employer1,professional,EmployeeID,13,2.0,24/01/2025,15/04/2026,active,eth-registry:a8b6d2ab,True
did:example:d340f2c503f7bdcc,did:example:employer1,professional,EmployeeID,11,1.86,06/08/2025,14/06/2028,active,eth-registry:6e2f66e5,False
did:example:139ac146b48d4bf4,did:example:employer1,professional,EmployeeID,10,1.91,17/12/2025,02/05/2027,active,eth-registry:8b78673a,True
did:example:f9c413b67a34bc53,did:example:university1,academic,StudentID,14,1.91,04/03/2024,13/02/2026,revoked,eth-registry:1e50abdb,True
did:example:fec2e3f612e9e841,did:example:university1,academic,StudentID,14,2.07,28/01/2024,11/02/2026,active,eth-registry:bd70d9cf,True
did:example:a32e593df8a6f6bc,did:example:gov_issuer,government,ProofOfAge,14,2.42,18/11/2024,07/04/2027,active,eth-registry:59b0a8b4,False
did:example:441dda274632b8a8,did:example:university1,academic,StudentID,15,2.23,19/02/2024,02/01/2027,active,eth-registry:c9616c6f,False
did:example:72fa6dafb8a74153,did:example:gov_issuer,government,ProofOfAge,17,2.57,13/09/2025,14/07/2027,revoked,eth-registry:dacce1ae,False
did:example:5b8622f8f929ecf5,did:example:employer1,professional,EmployeeID,12,1.85,13/08/2025,28/10/2027,revoked,eth-registry:48a4c25a,True
did:example:dbe6294eca9b8fa6,did:example:university1,academic,StudentID,12,2.27,11/11/2024,09/11/2027,active,eth-registry:17bd5ff8,True
did:example:fbcab682ab8507d9,did:example:university1,academic,StudentID,13,1.94,03/12/2025,20/02/2027,active,eth-registry:5523117f,True
did:example:83308cbad42a6a96,did:example:gov_issuer,government,ProofOfAge,16,2.68,14/01/2025,30/12/2026,revoked,eth-registry:5d2106e9,False
did:example:41b7c5476f0e1663,did:example:employer1,professional,EmployeeID,10,1.64,02/02/2025,11/09/2026,active,eth-registry:03a29a64,False
did:example:518036566456fe48,did:example:university1,academic,StudentID,13,2.04,23/07/2025,08/06/2028,active,eth-registry:7f57afbc,True
did:example:43cdbd1a1396a38b,did:example:university1,academic,StudentID,12,2.15,06/02/2025,01/05/2027,active,eth-registry:f2cd3855,True
did:example:3210c6243648652f,did:example:gov_issuer,government,ProofOfResidence,14,2.44,05/06/2025,22/09/2027,revoked,eth-registry:1d45e400,True
did:example:b9e3f68a950c0349,did:example:gov_issuer,government,ProofOfAge,14,2.57,24/06/2024,07/11/2025,revoked,eth-registry:bf8805de,False
did:example:cc10caf66a946c27,did:example:employer1,professional,EmployeeID,11,1.91,07/01/2025,30/11/2027,revoked,eth-registry:3034167c,False
did:example:5534098c910661e0,did:example:university1,academic,StudentID,13,2.23,15/08/2025,03/10/2026,revoked,eth-registry:e4a5354d,True
did:example:ba5c14c2b52eb5f8,did:example:employer1,professional,EmployeeID,11,1.67,07/12/2025,03/12/2027,active,eth-registry:3e9505f2,True
did:example:f900d352f5df3ddb,did:example:employer1,professional,EmployeeID,13,1.67,20/05/2024,13/10/2026,active,eth-registry:3b8456fc,True
did:example:70bc623648f94324,did:example:university1,academic,StudentID,14,1.92,27/01/2024,30/10/2026,revoked,eth-registry:b3cb45ac,True
did:example:88e064803c2509c9,did:example:university1,academic,StudentID,12,2.1,09/03/2025,24/09/2026,revoked,eth-registry:6a1defaf,True
did:example:5284fcb238cdf012,did:example:gov_issuer,government,ProofOfResidence,18,2.36,09/02/2024,10/10/2025,revoked,eth-registry:4593fbe6,False
did:example:e1b4f5c284d4ed60,did:example:university1,academic,StudentID,14,2.03,13/05/2025,09/06/2026,active,eth-registry:0f4f85e6,False
did:example:b6c2b668564da0c6,did:example:employer1,professional,EmployeeID,12,1.94,08/11/2024,06/03/2027,revoked,eth-registry:40576eff,True
did:example:da227094754f99fe,did:example:employer1,professional,EmployeeID,10,1.98,08/08/2025,29/12/2026,active,eth-registry:98ee020d,False
did:example:00d1c5fa772634b9,did:example:university1,academic,StudentID,15,2.23,25/04/2024,20/07/2026,revoked,eth-registry:e1cbdf5d,True
did:example:3f8d6b00332a4ebf,did:example:university1,academic,StudentID,14,1.9,03/02/2024,05/04/2025,active,eth-registry:cf3fcf35,False
did:example:59fec7a8dac5a3ad,did:example:university1,academic,StudentID,13,2.13,07/06/2024,28/05/2026,active,eth-registry:6832c72a,True
did:example:dc6ff794c03eeb64,did:example:university1,academic,StudentID,12,1.97,16/02/2024,30/01/2026,revoked,eth-registry:4e3f6dd2,True
did:example:a2c392f1228e0851,did:example:employer1,professional,EmployeeID,10,1.75,19/04/2024,20/04/2026,revoked,eth-registry:ee906f5f,False
did:example:e20cb71ea876ba82,did:example:employer1,professional,EmployeeID,11,1.77,07/07/2025,17/02/2027,revoked,eth-registry:8a7f4bf5,False
did:example:6bf18cdab544c1d0,did:example:employer1,professional,EmployeeID,11,1.98,21/05/2025,22/09/2026,revoked,eth-registry:d34208fe,True
did:example:a8af93ae3f308df7,did:example:employer1,professional,EmployeeID,11,1.85,30/03/2025,18/10/2027,active,eth-registry:944237a3,False
did:example:a50ec8f1ae10d1f4,did:example:university1,academic,StudentID,13,2.01,03/11/2024,27/08/2027,active,eth-registry:9dacc083,True
did:example:8856b0741ff86106,did:example:university1,academic,StudentID,12,2.16,12/06/2024,31/12/2025,active,eth-registry:814d8cda,False
did:example:daf56a19ed7887ec,did:example:university1,academic,StudentID,13,2.28,01/09/2025,30/07/2027,revoked,eth-registry:fd916d30,True
did:example:d00a9acc6f381642,did:example:university1,academic,StudentID,15,1.92,02/10/2025,20/12/2026,revoked,eth-registry:f8a5eb09,False
did:example:7803d33487e4d618,did:example:gov_issuer,government,ProofOfAge,18,2.63,02/07/2024,20/10/2025,revoked,eth-registry:132ac562,True
did:example:bad50431f261899e,did:example:gov_issuer,government,ProofOfResidence,14,2.39,17/10/2025,01/07/2027,active,eth-registry:6d42b696,True
did:example:b68270665833c892,did:example:university1,academic,StudentID,14,1.96,31/03/2025,27/08/2027,active,eth-registry:8d4916cd,True
did:example:cf539d41f7cfd595,did:example:gov_issuer,government,ProofOfResidence,18,2.66,09/09/2024,13/01/2027,active,eth-registry:f6325bb4,False
did:example:3fb352d378374b69,did:example:university1,academic,StudentID,14,1.9,05/06/2024,18/11/2026,revoked,eth-registry:ef51f543,True
did:example:275dddbbe3d2310e,did:example:employer1,professional,EmployeeID,11,1.9,07/03/2025,11/05/2026,active,eth-registry:b47b0ab6,False
did:example:ea22a92145ae6faf,did:example:employer1,professional,EmployeeID,12,1.63,11/01/2024,11/02/2025,active,eth-registry:c9655017,False
did:example:4fbafbe3b442a604,did:example:employer1,professional,EmployeeID,11,1.85,19/08/2024,08/03/2026,revoked,eth-registry:9af11aa7,True
did:example:a4112e593b76ec81,did:example:university1,academic,StudentID,13,2.15,18/05/2025,16/01/2027,revoked,eth-registry:ebc18d79,True
did:example:1efc449069b5bd89,did:example:university1,academic,StudentID,15,2.25,29/12/2024,08/01/2027,revoked,eth-registry:998d02d8,True
did:example:5d336899fe85a10f,did:example:gov_issuer,government,ProofOfAge,17,2.63,16/04/2024,17/06/2026,active,eth-registry:112c5a67,False
did:example:ddd5103151382dc8,did:example:employer1,professional,EmployeeID,12,1.87,26/04/2024,10/09/2025,revoked,eth-registry:a68f0e5f,False
did:example:13e8685b0e44fc57,did:example:university1,academic,StudentID,12,2.05,22/05/2025,12/01/2028,active,eth-registry:fd0368da,True
did:example:44299b274b111d58,did:example:university1,academic,StudentID,15,1.97,04/09/2025,02/03/2028,revoked,eth-registry:3983a3f8,True
did:example:67c52dfbd748dd18,did:example:university1,academic,StudentID,12,2.15,19/05/2025,01/01/2027,active,eth-registry:5cd427d3,True
did:example:7b61a1770534578b,did:example:university1,academic,StudentID,14,2.1,24/04/2024,09/08/2026,active,eth-registry:f06aa9e8,True
did:example:522f9d20079690e4,did:example:employer1,professional,EmployeeID,11,1.63,03/05/2025,08/12/2026,active,eth-registry:474e738c,True
did:example:d5ae519e48b35d98,did:example:university1,academic,StudentID,13,2.28,21/07/2024,03/09/2025,revoked,eth-registry:01c5d9dc,False
did:example:d6a1d1cd4a05b23d,did:example:gov_issuer,government,ProofOfAge,14,2.43,08/03/2025,28/08/2027,active,eth-registry:eb9473d1,False
did:example:c3b3b4689d7faf79,did:example:employer1,professional,EmployeeID,11,1.6,07/03/2025,08/05/2026,revoked,eth-registry:7df016cb,False
did:example:8b797091a60958cb,did:example:employer1,professional,EmployeeID,13,1.96,08/10/2025,17/03/2027,revoked,eth-registry:ad223f27,True
did:example:e57c7a962e88452a,did:example:employer1,professional,EmployeeID,12,1.83,26/08/2025,04/04/2027,active,eth-registry:83eabb2d,False
did:example:0bc16bb2677a7792,did:example:university1,academic,StudentID,12,2.19,25/02/2024,10/12/2026,revoked,eth-registry:9075a76e,True
did:example:c8f85ecd7d5bbdc4,did:example:gov_issuer,government,ProofOfAge,15,2.36,01/01/2024,04/03/2026,revoked,eth-registry:33b4fa15,True
did:example:08eddcb5ab0467ee,did:example:employer1,professional,EmployeeID,10,1.76,12/11/2025,11/06/2028,revoked,eth-registry:78ca6747,False
did:example:8c0ec5ece1d2e48e,did:example:university1,academic,StudentID,13,2.16,11/08/2024,05/06/2027,active,eth-registry:d34fc8f3,True
did:example:efb4c31a046c2d9d,did:example:employer1,professional,EmployeeID,14,1.7,18/02/2024,01/12/2026,revoked,eth-registry:c7ab2c7e,True
did:example:c5da1a01a99a0f5d,did:example:employer1,professional,EmployeeID,14,1.88,19/05/2024,07/08/2026,active,eth-registry:a4065382,False
did:example:b110da144063744c,did:example:employer1,professional,EmployeeID,14,1.69,28/12/2024,12/09/2026,active,eth-registry:2cdd1afe,True
did:example:7f393af9825e38bf,did:example:university1,academic,StudentID,12,1.98,11/10/2025,02/08/2027,revoked,eth-registry:f2d1c2da,True
did:example:9789d871de51efa6,did:example:employer1,professional,EmployeeID,12,1.6,05/11/2025,06/03/2027,active,eth-registry:331d715f,False
did:example:f1e29aa4d8ade539,did:example:gov_issuer,government,ProofOfResidence,14,2.41,24/04/2025,28/06/2027,revoked,eth-registry:dbb16494,False
did:example:04bbb8889b5e0d61,did:example:gov_issuer,government,ProofOfResidence,16,2.4,15/07/2024,15/09/2026,revoked,eth-registry:8b3da11a,True
did:example:ee862154b087dfda,did:example:university1,academic,StudentID,14,2.21,04/06/2025,14/05/2028,revoked,eth-registry:818af584,True
did:example:19c5caf4a3bb7371,did:example:employer1,professional,EmployeeID,13,1.83,04/09/2025,20/01/2027,revoked,eth-registry:976f6a00,True
did:example:b852b677f1a84a40,did:example:university1,academic,StudentID,13,1.97,27/10/2024,03/05/2027,revoked,eth-registry:c0d25081,True
did:example:4fcc86bac938afce,did:example:employer1,professional,EmployeeID,10,1.83,09/03/2025,19/09/2026,active,eth-registry:c9b91113,False
did:example:4deeb84e9724a42e,did:example:gov_issuer,government,ProofOfResidence,16,2.39,23/12/2024,18/02/2026,revoked,eth-registry:25350e97,False
did:example:d08a3f1ba6144e1a,did:example:employer1,professional,EmployeeID,12,1.77,21/09/2025,10/07/2027,active,eth-registry:6567b550,False
did:example:86b9e0f61215390c,did:example:employer1,professional,EmployeeID,13,1.96,23/03/2025,25/02/2028,active,eth-registry:da053a0d,False
did:example:873e4aa858eb1791,did:example:university1,academic,StudentID,12,2.19,05/02/2024,08/01/2026,revoked,eth-registry:29cab55b,True
did:example:dccec26b9392ecd2,did:example:employer1,professional,EmployeeID,13,1.86,29/09/2025,11/02/2027,revoked,eth-registry:a38ca0db,False
did:example:50f15ea46edf0d3e,did:example:employer1,professional,EmployeeID,12,1.71,10/02/2025,03/10/2026,active,eth-registry:6a14612e,False
did:example:900298ec85cb71f8,did:example:university1,academic,StudentID,14,1.95,10/11/2024,01/04/2027,revoked,eth-registry:49418d3d,True
did:example:f75c1376d96c4ab9,did:example:university1,academic,StudentID,15,2.2,17/05/2024,11/12/2025,active,eth-registry:1b0f2187,True
did:example:d851b002187641c5,did:example:gov_issuer,government,ProofOfResidence,15,2.53,25/05/2025,10/11/2026,revoked,eth-registry:c020489a,False
did:example:f52aaa8bb0dcd567,did:example:gov_issuer,government,ProofOfAge,17,2.55,14/01/2024,12/07/2025,active,eth-registry:ab324b70,False
did:example:3172f89d69775b22,did:example:employer1,professional,EmployeeID,10,1.99,06/05/2024,04/07/2025,active,eth-registry:f67db86f,False
did:example:05bc1d49a67c2674,did:example:employer1,professional,EmployeeID,14,1.74,18/05/2025,04/10/2027,active,eth-registry:be49d811,False
did:example:c42f5a587d226740,did:example:university1,academic,StudentID,13,2.22,18/07/2024,09/03/2026,active,eth-registry:b8c911b5,True
did:example:cf386226779465af,did:example:gov_issuer,government,ProofOfResidence,17,2.52,02/07/2025,10/02/2027,revoked,eth-registry:ba33144e,False
did:example:ace96163a4b225f4,did:example:gov_issuer,government,ProofOfAge,17,2.39,10/07/2024,07/03/2026,active,eth-registry:35699863,False
did:example:89548173a2d876e4,did:example:employer1,professional,EmployeeID,13,1.62,22/06/2025,11/11/2027,active,eth-registry:8b6c569f,True
did:example:00010ea5a7112baf,did:example:university1,academic,StudentID,13,2.15,11/05/2025,08/02/2028,active,eth-registry:2094935d,True
did:example:e6f06bf0694de891,did:example:gov_issuer,government,ProofOfResidence,17,2.42,15/06/2025,10/12/2027,revoked,eth-registry:71480a04,False
did:example:270c997e1067248f,did:example:gov_issuer,government,ProofOfResidence,16,2.58,20/06/2025,09/08/2027,revoked,eth-registry:c430dadd,True
did:example:0a6ec2545b2221d8,did:example:university1,academic,StudentID,14,2.18,07/08/2025,11/01/2028,revoked,eth-registry:25a5a44a,True
did:example:b4a81eee19d1c734,did:example:university1,academic,StudentID,14,2.08,25/09/2024,09/03/2026,revoked,eth-registry:42e83a5e,False
did:example:43474efef8df969e,did:example:gov_issuer,government,ProofOfResidence,16,2.51,09/12/2024,08/10/2027,active,eth-registry:39a6dfbf,False
did:example:80f6e24f454148e8,did:example:employer1,professional,EmployeeID,10,1.85,21/02/2024,13/05/2026,active,eth-registry:1d6ca5e0,True
did:example:fc52a603bc543732,did:example:university1,academic,StudentID,13,2.09,11/09/2024,09/08/2027,revoked,eth-registry:03b75068,False
did:example:e4f60b0e461232bc,did:example:gov_issuer,government,ProofOfResidence,18,2.65,02/12/2024,15/06/2026,revoked,eth-registry:d273b291,False
did:example:37b9838b7e220e58,did:example:university1,academic,StudentID,14,1.93,17/07/2025,01/11/2026,active,eth-registry:29e2d31b,True
did:example:b86997ac303fe50c,did:example:university1,academic,StudentID,14,2.29,22/10/2025,27/03/2028,revoked,eth-registry:063bc479,True
did:example:c78775c1199b16c0,did:example:university1,academic,StudentID,13,1.91,02/05/2025,22/12/2026,active,eth-registry:7f45b721,True
did:example:4c3a8e39fd2462e0,did:example:employer1,professional,EmployeeID,13,1.68,03/04/2024,01/09/2025,revoked,eth-registry:74349649,True
did:example:a49bf45a3204e728,did:example:gov_issuer,government,ProofOfResidence,16,2.58,26/05/2024,22/12/2026,active,eth-registry:599964db,True
did:example:4a708ff9f5b4543d,did:example:employer1,professional,EmployeeID,11,1.63,24/01/2025,17/02/2027,active,eth-registry:f3933bac,True
did:example:31c9ae0fddc5e2d8,did:example:university1,academic,StudentID,12,2.0,14/11/2024,08/06/2027,revoked,eth-registry:1a68540b,True
did:example:125d1cdfde089bbe,did:example:employer1,professional,EmployeeID,11,1.66,11/11/2025,08/05/2027,active,eth-registry:f4ab131d,False
did:example:7dc5d49f38423b05,did:example:gov_issuer,government,ProofOfResidence,16,2.59,13/05/2024,03/07/2025,active,eth-registry:ae0a1e6b,True
did:example:6952f59fba94e7c6,did:example:university1,academic,StudentID,13,2.13,21/02/2025,17/12/2026,revoked,eth-registry:4bad8162,True
did:example:04512d8765319ddf,did:example:employer1,professional,EmployeeID,11,1.63,23/07/2025,25/06/2028,active,eth-registry:15a083db,False
did:example:6be04b64abeb49fd,did:example:university1,academic,StudentID,13,2.08,15/11/2024,17/01/2027,active,eth-registry:b7f79dc2,False
did:example:7127558cd396f07e,did:example:university1,academic,StudentID,13,1.98,29/06/2024,16/03/2027,active,eth-registry:9920100a,False
did:example:8c15fb002d9a3a84,did:example:employer1,professional,EmployeeID,13,1.99,05/04/2024,12/12/2026,active,eth-registry:f5f43c88,True
did:example:298afbb54db61973,did:example:employer1,professional,EmployeeID,12,1.64,31/03/2025,17/01/2028,revoked,eth-registry:369053b9,True
did:example:44d11a7a79433b8d,did:example:gov_issuer,government,ProofOfAge,16,2.54,06/04/2025,07/03/2027,revoked,eth-registry:4ff86cb8,False
did:example:ef3bb352cac2f369,did:example:university1,academic,StudentID,12,2.09,21/06/2025,17/11/2026,revoked,eth-registry:ba1e8184,False
did:example:b7dbd4c823646b19,did:example:gov_issuer,government,ProofOfAge,16,2.53,04/09/2025,22/06/2028,revoked,eth-registry:50b9afcd,False
did:example:4305a4849989cb69,did:example:employer1,professional,EmployeeID,14,1.98,25/12/2025,26/12/2027,revoked,eth-registry:6fdb1db5,True
did:example:1bf226e8d1cea36f,did:example:gov_issuer,government,ProofOfResidence,17,2.44,17/05/2024,05/01/2026,active,eth-registry:8cbb3770,True
did:example:390e96b8d37a6852,did:example:university1,academic,StudentID,13,2.2,12/11/2024,30/09/2026,active,eth-registry:a52b48fd,False
did:example:ef6d91ad792652e3,did:example:university1,academic,StudentID,13,2.08,24/08/2024,19/03/2027,active,eth-registry:e7e969a5,False
did:example:92a18baa872076e7,did:example:university1,academic,StudentID,13,2.16,29/09/2025,19/06/2027,active,eth-registry:b4dce4a2,False
did:example:3540a5f99e79b1f6,did:example:university1,academic,StudentID,12,2.05,27/03/2024,24/11/2026,active,eth-registry:5bc1f953,True
did:example:44ec1d1340d65202,did:example:employer1,professional,EmployeeID,10,1.69,30/04/2025,13/10/2026,revoked,eth-registry:82fa30c8,True
did:example:14bdceef1791bb19,did:example:gov_issuer,government,ProofOfAge,17,2.33,18/08/2024,07/04/2026,revoked,eth-registry:7da1a0d8,True
did:example:72a98b7ead172e5f,did:example:employer1,professional,EmployeeID,14,1.64,07/01/2024,18/04/2025,active,eth-registry:82f29612,False
did:example:688786a2ee6bbdd2,did:example:employer1,professional,EmployeeID,14,1.98,12/03/2025,08/12/2027,revoked,eth-registry:f554ced6,True
did:example:f7dff1605a0a5591,did:example:gov_issuer,government,ProofOfAge,17,2.62,13/10/2024,11/07/2027,active,eth-registry:c2c69d2b,True
did:example:c3cc5461d75c9172,did:example:university1,academic,StudentID,15,2.0,19/05/2025,17/10/2026,active,eth-registry:0d56aa82,True
did:example:e891f0585aa350d1,did:example:university1,academic,StudentID,13,2.11,15/10/2024,06/11/2026,revoked,eth-registry:06b3f887,False
did:example:eba83e9408b256b1,did:example:university1,academic,StudentID,13,2.19,19/05/2024,18/12/2026,revoked,eth-registry:e6e52719,True
did:example:1dff0f42d1d565ba,did:example:university1,academic,StudentID,12,2.04,28/03/2024,10/06/2026,active,eth-registry:d71e1293,True
did:example:a3007a794d0c54be,did:example:university1,academic,StudentID,12,2.08,12/05/2024,26/08/2026,revoked,eth-registry:b6eb16cb,True
did:example:6452f51add63a380,did:example:university1,academic,StudentID,14,2.19,15/11/2024,25/05/2026,active,eth-registry:e239315d,False
did:example:409cc75c39abde1e,did:example:employer1,professional,EmployeeID,10,1.69,15/07/2024,05/08/2025,active,eth-registry:2a471100,True
did:example:55a3be284aabe55c,did:example:university1,academic,StudentID,15,2.11,26/03/2024,07/02/2027,active,eth-registry:262cccd2,False
did:example:77a9a94b6d50cf0e,did:example:gov_issuer,government,ProofOfAge,17,2.38,19/08/2024,17/06/2027,revoked,eth-registry:da8197ca,False
did:example:bab9c44f7023b2ea,did:example:gov_issuer,government,ProofOfResidence,15,2.3,02/09/2025,17/07/2028,active,eth-registry:adc5848a,True
did:example:5850cffa0904ce0a,did:example:employer1,professional,EmployeeID,13,1.88,05/09/2025,06/10/2026,active,eth-registry:a08ea193,False
did:example:8351a3ae886c421e,did:example:employer1,professional,EmployeeID,10,1.88,21/09/2024,24/01/2027,revoked,eth-registry:d6370e01,True
did:example:df90f0865e9bc4a7,did:example:university1,academic,StudentID,13,2.3,16/01/2025,18/07/2026,revoked,eth-registry:527bee84,False
did:example:92dd1909151d16ff,did:example:employer1,professional,EmployeeID,10,1.67,13/05/2024,02/01/2026,revoked,eth-registry:a7671e51,False
did:example:0f791a9f66ed8493,did:example:university1,academic,StudentID,12,2.2,28/10/2024,25/08/2026,active,eth-registry:41303815,True
did:example:b99d48aeb3317be0,did:example:university1,academic,StudentID,12,2.28,15/03/2025,01/09/2026,active,eth-registry:e2fd36ec,True
did:example:5360789cb5da756f,did:example:employer1,professional,EmployeeID,13,1.86,14/01/2024,23/03/2026,revoked,eth-registry:c4ccfd2b,False
did:example:eb898e841d038cbb,did:example:university1,academic,StudentID,14,2.29,18/09/2025,27/11/2027,active,eth-registry:69f76f41,True
did:example:41402dde763f5873,did:example:university1,academic,StudentID,15,2.3,23/10/2025,31/08/2028,revoked,eth-registry:4a287fbc,False
did:example:1e987fb703c5e27a,did:example:employer1,professional,EmployeeID,14,1.92,14/11/2025,14/07/2028,revoked,eth-registry:c4e1da63,False
did:example:06c90a808a96fddd,did:example:gov_issuer,government,ProofOfResidence,18,2.7,03/06/2024,29/10/2026,active,eth-registry:8a6dd8c9,False
did:example:ef67679288b97f42,did:example:university1,academic,StudentID,15,2.15,15/10/2025,20/09/2028,active,eth-registry:a917370d,True
did:example:3c2d8a6416cc2aae,did:example:gov_issuer,government,ProofOfResidence,14,2.5,24/03/2024,31/01/2026,revoked,eth-registry:d3614d84,True
did:example:8dfb83abffee557d,did:example:university1,academic,StudentID,15,2.27,06/10/2025,24/11/2026,revoked,eth-registry:79eb7936,False
did:example:c8ce26fd8241fd91,did:example:employer1,professional,EmployeeID,13,1.93,09/04/2024,11/01/2027,revoked,eth-registry:6c89b4d6,False
did:example:fc77be0f2485ec45,did:example:university1,academic,StudentID,12,1.94,11/09/2024,13/05/2026,revoked,eth-registry:56a61e40,True
did:example:c6b55ea8c965bcf5,did:example:gov_issuer,government,ProofOfResidence,14,2.42,24/11/2025,16/10/2027,active,eth-registry:229ea425,True
did:example:b161717070c06c8b,did:example:gov_issuer,government,ProofOfResidence,18,2.4,04/01/2025,16/10/2026,revoked,eth-registry:c256d598,False
did:example:3db28b294ab5dd27,did:example:employer1,professional,EmployeeID,14,1.94,07/06/2024,04/04/2027,revoked,eth-registry:3b08ba13,True
did:example:90c5caca41af32f3,did:example:employer1,professional,EmployeeID,11,1.69,28/09/2024,24/06/2026,revoked,eth-registry:77f4a79f,False
did:example:6a0c1ea8a9ceb4bf,did:example:employer1,professional,EmployeeID,10,1.72,29/08/2024,10/01/2027,active,eth-registry:c5fb5798,False
did:example:19450937ee64794f,did:example:employer1,professional,EmployeeID,11,1.81,05/11/2025,07/03/2028,revoked,eth-registry:78bc46c9,True
did:example:0ca2722dc07fe34f,did:example:gov_issuer,government,ProofOfResidence,14,2.33,28/10/2024,08/12/2026,active,eth-registry:5b973bb9,True
did:example:280326b7253fa7cc,did:example:employer1,professional,EmployeeID,13,1.98,08/03/2024,12/04/2026,active,eth-registry:2896c262,False
did:example:873cef1f9cbedfa3,did:example:gov_issuer,government,ProofOfAge,15,2.5,01/05/2024,22/06/2025,revoked,eth-registry:b6fa5519,False
did:example:63f9089567a7f6ca,did:example:employer1,professional,EmployeeID,10,1.68,09/02/2025,22/11/2027,revoked,eth-registry:03f81ed6,False
did:example:584a51fcda58c785,did:example:employer1,professional,EmployeeID,14,1.71,10/01/2024,09/09/2025,revoked,eth-registry:a37d5cb6,True
did:example:a56e4912085202cf,did:example:university1,academic,StudentID,15,2.22,29/06/2024,08/12/2025,active,eth-registry:45de5f58,True
did:example:01cf669f5a9d02ce,did:example:employer1,professional,EmployeeID,14,1.85,17/03/2025,24/08/2026,revoked,eth-registry:b0c0d71e,True
did:example:3791d06bce97f5ee,did:example:university1,academic,StudentID,15,2.09,13/09/2025,01/07/2027,revoked,eth-registry:79d298a9,True
did:example:fc77aba84b454c1c,did:example:gov_issuer,government,ProofOfResidence,14,2.43,11/03/2024,10/06/2026,active,eth-registry:3eab2136,True
did:example:cb9c8b9f9de7224c,did:example:gov_issuer,government,ProofOfResidence,17,2.66,04/09/2024,04/10/2026,active,eth-registry:919b7d10,False
did:example:448e70f40db28eaa,did:example:gov_issuer,government,ProofOfAge,17,2.61,12/10/2024,14/06/2027,revoked,eth-registry:6ab20ad6,True
did:example:3e090b068ec58875,did:example:gov_issuer,government,ProofOfAge,17,2.59,23/09/2025,12/05/2028,revoked,eth-registry:556d8b45,True
did:example:b33e5b585593291d,did:example:employer1,professional,EmployeeID,11,1.78,28/07/2025,30/03/2027,active,eth-registry:b67d1f63,True
did:example:09e7bdbd32b6cccd,did:example:gov_issuer,government,ProofOfResidence,15,2.69,09/11/2025,02/07/2028,active,eth-registry:8624cfad,False
did:example:29cbd42f8cd5b07e,did:example:employer1,professional,EmployeeID,14,1.88,29/03/2025,09/08/2027,revoked,eth-registry:723f72f3,True
did:example:b4da3c8149f16ea0,did:example:employer1,professional,EmployeeID,10,1.77,05/05/2024,23/01/2027,revoked,eth-registry:c94f0c50,False
did:example:26f736c7b32020ea,did:example:university1,academic,StudentID,14,2.28,17/11/2025,17/11/2026,revoked,eth-registry:2641c77c,False
did:example:e0a7e52032d6ef29,did:example:employer1,professional,EmployeeID,13,1.96,05/07/2025,19/07/2027,active,eth-registry:15d30827,False
did:example:b98845a0d95c8651,did:example:university1,academic,StudentID,15,2.2,28/04/2025,29/07/2027,revoked,eth-registry:5284ef44,True
did:example:90de91bae745f372,did:example:gov_issuer,government,ProofOfResidence,16,2.61,12/09/2024,07/03/2026,revoked,eth-registry:084a29c7,False
did:example:9e31b43b776fcb9c,did:example:employer1,professional,EmployeeID,13,1.77,04/08/2025,26/11/2027,revoked,eth-registry:7dd8d29c,True
did:example:ce4db3c76cba769c,did:example:gov_issuer,government,ProofOfAge,18,2.5,21/10/2024,04/04/2027,active,eth-registry:48dc63b7,True
did:example:2771c174a815d99b,did:example:employer1,professional,EmployeeID,13,1.68,24/08/2024,03/12/2025,active,eth-registry:4bed9355,False
did:example:184d903e3db58e05,did:example:gov_issuer,government,ProofOfAge,14,2.54,19/07/2024,16/06/2027,revoked,eth-registry:a82f85b6,False
did:example:516a2d027a3a41fd,did:example:gov_issuer,government,ProofOfResidence,15,2.45,27/04/2025,18/03/2028,active,eth-registry:9c4a25b2,True
did:example:e8e7bea2c23ef732,did:example:employer1,professional,EmployeeID,11,1.74,26/03/2025,20/10/2026,revoked,eth-registry:81e8b545,False
did:example:4855f6d9dbfa6cef,did:example:university1,academic,StudentID,13,2.28,15/06/2024,08/11/2025,active,eth-registry:7b0ec850,False
did:example:4a8cb4f4c4347c62,did:example:employer1,professional,EmployeeID,11,1.67,07/09/2024,30/01/2026,active,eth-registry:1073f53e,False
did:example:52ce8f933a5c4500,did:example:employer1,professional,EmployeeID,11,1.93,15/06/2024,11/07/2025,active,eth-registry:751e12a4,False
did:example:daf49e81ac652b7e,did:example:gov_issuer,government,ProofOfResidence,17,2.41,25/06/2025,11/07/2026,active,eth-registry:dbaef9b1,True
did:example:18a38d1007d48fcf,did:example:university1,academic,StudentID,12,1.91,07/09/2024,23/04/2026,active,eth-registry:391e23e1,True
did:example:97d737edab7eb8e4,did:example:employer1,professional,EmployeeID,13,1.62,23/07/2025,22/11/2027,active,eth-registry:fc67ab02,True
did:example:4106097f5f844af7,did:example:university1,academic,StudentID,14,2.07,18/06/2024,28/10/2026,active,eth-registry:4d5b3b57,True
did:example:f170678dd4087ea5,did:example:gov_issuer,government,ProofOfResidence,18,2.48,15/10/2024,17/11/2026,revoked,eth-registry:f9b9e958,False
did:example:9bb7ad8306bc4eaa,did:example:university1,academic,StudentID,12,2.03,20/01/2024,09/05/2026,active,eth-registry:5475fc21,False
did:example:d7ec205422111e67,did:example:university1,academic,StudentID,13,2.17,04/01/2024,11/04/2025,active,eth-registry:d46e1000,True
did:example:f040a3d33353c792,did:example:employer1,professional,EmployeeID,14,1.79,22/01/2024,18/01/2027,active,eth-registry:323d3959,False
did:example:1523e5fa7c9953f3,did:example:university1,academic,StudentID,13,1.93,18/02/2024,12/07/2025,revoked,eth-registry:f01a015c,True
did:example:73f52485d7b62e5d,did:example:gov_issuer,government,ProofOfResidence,16,2.44,09/11/2025,04/08/2027,active,eth-registry:b3ec3861,False
did:example:e48651153fdae343,did:example:university1,academic,StudentID,12,1.94,19/07/2024,15/11/2026,revoked,eth-registry:05e0986c,True
did:example:5c38dada8cfe2861,did:example:employer1,professional,EmployeeID,13,1.63,23/01/2025,26/04/2026,revoked,eth-registry:4276fe0d,False
did:example:9c65047f3f0c7aec,did:example:gov_issuer,government,ProofOfResidence,15,2.38,28/11/2025,12/10/2027,revoked,eth-registry:046c5848,False
did:example:0d337b7db55113e7,did:example:university1,academic,StudentID,15,2.18,22/12/2024,04/11/2027,revoked,eth-registry:ad7d39b4,True
did:example:1d587c99e185caf6,did:example:university1,academic,StudentID,13,2.18,14/10/2024,02/04/2026,revoked,eth-registry:e958329f,True
did:example:e93395c2a65fb06f,did:example:university1,academic,StudentID,12,2.24,16/06/2025,11/09/2027,revoked,eth-registry:7e6a0b89,False
did:example:4030793371578989,did:example:university1,academic,StudentID,14,2.2,28/06/2025,13/09/2027,revoked,eth-registry:1dce9c74,True
did:example:f78681c6d69992ef,did:example:university1,academic,StudentID,13,2.11,14/03/2024,09/05/2025,revoked,eth-registry:bc1a5002,True
did:example:ffd61641b589f5f3,did:example:gov_issuer,government,ProofOfResidence,16,2.43,15/11/2025,23/12/2026,revoked,eth-registry:2f5a345b,False
did:example:0685be71e3219587,did:example:university1,academic,StudentID,15,1.9,30/03/2024,15/07/2025,revoked,eth-registry:7e802f93,False
did:example:6008276bf7dc08cf,did:example:university1,academic,StudentID,13,2.16,06/09/2024,17/09/2025,revoked,eth-registry:a08b21ea,False
did:example:2c4c78a0374c7870,did:example:university1,academic,StudentID,13,2.02,27/11/2025,20/12/2027,revoked,eth-registry:625f01c3,False
did:example:418113b9287d1439,did:example:employer1,professional,EmployeeID,13,1.7,14/02/2025,23/08/2026,revoked,eth-registry:5c4f0e9c,True
did:example:3c4c0c4be6b08cf9,did:example:university1,academic,StudentID,12,2.29,19/02/2025,02/05/2027,revoked,eth-registry:93cce83b,False
did:example:7e4a472eb28b5312,did:example:employer1,professional,EmployeeID,14,1.67,15/09/2025,14/04/2027,active,eth-registry:b1bef6a7,True
did:example:400a6cfdf78cc25b,did:example:employer1,professional,EmployeeID,11,1.61,23/11/2024,05/08/2026,revoked,eth-registry:5e877619,False
did:example:f508d740506e2b30,did:example:university1,academic,StudentID,12,2.28,25/03/2025,09/06/2026,active,eth-registry:5341c381,False
did:example:89d0cf1dffaac40a,did:example:employer1,professional,EmployeeID,10,1.72,02/02/2025,06/09/2027,revoked,eth-registry:6d1ee7dc,False
did:example:1c77815f66c7f7bc,did:example:employer1,professional,EmployeeID,11,1.76,23/03/2024,14/06/2025,active,eth-registry:3c18dd49,False
did:example:d4e8050cd2074051,did:example:university1,academic,StudentID,14,1.93,10/08/2024,08/06/2027,revoked,eth-registry:ed774e8d,False
did:example:ab53c30b1a744bc6,did:example:employer1,professional,EmployeeID,13,1.76,16/07/2025,15/11/2026,active,eth-registry:7b8c0fa9,False
did:example:ae8813c000fb1077,did:example:gov_issuer,government,ProofOfAge,18,2.69,28/08/2024,22/08/2027,revoked,eth-registry:991a9465,True
did:example:59623fe0e0945939,did:example:gov_issuer,government,ProofOfAge,17,2.58,22/10/2025,03/04/2028,active,eth-registry:92abb543,True
did:example:49f43c6712661f36,did:example:university1,academic,StudentID,13,2.09,02/12/2025,25/07/2028,revoked,eth-registry:5c01fa2d,False
did:example:15e8b4495245e8d3,did:example:university1,academic,StudentID,15,2.02,15/07/2025,24/02/2028,active,eth-registry:06fe9d53,False
did:example:f0ce691cde1f6e61,did:example:employer1,professional,EmployeeID,10,1.75,01/01/2024,21/11/2025,revoked,eth-registry:9700385c,False
did:example:afafd469ba5d472e,did:example:university1,academic,StudentID,12,2.14,04/07/2025,13/11/2026,active,eth-registry:9efde6b6,True
did:example:f8bac376303a101c,did:example:employer1,professional,EmployeeID,11,1.7,18/12/2025,25/04/2028,active,eth-registry:1fac4ed5,True
did:example:7fb4b35136b57bfb,did:example:gov_issuer,government,ProofOfResidence,16,2.36,06/07/2025,29/10/2027,revoked,eth-registry:c00d22e8,False
did:example:a92904a065888bc6,did:example:gov_issuer,government,ProofOfAge,15,2.58,11/04/2025,22/11/2027,revoked,eth-registry:bf588b31,False
did:example:ef4a3300cc6db175,did:example:university1,academic,StudentID,15,2.25,23/03/2025,09/09/2026,revoked,eth-registry:89b44fe6,True
did:example:8e279abeeeb8c905,did:example:employer1,professional,EmployeeID,11,1.96,28/12/2024,18/08/2027,revoked,eth-registry:86e6ab63,True
did:example:b03bed7c210240fc,did:example:employer1,professional,EmployeeID,11,1.94,30/06/2024,04/04/2027,revoked,eth-registry:3f73b820,True
did:example:8e9aa325abc65a28,did:example:employer1,professional,EmployeeID,13,1.81,15/12/2024,02/06/2027,revoked,eth-registry:4b5c93a8,True
did:example:85ac27ff1a0e4452,did:example:gov_issuer,government,ProofOfResidence,16,2.62,27/10/2025,11/05/2027,active,eth-registry:f1aa7193,False
did:example:6afe088b4df83b53,did:example:university1,academic,StudentID,13,2.27,03/03/2024,30/08/2025,revoked,eth-registry:e2eff539,True
did:example:933485ad78bc1ce5,did:example:university1,academic,StudentID,15,1.91,04/04/2024,07/07/2025,active,eth-registry:f9c0f874,True
did:example:2fa13b77d8dfd6f3,did:example:gov_issuer,government,ProofOfAge,16,2.46,01/10/2025,29/05/2028,active,eth-registry:8841246d,True
did:example:a30fb6e0f72ddf42,did:example:employer1,professional,EmployeeID,10,1.68,27/08/2025,14/07/2027,revoked,eth-registry:83786041,False
did:example:1d7897039eef8e19,did:example:employer1,professional,EmployeeID,13,2.0,08/01/2025,20/08/2026,active,eth-registry:5b0e9f90,False
did:example:2ad6dd07a227fe43,did:example:gov_issuer,government,ProofOfAge,17,2.67,19/09/2024,09/01/2026,active,eth-registry:0b5f535a,False
did:example:da831bad64c86142,did:example:university1,academic,StudentID,12,2.22,22/03/2024,18/03/2026,revoked,eth-registry:20a3ec3c,False
did:example:7881b9623face3b3,did:example:university1,academic,StudentID,15,2.02,07/05/2025,29/09/2026,active,eth-registry:0dd72a50,True
did:example:8581b0ea5501ef2a,did:example:university1,academic,StudentID,13,2.28,29/01/2025,02/10/2027,revoked,eth-registry:e1afa9e6,False
did:example:f3f8cbdd714be90f,did:example:gov_issuer,government,ProofOfAge,14,2.31,11/08/2025,15/04/2027,revoked,eth-registry:c063aef7,True
did:example:c1d7412d0b398385,did:example:employer1,professional,EmployeeID,10,1.68,22/09/2024,13/08/2026,active,eth-registry:8f0e00fc,True
did:example:575ca9b8abe2c8ec,did:example:university1,academic,StudentID,14,2.15,06/08/2025,01/12/2027,active,eth-registry:9213f087,True
did:example:c32838013027bcc4,did:example:employer1,professional,EmployeeID,11,1.92,28/11/2025,22/04/2028,revoked,eth-registry:482bd0cc,False
did:example:3fa95b2633d511b4,did:example:gov_issuer,government,ProofOfAge,16,2.65,27/04/2024,21/07/2025,revoked,eth-registry:62cf71de,True
did:example:490217096819041d,did:example:university1,academic,StudentID,14,2.02,13/07/2025,06/09/2026,active,eth-registry:837f3839,True
did:example:b711ca50635ba1ce,did:example:gov_issuer,government,ProofOfResidence,18,2.46,22/03/2025,15/10/2026,revoked,eth-registry:03919bf4,True
did:example:5af14e90cfc3d0c8,did:example:gov_issuer,government,ProofOfResidence,16,2.48,25/10/2024,23/04/2027,active,eth-registry:2976a5e5,False
did:example:9a9a7dc5262581e3,did:example:university1,academic,StudentID,15,1.91,05/06/2024,22/02/2027,revoked,eth-registry:55c72594,True
did:example:c6b1dc541d45b230,did:example:gov_issuer,government,ProofOfResidence,15,2.65,23/04/2024,03/04/2027,active,eth-registry:3cfebdb9,True
did:example:5b0c2e20edb1e37e,did:example:university1,academic,StudentID,15,2.04,22/03/2024,08/10/2025,active,eth-registry:c1c6c5b6,True
did:example:8f9fc91277a4588f,did:example:university1,academic,StudentID,13,1.98,13/07/2024,22/01/2027,active,eth-registry:6f690e4e,True
did:example:11a7ed9e75e68326,did:example:employer1,professional,EmployeeID,10,1.76,10/01/2025,13/05/2026,revoked,eth-registry:1845d9a6,False
did:example:d02091ef9aa14b6d,did:example:employer1,professional,EmployeeID,13,1.88,28/01/2025,15/06/2026,active,eth-registry:87920d84,True
did:example:5ee32bdfc1388cd4,did:example:university1,academic,StudentID,15,2.25,22/12/2025,16/01/2028,revoked,eth-registry:fa6864de,True
did:example:e29bdff406b649ec,did:example:gov_issuer,government,ProofOfAge,18,2.39,25/06/2025,04/09/2026,revoked,eth-registry:13e8ef32,False
did:example:735835c4c4340800,did:example:university1,academic,StudentID,15,1.97,18/12/2025,11/01/2027,active,eth-registry:dccd123e,False
did:example:debd43658ff1c837,did:example:employer1,professional,EmployeeID,10,1.98,05/07/2025,01/07/2028,revoked,eth-registry:4d2904ca,False
did:example:23ef364ed5781cfd,did:example:employer1,professional,EmployeeID,13,1.82,23/02/2025,03/10/2027,revoked,eth-registry:ed9fe460,True
did:example:9101bea84c285613,did:example:university1,academic,StudentID,14,2.05,19/08/2025,26/12/2027,active,eth-registry:14cfdde4,True
did:example:4c5c194af0876d04,did:example:gov_issuer,government,ProofOfResidence,17,2.38,18/07/2025,27/12/2026,active,eth-registry:5cee3071,False
did:example:3d4d49f1c104dbe0,did:example:employer1,professional,EmployeeID,10,2.0,13/08/2025,07/10/2026,active,eth-registry:5624efb5,True
did:example:f01eaaf5cf2a90c6,did:example:university1,academic,StudentID,12,2.19,01/07/2024,06/10/2025,revoked,eth-registry:e47d1e9f,True
did:example:99ad5b65e7604452,did:example:university1,academic,StudentID,14,1.99,13/06/2025,17/04/2027,revoked,eth-registry:457a2cf3,False
did:example:9c3d846abf285ae5,did:example:university1,academic,StudentID,15,1.94,13/06/2024,24/01/2027,active,eth-registry:6724bb17,True
did:example:3d4fc88bb0c314d4,did:example:employer1,professional,EmployeeID,10,1.68,20/08/2024,27/10/2026,active,eth-registry:4f70a749,False
did:example:f1cb8ddcde1aedb1,did:example:gov_issuer,government,ProofOfAge,14,2.4,31/05/2025,06/02/2028,revoked,eth-registry:aa4699e4,False
did:example:6d5bb2f2f24b06b7,did:example:university1,academic,StudentID,13,1.94,04/01/2025,30/10/2027,revoked,eth-registry:ca8ef087,False
did:example:79b31185af989d23,did:example:employer1,professional,EmployeeID,11,1.69,28/07/2025,16/01/2028,active,eth-registry:07f52b6c,False
did:example:6ff7e74c9ddc8634,did:example:university1,academic,StudentID,15,1.95,10/06/2025,22/08/2026,active,eth-registry:11aa7e5d,False
did:example:e47209630f4153d9,did:example:employer1,professional,EmployeeID,14,1.75,26/06/2025,14/12/2026,revoked,eth-registry:4ab2e691,False
did:example:5688a99a76879814,did:example:gov_issuer,government,ProofOfAge,16,2.49,18/04/2024,20/12/2025,active,eth-registry:b53271b6,False
did:example:40aa723eec70c9fd,did:example:employer1,professional,EmployeeID,14,1.78,17/03/2024,06/04/2026,active,eth-registry:76f5fdbf,True
did:example:f5752a072cb441b9,did:example:employer1,professional,EmployeeID,11,1.93,30/06/2024,30/01/2027,revoked,eth-registry:7b32bf87,True
did:example:9cfe4aa5fb406867,did:example:employer1,professional,EmployeeID,14,1.7,17/09/2024,26/08/2027,revoked,eth-registry:94778f21,False
did:example:e2ecf6907801abcb,did:example:employer1,professional,EmployeeID,12,1.95,22/08/2025,09/08/2028,revoked,eth-registry:d026fd09,True
did:example:ac234a230d5563a8,did:example:employer1,professional,EmployeeID,12,1.96,02/02/2024,16/01/2026,revoked,eth-registry:31bf706b,True
did:example:ade853fcc3acfd68,did:example:gov_issuer,government,ProofOfAge,14,2.68,29/01/2025,23/01/2028,active,eth-registry:83c98208,False
did:example:d5893a4c4cec3319,did:example:university1,academic,StudentID,12,1.97,28/07/2025,21/06/2028,revoked,eth-registry:e9f306d0,True
did:example:15c087885e7bb2c1,did:example:university1,academic,StudentID,12,2.0,22/09/2024,21/01/2026,revoked,eth-registry:591ac909,False
did:example:e22dd29a1972f97d,did:example:university1,academic,StudentID,13,2.15,15/08/2024,22/12/2026,revoked,eth-registry:d61a9809,False
did:example:564f664d42230072,did:example:employer1,professional,EmployeeID,10,1.66,29/05/2024,14/04/2026,active,eth-registry:8217606d,True
did:example:3d39d0b486c0cd3a,did:example:university1,academic,StudentID,12,1.93,10/11/2024,20/07/2027,active,eth-registry:36d9999b,True
did:example:8b905a2575f373c4,did:example:university1,academic,StudentID,14,1.93,26/03/2025,20/12/2027,active,eth-registry:439e8117,False
did:example:f6dea46cbd5cd817,did:example:gov_issuer,government,ProofOfAge,18,2.54,27/02/2025,17/07/2026,revoked,eth-registry:afac14ad,True
did:example:3a6e268f56f7d4eb,did:example:gov_issuer,government,ProofOfAge,14,2.62,13/09/2025,28/11/2027,active,eth-registry:ede05c60,True
did:example:29d4a24aad4c3217,did:example:university1,academic,StudentID,14,2.0,01/01/2024,08/11/2026,revoked,eth-registry:cf388170,True
did:example:bf3d46c8fc66aa8e,did:example:gov_issuer,government,ProofOfAge,18,2.67,01/08/2024,01/12/2026,revoked,eth-registry:bf765345,True
did:example:354b07b427745e62,did:example:gov_issuer,government,ProofOfAge,16,2.62,15/09/2024,31/05/2027,revoked,eth-registry:096d553c,False
did:example:f86001dcd10955d2,did:example:employer1,professional,EmployeeID,10,1.63,13/10/2024,25/03/2027,revoked,eth-registry:dbf04df5,True
did:example:515446aed2a53120,did:example:university1,academic,StudentID,12,2.06,15/06/2025,09/01/2028,active,eth-registry:dfd20a8e,False
did:example:5f46eed3623552f8,did:example:university1,academic,StudentID,15,1.93,14/03/2024,23/11/2026,revoked,eth-registry:34c37695,False
did:example:08e322d4d1158f79,did:example:university1,academic,StudentID,13,2.27,28/07/2024,16/06/2027,revoked,eth-registry:ff366b48,True
did:example:d45c14ea3d9f76e4,did:example:university1,academic,StudentID,12,2.2,09/02/2024,02/07/2025,revoked,eth-registry:79a6b73f,True
did:example:bcc5b371ba968780,did:example:gov_issuer,government,ProofOfResidence,18,2.57,21/02/2025,20/09/2027,active,eth-registry:54533502,True
did:example:67bfbb1915057986,did:example:university1,academic,StudentID,15,2.17,05/12/2025,11/09/2027,active,eth-registry:6a9f4908,False
did:example:037ff12159a29b74,did:example:university1,academic,StudentID,14,2.01,15/12/2025,09/02/2028,revoked,eth-registry:4e7b3865,True
did:example:5d7c4727e33ce7ff,did:example:employer1,professional,EmployeeID,10,1.97,05/02/2024,30/05/2026,active,eth-registry:495106f2,False
did:example:32b1a6176e13d28a,did:example:employer1,professional,EmployeeID,10,1.97,27/03/2024,14/07/2026,active,eth-registry:c9962548,False
did:example:9cf49eac912b437e,did:example:gov_issuer,government,ProofOfResidence,15,2.6,21/02/2025,14/07/2026,revoked,eth-registry:ad819fc5,False
did:example:d74d099ff3499323,did:example:employer1,professional,EmployeeID,10,1.79,15/07/2024,07/03/2027,active,eth-registry:7dcc3f62,False
did:example:ba7b00af9dc5b2d3,did:example:university1,academic,StudentID,14,1.92,17/06/2024,21/11/2026,revoked,eth-registry:06ac6817,True
did:example:7ef5e4a5d7afb9c4,did:example:gov_issuer,government,ProofOfAge,15,2.31,14/05/2025,12/11/2027,revoked,eth-registry:9705bd74,True
did:example:56e3da7a093fb1d2,did:example:gov_issuer,government,ProofOfAge,17,2.36,12/08/2024,05/11/2026,revoked,eth-registry:ead877df,True
did:example:9c6bf62a588561c3,did:example:employer1,professional,EmployeeID,10,1.84,13/03/2025,19/05/2027,revoked,eth-registry:2cb38396,False
did:example:775b2dc934f91ade,did:example:university1,academic,StudentID,14,2.22,29/01/2024,18/08/2025,active,eth-registry:e7b5aeb9,True
did:example:e964140496509f33,did:example:gov_issuer,government,ProofOfAge,18,2.68,15/12/2025,25/02/2028,active,eth-registry:87186dd7,False
did:example:ded6798e7834aa8a,did:example:gov_issuer,government,ProofOfResidence,14,2.37,02/03/2024,23/09/2025,revoked,eth-registry:4d83d984,False
did:example:e14eb5f54f3bbc4e,did:example:employer1,professional,EmployeeID,13,1.71,26/01/2024,30/10/2026,revoked,eth-registry:2dc196d0,False
did:example:11d4b22854c0b3f9,did:example:university1,academic,StudentID,14,1.92,01/11/2024,07/12/2025,revoked,eth-registry:a013c50e,True
did:example:ab3e2845599bfcb6,did:example:employer1,professional,EmployeeID,10,2.0,03/10/2025,10/10/2026,revoked,eth-registry:60efbb2c,True
did:example:968cc1d0c61e495b,did:example:employer1,professional,EmployeeID,11,1.91,11/04/2025,25/09/2027,revoked,eth-registry:525c0f12,True
did:example:aa76ab65b2d7bf45,did:example:gov_issuer,government,ProofOfResidence,17,2.49,23/12/2024,31/05/2027,revoked,eth-registry:e09e45ef,True
did:example:05d024baa1cc52c1,did:example:employer1,professional,EmployeeID,14,1.83,21/07/2024,03/09/2026,revoked,eth-registry:b96c35bf,False
did:example:174af4688e3f802e,did:example:employer1,professional,EmployeeID,11,1.82,14/06/2024,01/08/2026,active,eth-registry:6073c818,True
did:example:82fdf2a7218c26b7,did:example:university1,academic,StudentID,12,2.0,22/04/2025,17/05/2026,revoked,eth-registry:c085b397,False
did:example:3458a2706ff99136,did:example:university1,academic,StudentID,12,1.97,02/01/2025,06/09/2027,revoked,eth-registry:649191ca,False
did:example:db3287142510a0f2,did:example:university1,academic,StudentID,15,2.02,24/03/2025,03/12/2027,active,eth-registry:e2c4528b,True
did:example:f53d7ab3ee5fb08b,did:example:university1,academic,StudentID,14,2.0,28/10/2024,27/03/2026,active,eth-registry:9bf3baf3,False
did:example:8ae4a371162cb7fd,did:example:employer1,professional,EmployeeID,12,1.82,07/08/2024,18/08/2025,revoked,eth-registry:7cd81383,True
did:example:47b5878f1088ab83,did:example:gov_issuer,government,ProofOfAge,14,2.42,11/05/2024,30/05/2026,revoked,eth-registry:4a5c4204,False
did:example:5013c912f0cf4816,did:example:university1,academic,StudentID,15,2.19,01/08/2024,01/02/2026,revoked,eth-registry:2c1a927b,False
did:example:6202269ba2384067,did:example:gov_issuer,government,ProofOfAge,16,2.53,09/06/2024,10/09/2025,revoked,eth-registry:fa9fcafc,False
did:example:2633460339e142c1,did:example:university1,academic,StudentID,14,2.11,22/12/2024,14/03/2026,revoked,eth-registry:d62e0f70,False
did:example:592cb7f34a50931c,did:example:employer1,professional,EmployeeID,14,1.98,29/07/2024,23/11/2026,active,eth-registry:73573370,True
did:example:f1f564144d5731af,did:example:gov_issuer,government,ProofOfAge,16,2.43,04/08/2025,23/04/2027,revoked,eth-registry:03b41adc,True
did:example:462df6143afd4ea7,did:example:university1,academic,StudentID,15,2.15,07/02/2025,19/08/2027,active,eth-registry:44c04ccf,False
did:example:740c279d1eba50ff,did:example:employer1,professional,EmployeeID,12,1.6,11/08/2024,28/03/2026,active,eth-registry:a6d14c49,False
did:example:d00e30dae5624482,did:example:employer1,professional,EmployeeID,11,1.89,01/03/2024,30/05/2026,active,eth-registry:b31a3d1c,False
did:example:9e831db58c4f9c54,did:example:employer1,professional,EmployeeID,14,1.8,30/03/2024,14/10/2025,active,eth-registry:41ace86f,True
did:example:816f84f57d6c7540,did:example:university1,academic,StudentID,14,1.98,05/03/2024,14/04/2026,revoked,eth-registry:15e7deec,False
did:example:06fb0d4421e9e45d,did:example:university1,academic,StudentID,15,1.9,23/08/2024,15/01/2027,revoked,eth-registry:e3135a99,True
did:example:04b209b5fbcb47ab,did:example:gov_issuer,government,ProofOfAge,15,2.58,30/08/2024,08/05/2026,revoked,eth-registry:9fa71e22,False
did:example:d3631b97d5712c7f,did:example:employer1,professional,EmployeeID,13,1.87,05/02/2024,15/11/2026,active,eth-registry:587bc507,True
did:example:f6ab853e2f65670f,did:example:gov_issuer,government,ProofOfAge,16,2.57,01/06/2025,11/09/2027,revoked,eth-registry:411440e2,False
did:example:7d79493fda1d644a,did:example:university1,academic,StudentID,12,2.07,21/01/2025,17/06/2026,revoked,eth-registry:1bc56e2f,False
did:example:5c549416586e02be,did:example:gov_issuer,government,ProofOfAge,15,2.56,16/12/2025,03/10/2028,revoked,eth-registry:306baa52,False
did:example:110951526a287b39,did:example:university1,academic,StudentID,15,2.13,10/10/2025,09/10/2027,revoked,eth-registry:8a46070e,False
did:example:06c0d19c18e98642,did:example:university1,academic,StudentID,14,2.0,09/01/2024,19/06/2026,revoked,eth-registry:7980a258,True
did:example:748f67ceeedf328a,did:example:employer1,professional,EmployeeID,13,1.81,26/05/2025,02/02/2027,revoked,eth-registry:d8b5fcf1,True
did:example:949f5de16583fc11,did:example:gov_issuer,government,ProofOfResidence,14,2.51,11/12/2025,27/12/2026,revoked,eth-registry:d77ec05e,False
did:example:d9edb38bbc4fa88e,did:example:gov_issuer,government,ProofOfResidence,15,2.63,08/08/2025,23/09/2027,active,eth-registry:22ed95c5,True
did:example:d5e3c65bf86c9d69,did:example:employer1,professional,EmployeeID,14,1.77,16/05/2025,22/05/2027,active,eth-registry:22efb8c7,False
did:example:c1cda123ca2f8c47,did:example:university1,academic,StudentID,13,2.07,11/04/2024,22/09/2026,revoked,eth-registry:d3155005,True
did:example:906f502f3d54cce4,did:example:university1,academic,StudentID,15,2.29,20/10/2025,10/04/2028,revoked,eth-registry:a9d1f517,True
did:example:b2fc351b1a2bdf63,did:example:employer1,professional,EmployeeID,14,1.96,23/08/2025,08/01/2028,active,eth-registry:bd32ee66,False
did:example:61563f680ef96dd3,did:example:university1,academic,StudentID,13,2.0,27/01/2025,30/01/2027,active,eth-registry:c5dd8e06,True
did:example:24f78f74e4d1dacb,did:example:employer1,professional,EmployeeID,14,1.96,04/11/2025,08/11/2026,active,eth-registry:1afc86a1,True
did:example:c9dd266574093e14,did:example:gov_issuer,government,ProofOfResidence,17,2.36,04/12/2024,09/02/2027,revoked,eth-registry:6182289d,False
did:example:879b8025bad7caf2,did:example:university1,academic,StudentID,12,2.24,24/01/2025,19/12/2027,active,eth-registry:2ae714dc,False
did:example:47cf0124a0e6992f,did:example:gov_issuer,government,ProofOfAge,14,2.37,27/07/2025,23/05/2028,active,eth-registry:40e831f1,True
did:example:d6506fc2464dd87a,did:example:employer1,professional,EmployeeID,10,1.77,10/06/2025,08/08/2026,active,eth-registry:69c3ee1e,True
did:example:449e2f21bf7bb2d2,did:example:gov_issuer,government,ProofOfAge,17,2.69,06/02/2025,06/11/2027,revoked,eth-registry:7881a53c,False
did:example:5d8976c5bfa6c4ca,did:example:employer1,professional,EmployeeID,10,1.64,26/07/2025,08/11/2026,revoked,eth-registry:8af53b08,False
did:example:403723f3820e6324,did:example:university1,academic,StudentID,13,2.24,17/10/2025,15/12/2026,revoked,eth-registry:30d04bba,False
did:example:a224436fa4752b22,did:example:employer1,professional,EmployeeID,12,1.8,19/04/2025,08/05/2026,active,eth-registry:2294c078,False
did:example:8f4248e4f79b23ae,did:example:employer1,professional,EmployeeID,10,1.64,14/10/2025,22/10/2027,revoked,eth-registry:ce492fb0,True
did:example:d01ad0220712b241,did:example:university1,academic,StudentID,13,2.28,27/10/2024,05/03/2026,revoked,eth-registry:5c0433f8,True
did:example:c03fea6c780fa3f9,did:example:employer1,professional,EmployeeID,13,1.82,22/01/2025,21/04/2027,revoked,eth-registry:87ebc0cf,False
did:example:eef90b2674cd270f,did:example:employer1,professional,EmployeeID,14,1.95,19/04/2025,26/03/2027,revoked,eth-registry:e3eaf122,True
did:example:85cb3b6e9354cdd3,did:example:university1,academic,StudentID,13,2.25,23/02/2025,07/11/2027,active,eth-registry:d4798e1f,False
did:example:a6e6e129526dfa52,did:example:university1,academic,StudentID,14,1.91,10/05/2024,10/10/2025,revoked,eth-registry:0825a241,False
did:example:b3a6a26b0e62478e,did:example:university1,academic,StudentID,14,2.01,29/11/2024,11/06/2026,active,eth-registry:14f85e31,True
did:example:80f4e8a17ad7fc90,did:example:gov_issuer,government,ProofOfAge,16,2.43,08/04/2024,21/04/2026,revoked,eth-registry:be25ad79,True
did:example:ef8effca998ae681,did:example:university1,academic,StudentID,14,2.11,18/05/2025,28/08/2026,revoked,eth-registry:5c09644e,False
did:example:82bd0d83c4140026,did:example:university1,academic,StudentID,15,1.93,06/08/2025,06/07/2027,active,eth-registry:9b2c9fe7,False
did:example:ff0f4e058eac8d84,did:example:gov_issuer,government,ProofOfAge,14,2.46,13/05/2025,23/07/2027,active,eth-registry:3c40fe07,True
did:example:6cf9ae6a57a80b48,did:example:employer1,professional,EmployeeID,12,1.93,24/09/2025,19/12/2027,revoked,eth-registry:eef1af62,False
did:example:5e8fbc2a1269d5fa,did:example:university1,academic,StudentID,12,1.97,20/04/2025,27/03/2027,revoked,eth-registry:81d6a9c8,True
did:example:aa483bd982133f1c,did:example:university1,academic,StudentID,15,2.18,04/10/2024,16/12/2025,revoked,eth-registry:dbb8572c,True
did:example:6d45851c5ade02f6,did:example:university1,academic,StudentID,14,2.08,15/02/2024,21/08/2025,revoked,eth-registry:7d35a3f7,True
did:example:18520673ff23aad1,did:example:university1,academic,StudentID,12,1.93,25/01/2024,17/03/2025,active,eth-registry:ce5b51e2,True
did:example:4237aa0637709f63,did:example:employer1,professional,EmployeeID,13,1.67,05/12/2025,24/10/2028,revoked,eth-registry:d1428673,True
did:example:30a124215a481fa2,did:example:gov_issuer,government,ProofOfAge,16,2.36,23/07/2025,20/09/2027,active,eth-registry:a194b564,False
did:example:d8d1e89e4ef27ae5,did:example:employer1,professional,EmployeeID,10,1.85,02/09/2024,22/04/2026,active,eth-registry:e520ce75,True
did:example:5c15d778c47085ea,did:example:university1,academic,StudentID,15,1.93,29/11/2025,07/07/2027,revoked,eth-registry:fa0a81e6,True
did:example:13aa70adeed4d704,did:example:employer1,professional,EmployeeID,11,1.93,28/06/2024,07/08/2025,active,eth-registry:1c3cd442,False
did:example:7f3fb019fbac7eb6,did:example:university1,academic,StudentID,12,2.22,18/07/2025,28/06/2027,revoked,eth-registry:fb45e1cb,False
did:example:d472eca09eb571bc,did:example:gov_issuer,government,ProofOfAge,17,2.33,03/06/2024,15/07/2025,revoked,eth-registry:1ba63cef,True
did:example:b06152d551b645d4,did:example:university1,academic,StudentID,13,2.26,02/06/2025,28/10/2027,revoked,eth-registry:233b2431,False
did:example:7abd53d8d994ee5c,did:example:university1,academic,StudentID,14,2.28,20/02/2024,15/07/2025,revoked,eth-registry:032b7b6f,True
did:example:9e098fb3f3b83613,did:example:gov_issuer,government,ProofOfAge,14,2.32,14/05/2025,26/07/2026,revoked,eth-registry:b79f40be,False
did:example:cc8e062696b0ace5,did:example:employer1,professional,EmployeeID,14,1.98,30/11/2024,23/02/2026,active,eth-registry:903f47fd,True
did:example:8b53b8995bfe39af,did:example:university1,academic,StudentID,13,2.01,01/03/2025,21/03/2026,revoked,eth-registry:603cb829,True
did:example:105d6c2340439465,did:example:gov_issuer,government,ProofOfAge,16,2.57,31/01/2024,14/11/2025,active,eth-registry:ff3508f8,True
did:example:5bf213ab0f2a0add,did:example:university1,academic,StudentID,15,1.97,27/09/2024,08/11/2025,active,eth-registry:cc462dc1,True
did:example:6b682f83666479e1,did:example:university1,academic,StudentID,14,2.23,27/04/2024,24/06/2025,revoked,eth-registry:6736db6c,False
did:example:0a074b2eb0e26dda,did:example:gov_issuer,government,ProofOfResidence,14,2.64,26/03/2025,02/09/2026,active,eth-registry:6fa2f3c8,False
did:example:5b00c46b1d4d3351,did:example:employer1,professional,EmployeeID,12,1.99,04/01/2024,17/02/2026,revoked,eth-registry:7a6fc9a2,False
did:example:1cbfaf8aa4355798,did:example:university1,academic,StudentID,14,2.3,23/10/2025,01/04/2027,active,eth-registry:cd3b73e7,True
did:example:b598279bc0a36e81,did:example:gov_issuer,government,ProofOfResidence,15,2.33,07/05/2024,01/03/2026,active,eth-registry:0bf5d2b7,False
did:example:6c2ea52ce0379ceb,did:example:gov_issuer,government,ProofOfResidence,14,2.56,16/01/2025,25/11/2026,active,eth-registry:ca282171,True
did:example:da3d0e35a5750c3f,did:example:employer1,professional,EmployeeID,10,1.71,28/12/2025,09/03/2028,active,eth-registry:390b6336,False
did:example:7e7510baad6fcbbb,did:example:employer1,professional,EmployeeID,14,1.65,26/10/2024,29/11/2025,active,eth-registry:88ec62a3,True
did:example:25a6f2b99fd65a63,did:example:employer1,professional,EmployeeID,10,1.66,30/01/2025,23/01/2028,active,eth-registry:a9cff9fb,False
did:example:2c98eea6335e6af4,did:example:employer1,professional,EmployeeID,12,1.97,02/12/2025,07/02/2027,revoked,eth-registry:4ae1f747,True
did:example:2fbf42974e842ad9,did:example:university1,academic,StudentID,15,2.17,19/02/2024,13/02/2027,revoked,eth-registry:4f932629,False
did:example:c1c92f7d56af6270,did:example:employer1,professional,EmployeeID,11,1.62,15/02/2025,11/09/2026,active,eth-registry:a95317d5,True
did:example:5a3118d6d4eaf9f7,did:example:university1,academic,StudentID,12,2.29,16/02/2025,17/12/2026,revoked,eth-registry:04189351,False
did:example:33d17e8e3f53b8c9,did:example:gov_issuer,government,ProofOfAge,17,2.62,12/06/2025,30/07/2026,active,eth-registry:17a9d458,True
did:example:a6c4fb1a829d74cc,did:example:university1,academic,StudentID,14,2.02,15/03/2025,08/12/2026,revoked,eth-registry:4a849369,True
did:example:be9d2d9bacb3b0bd,did:example:university1,academic,StudentID,12,2.09,17/12/2024,05/10/2027,active,eth-registry:fc69a32a,False
did:example:ed4a84cab302dcd3,did:example:employer1,professional,EmployeeID,12,1.89,04/02/2025,17/06/2027,active,eth-registry:3ee616b2,False
did:example:d810a662ea77d7df,did:example:university1,academic,StudentID,12,2.17,27/07/2024,25/10/2026,active,eth-registry:3c30b4a6,True
did:example:99501a25077d6a75,did:example:gov_issuer,government,ProofOfAge,15,2.49,02/09/2024,28/05/2026,revoked,eth-registry:c9809fcb,False
did:example:35cac920492fd971,did:example:university1,academic,StudentID,13,2.1,25/11/2025,01/10/2028,active,eth-registry:9b59bf97,False
did:example:4932da88a4b3f16a,did:example:gov_issuer,government,ProofOfResidence,18,2.32,25/04/2025,14/11/2027,active,eth-registry:836bc0c6,True
did:example:2ed62368e0476122,did:example:gov_issuer,government,ProofOfResidence,18,2.5,13/05/2025,13/11/2026,active,eth-registry:475be9b8,True
did:example:1de1a4380a02969f,did:example:university1,academic,StudentID,14,2.04,14/04/2024,27/06/2026,active,eth-registry:1df13780,True
did:example:cb5be51da094340a,did:example:gov_issuer,government,ProofOfResidence,17,2.41,09/10/2024,25/07/2026,revoked,eth-registry:d66d41c2,True
did:example:a99d52892526f478,did:example:gov_issuer,government,ProofOfAge,14,2.41,09/06/2024,01/11/2025,revoked,eth-registry:d0e5547f,True
did:example:1c1c1d40725300c1,did:example:employer1,professional,EmployeeID,10,1.86,24/11/2025,17/03/2028,active,eth-registry:8a5018d8,False
did:example:d126291d306a9a8e,did:example:employer1,professional,EmployeeID,13,1.77,28/12/2025,27/10/2027,active,eth-registry:e2db0e87,False
did:example:87d6b197200824ab,did:example:university1,academic,StudentID,13,2.07,01/09/2024,11/11/2025,revoked,eth-registry:3fb8db52,True
did:example:b066e3429f36fdf9,did:example:employer1,professional,EmployeeID,12,1.66,30/10/2024,23/07/2027,active,eth-registry:7d03a2eb,True
did:example:5bba359b1508f0c8,did:example:university1,academic,StudentID,14,2.28,15/05/2025,01/08/2027,active,eth-registry:fe6a45bc,True
did:example:845ee8992ac15e2b,did:example:employer1,professional,EmployeeID,11,1.69,18/04/2024,27/05/2026,active,eth-registry:8bc5c098,True
did:example:a3250a672c289315,did:example:university1,academic,StudentID,14,2.06,14/02/2025,14/02/2028,revoked,eth-registry:98030173,False
did:example:4781920f909c59e9,did:example:university1,academic,StudentID,14,1.98,07/06/2024,07/11/2026,revoked,eth-registry:5a557c7d,True
did:example:52a4c7a7e7305724,did:example:gov_issuer,government,ProofOfResidence,15,2.58,20/01/2025,05/01/2028,revoked,eth-registry:a03f57e3,True
did:example:6c2f14864769503d,did:example:university1,academic,StudentID,14,2.07,13/06/2025,13/11/2027,active,eth-registry:d58aee35,False
did:example:6919773d57c55e6d,did:example:employer1,professional,EmployeeID,10,1.77,24/06/2025,25/10/2026,active,eth-registry:c95abf3b,True
did:example:a1e266f866299300,did:example:university1,academic,StudentID,13,2.25,25/03/2024,12/03/2026,active,eth-registry:9be1647e,False
did:example:7330478b063b89dc,did:example:university1,academic,StudentID,15,2.2,30/07/2024,06/08/2026,active,eth-registry:cb481bcc,False
did:example:a15cb7552944930e,did:example:university1,academic,StudentID,15,2.11,15/09/2024,19/04/2026,active,eth-registry:760ee87a,False
did:example:c4d22d32ecdd7a82,did:example:gov_issuer,government,ProofOfResidence,14,2.49,14/06/2025,26/01/2027,active,eth-registry:8ef3e581,True
did:example:cab538ca73007708,did:example:university1,academic,StudentID,14,2.28,28/08/2024,06/11/2026,revoked,eth-registry:faf52dc8,False
did:example:2f1374209a79b184,did:example:gov_issuer,government,ProofOfResidence,16,2.68,04/12/2024,30/09/2026,revoked,eth-registry:d8bf5247,True
did:example:74dbe05f78788679,did:example:gov_issuer,government,ProofOfResidence,17,2.58,15/06/2024,05/09/2025,active,eth-registry:e1f1fb4f,True
did:example:9ef00b46d991ed51,did:example:university1,academic,StudentID,15,2.2,09/09/2024,07/11/2026,active,eth-registry:efed6e49,True
did:example:4624e6b35e90903d,did:example:university1,academic,StudentID,12,2.26,14/12/2024,23/02/2027,revoked,eth-registry:7c60ff5d,True
did:example:6b15fcd67d30df81,did:example:university1,academic,StudentID,14,2.29,02/06/2024,20/01/2027,active,eth-registry:4d278831,True
did:example:363793012cd76292,did:example:university1,academic,StudentID,13,1.93,21/03/2024,04/06/2025,active,eth-registry:d8a41b0f,True
did:example:c235385df68cb8e0,did:example:university1,academic,StudentID,12,2.3,14/04/2024,14/03/2026,revoked,eth-registry:d6cbeeee,True
did:example:d4350ab15d656820,did:example:employer1,professional,EmployeeID,12,1.88,29/11/2024,19/09/2027,active,eth-registry:ac161fc4,False
did:example:198bcfe655bcef2d,did:example:gov_issuer,government,ProofOfAge,14,2.54,29/04/2024,08/11/2025,active,eth-registry:92fcdc27,False
did:example:73f6436ec6cfbf60,did:example:gov_issuer,government,ProofOfResidence,17,2.47,24/01/2024,20/07/2026,revoked,eth-registry:4db85f02,False
did:example:0fecfa762ac3fcf2,did:example:gov_issuer,government,ProofOfResidence,16,2.43,01/09/2025,10/05/2027,revoked,eth-registry:bfd1e501,False
did:example:d1e3fcd082eabb9a,did:example:university1,academic,StudentID,14,2.22,10/12/2025,21/04/2027,revoked,eth-registry:27d706f4,True
did:example:2aff3634c74d670a,did:example:university1,academic,StudentID,12,2.16,08/01/2025,11/06/2027,revoked,eth-registry:591883cb,True
did:example:49184904faee8eaf,did:example:employer1,professional,EmployeeID,13,1.68,18/03/2025,12/10/2027,revoked,eth-registry:0a501599,False
did:example:5d4cf2e012f061ae,did:example:employer1,professional,EmployeeID,10,1.84,01/05/2024,28/02/2027,active,eth-registry:905b15a9,True
did:example:b618a551951d918b,did:example:employer1,professional,EmployeeID,11,1.66,24/02/2024,07/08/2026,active,eth-registry:a132fecf,False
did:example:85e764e20b478ec8,did:example:university1,academic,StudentID,13,2.1,28/02/2024,09/10/2025,active,eth-registry:65f2b191,True
did:example:100774d612560b53,did:example:university1,academic,StudentID,14,2.13,19/05/2024,02/11/2026,revoked,eth-registry:415f5a05,False
did:example:6c9105d6d1d580ba,did:example:employer1,professional,EmployeeID,12,1.85,22/03/2024,14/04/2025,active,eth-registry:20dbc374,False
did:example:130eaa435bacdca2,did:example:university1,academic,StudentID,15,1.96,22/06/2025,22/02/2027,active,eth-registry:dd93c396,True
did:example:d1e2bc53767b40b5,did:example:university1,academic,StudentID,15,1.94,17/07/2025,19/12/2026,revoked,eth-registry:94f181d9,False
did:example:28488ae4d391beea,did:example:gov_issuer,government,ProofOfAge,17,2.4,18/06/2025,05/07/2027,revoked,eth-registry:e92d5dad,True
did:example:f072d2cb3762b998,did:example:employer1,professional,EmployeeID,10,1.84,29/07/2024,15/12/2026,revoked,eth-registry:32fd7584,True
did:example:1004462d038997b1,did:example:university1,academic,StudentID,15,2.27,23/09/2024,25/11/2026,revoked,eth-registry:4726fa36,False
did:example:28b64ead33fd947e,did:example:gov_issuer,government,ProofOfAge,15,2.61,19/09/2024,29/01/2026,active,eth-registry:3f97c368,False
did:example:d9be47a906de7b15,did:example:employer1,professional,EmployeeID,14,1.9,18/04/2024,18/01/2026,revoked,eth-registry:16915a4d,True
did:example:132d550a4f9dfa91,did:example:university1,academic,StudentID,15,2.03,11/12/2024,15/02/2026,revoked,eth-registry:ade41cc7,True
did:example:a9f6a01d2345e7d3,did:example:employer1,professional,EmployeeID,10,1.64,26/01/2025,11/03/2027,revoked,eth-registry:69de007a,True
did:example:762afc220a0710c2,did:example:university1,academic,StudentID,12,2.26,29/05/2024,23/11/2026,revoked,eth-registry:4656b802,True
did:example:4156b07fa620dc9f,did:example:employer1,professional,EmployeeID,13,1.8,21/07/2024,15/01/2026,active,eth-registry:06605e79,False
did:example:8b59867dfe1f57d5,did:example:employer1,professional,EmployeeID,10,1.64,09/12/2024,29/12/2026,revoked,eth-registry:8ab29196,False
did:example:40e49050d3c78e0e,did:example:employer1,professional,EmployeeID,14,1.81,11/03/2024,10/12/2026,revoked,eth-registry:3c45d5d8,True
did:example:95a66e498ee930a1,did:example:university1,academic,StudentID,14,2.17,06/03/2025,28/05/2026,revoked,eth-registry:69075da1,True
did:example:d46bf2f55ac4b6a0,did:example:university1,academic,StudentID,14,2.03,09/09/2024,12/08/2027,revoked,eth-registry:65786e93,False
did:example:739157f227149701,did:example:university1,academic,StudentID,15,1.9,02/06/2025,30/01/2027,revoked,eth-registry:ffb69007,False
did:example:7ceeae3a101e5993,did:example:employer1,professional,EmployeeID,11,1.85,02/07/2025,25/02/2027,revoked,eth-registry:4a953e1c,False
did:example:9727bf0d3c0f488d,did:example:employer1,professional,EmployeeID,12,1.62,28/09/2024,04/03/2027,revoked,eth-registry:f4e85ca3,False
did:example:9543e3e76796c947,did:example:employer1,professional,EmployeeID,14,1.77,15/09/2024,23/05/2026,active,eth-registry:482190c6,False
did:example:aa853dfd96e9c512,did:example:gov_issuer,government,ProofOfAge,14,2.63,20/01/2025,12/11/2026,active,eth-registry:a7093d68,True
did:example:e1f8dbfd3ee78216,did:example:employer1,professional,EmployeeID,10,2.0,30/01/2024,06/07/2025,revoked,eth-registry:cf678ca3,False
did:example:ccff21f8135fb49b,did:example:employer1,professional,EmployeeID,10,1.75,20/05/2024,26/08/2025,revoked,eth-registry:eb6db88e,False
did:example:90717185ee56deca,did:example:university1,academic,StudentID,13,1.91,29/03/2024,21/12/2026,active,eth-registry:0027ef0f,False
did:example:5b97bd7d83a07286,did:example:gov_issuer,government,ProofOfResidence,14,2.5,26/07/2024,05/10/2025,revoked,eth-registry:11a78a0c,False
did:example:cd47d8af771e424c,did:example:employer1,professional,EmployeeID,10,1.71,11/03/2025,08/07/2026,active,eth-registry:fce0bc26,False
did:example:21a83d8fbf6887b5,did:example:university1,academic,StudentID,15,2.26,27/06/2024,20/02/2027,revoked,eth-registry:f2e6fb60,False
did:example:26c06928a0c9b354,did:example:employer1,professional,EmployeeID,12,1.88,16/01/2025,22/08/2027,active,eth-registry:94345827,True
did:example:f4298a0cbd5877e0,did:example:university1,academic,StudentID,13,2.06,20/05/2025,24/10/2026,revoked,eth-registry:a2e05b03,False
did:example:3070f358546a3695,did:example:university1,academic,StudentID,13,2.2,08/05/2025,06/01/2028,active,eth-registry:bb5b18b3,False
did:example:20db8296a032771b,did:example:gov_issuer,government,ProofOfAge,18,2.44,23/01/2025,07/07/2027,revoked,eth-registry:735dc512,False
did:example:ef703c8fda8f28a4,did:example:gov_issuer,government,ProofOfResidence,16,2.51,21/02/2025,10/10/2026,revoked,eth-registry:c5d3c890,True
did:example:71b836418e995361,did:example:university1,academic,StudentID,13,2.27,19/11/2024,15/01/2026,revoked,eth-registry:ec15dafa,True
did:example:87d255c8e9c09da0,did:example:university1,academic,StudentID,15,1.98,29/12/2024,19/07/2027,revoked,eth-registry:461bfca5,True
did:example:04f3ee86699364b6,did:example:employer1,professional,EmployeeID,10,1.73,04/08/2025,14/12/2027,active,eth-registry:665d7403,True
did:example:1bc576c25b21a313,did:example:gov_issuer,government,ProofOfResidence,16,2.65,13/12/2024,09/11/2026,revoked,eth-registry:84360ab4,False
did:example:360e5440bc1321c9,did:example:university1,academic,StudentID,14,2.08,14/09/2024,02/04/2026,revoked,eth-registry:6bc7eae4,False
did:example:4a3831770b4cdb5e,did:example:university1,academic,StudentID,14,2.03,03/12/2025,14/08/2027,active,eth-registry:ac5a9d10,True
did:example:668a402871b8b3ed,did:example:gov_issuer,government,ProofOfAge,18,2.31,01/11/2025,19/05/2027,revoked,eth-registry:154b9f76,False
did:example:c038b4ce0da43eb8,did:example:gov_issuer,government,ProofOfAge,18,2.47,22/09/2025,06/07/2028,revoked,eth-registry:11698202,False
did:example:3a0ca090d57b09ef,did:example:employer1,professional,EmployeeID,11,1.8,22/08/2025,18/01/2027,active,eth-registry:cbd4f3c7,False
did:example:02e0fb32a225a1e2,did:example:university1,academic,StudentID,15,2.06,06/10/2024,02/09/2026,active,eth-registry:a0237bfb,False
did:example:b5ada32b5f3dd176,did:example:gov_issuer,government,ProofOfResidence,15,2.41,02/12/2025,14/03/2028,revoked,eth-registry:f7cc85e0,False
did:example:dc37b3522c563350,did:example:gov_issuer,government,ProofOfResidence,15,2.45,22/04/2025,01/06/2026,active,eth-registry:28485ce9,False
did:example:50507dbba94bfaba,did:example:gov_issuer,government,ProofOfAge,18,2.56,13/10/2025,14/10/2027,revoked,eth-registry:a9d3c792,True
did:example:e48dd99b0c2e1747,did:example:university1,academic,StudentID,12,2.26,15/01/2024,22/04/2026,active,eth-registry:64582eb1,False
did:example:ba1b67e3caba2641,did:example:employer1,professional,EmployeeID,11,1.86,19/03/2024,08/04/2026,revoked,eth-registry:d85d2d2b,True
did:example:17d9dd68ce407188,did:example:university1,academic,StudentID,14,2.16,16/01/2024,10/05/2026,active,eth-registry:9b946744,False
did:example:68d44b9c0608811d,did:example:gov_issuer,government,ProofOfResidence,16,2.63,29/12/2025,20/12/2027,active,eth-registry:168c2fe0,False
did:example:62ce92df57f5134a,did:example:university1,academic,StudentID,15,1.97,20/08/2024,26/11/2026,active,eth-registry:f56a5f09,False
did:example:4e4e7ddb8ec2a064,did:example:gov_issuer,government,ProofOfAge,15,2.42,29/01/2024,12/01/2027,revoked,eth-registry:6ca492f9,False
did:example:9b4b7cc4f9a79057,did:example:employer1,professional,EmployeeID,12,1.62,05/07/2025,25/03/2027,revoked,eth-registry:0c65c524,False
did:example:de36cdfee80b3b7a,did:example:university1,academic,StudentID,12,2.04,01/08/2025,18/04/2027,active,eth-registry:fae6af1f,False
did:example:c52a312d1278d7a8,did:example:gov_issuer,government,ProofOfResidence,15,2.7,07/11/2025,17/03/2028,revoked,eth-registry:0f5fa694,True
did:example:8b627668bc618ee1,did:example:employer1,professional,EmployeeID,10,1.73,27/02/2025,03/05/2026,active,eth-registry:9fe6eb83,True
did:example:079a4c83142c9fcf,did:example:employer1,professional,EmployeeID,13,1.94,14/05/2025,12/12/2026,revoked,eth-registry:a32f6f66,False
did:example:ab1cb1ee3b6a7c65,did:example:gov_issuer,government,ProofOfResidence,15,2.33,27/03/2025,26/07/2026,revoked,eth-registry:fb85bfd3,False
did:example:aa6bbcae597d2807,did:example:university1,academic,StudentID,14,2.08,31/05/2025,05/05/2027,active,eth-registry:f1cfd498,True
did:example:01d2d043c090c62e,did:example:university1,academic,StudentID,13,2.04,13/01/2025,11/04/2026,revoked,eth-registry:1f358c7a,True
did:example:e1c36041d3c62bb6,did:example:gov_issuer,government,ProofOfResidence,16,2.38,24/01/2024,30/06/2025,active,eth-registry:77fad58d,True
did:example:d3daaf47ab487bbe,did:example:employer1,professional,EmployeeID,14,1.75,02/05/2024,08/03/2026,revoked,eth-registry:273fe948,False
did:example:29506e153e1ed155,did:example:gov_issuer,government,ProofOfAge,18,2.56,10/11/2025,01/02/2028,active,eth-registry:d4ff2540,False
did:example:122f3fdaaf8fddb6,did:example:employer1,professional,EmployeeID,10,1.8,05/02/2024,15/12/2025,active,eth-registry:d7c4f2c1,True
did:example:942e93d54e4c2c6d,did:example:employer1,professional,EmployeeID,13,1.94,04/03/2024,17/10/2026,active,eth-registry:1c762755,True
did:example:a5be336e1de163fc,did:example:employer1,professional,EmployeeID,14,1.96,08/08/2025,14/03/2028,active,eth-registry:5b43e7f4,True
did:example:308537a4012e985b,did:example:employer1,professional,EmployeeID,13,1.79,23/11/2025,02/02/2027,revoked,eth-registry:a1974d5e,True
did:example:6a3d8b95ca99140e,did:example:university1,academic,StudentID,12,2.29,22/11/2024,14/04/2027,revoked,eth-registry:a339e6c8,True
did:example:5ab49ee632a886ac,did:example:gov_issuer,government,ProofOfAge,17,2.33,13/04/2024,02/05/2025,active,eth-registry:18d04854,False
did:example:785c92f01e3f5957,did:example:employer1,professional,EmployeeID,13,1.71,06/03/2025,10/07/2026,revoked,eth-registry:90f1f0ec,False
did:example:ebdad2c8f7ccbefa,did:example:university1,academic,StudentID,14,2.07,25/01/2024,03/08/2026,active,eth-registry:16f49fd6,True
did:example:b495edba96724c03,did:example:university1,academic,StudentID,13,2.13,20/09/2024,19/11/2026,active,eth-registry:c8a0ac98,True
did:example:1e2478d6c1901358,did:example:employer1,professional,EmployeeID,12,1.82,15/02/2025,09/10/2026,revoked,eth-registry:13176d82,False
did:example:f6d14070fff92f3e,did:example:university1,academic,StudentID,14,2.13,05/10/2025,25/01/2027,revoked,eth-registry:f8414cd2,True
did:example:6a56128af1f1685d,did:example:university1,academic,StudentID,13,2.26,24/03/2024,15/11/2025,active,eth-registry:a941120e,True
did:example:579db086be7ff250,did:example:gov_issuer,government,ProofOfResidence,17,2.41,19/03/2025,09/10/2027,revoked,eth-registry:7410ea33,True
did:example:46b3b937064c26bd,did:example:university1,academic,StudentID,14,2.23,22/01/2024,09/03/2026,revoked,eth-registry:a3160c69,False
did:example:95cfc30986e79357,did:example:employer1,professional,EmployeeID,11,1.82,06/12/2024,11/03/2026,active,eth-registry:baf9e08b,True
did:example:02b642a88d76309a,did:example:gov_issuer,government,ProofOfResidence,17,2.5,03/05/2025,23/04/2027,active,eth-registry:b8afea0f,False
did:example:631eadc9af7ddd55,did:example:gov_issuer,government,ProofOfResidence,17,2.42,27/01/2024,22/06/2025,revoked,eth-registry:1c5ef05e,False
did:example:d737f8289479059d,did:example:university1,academic,StudentID,13,2.02,23/06/2025,19/09/2026,active,eth-registry:812ccc0e,True
